cultivo,anio,campania,provincia,provincia_id,departamento,departamento_id,superficie_sembrada_ha,superficie_cosechada_ha,produccion_tm,rendimiento_kgxha
sorgo,1969,1969/1970,Buenos Aires,06,25 de Mayo,06854,3000,3000,10200,3400
sorgo,1969,1969/1970,Buenos Aires,06,9 de Julio,06588,11000,11000,40700,3700
sorgo,1969,1969/1970,Buenos Aires,06,Adolfo Alsina,06007,7000,7000,16800,2400
sorgo,1969,1969/1970,Buenos Aires,06,Adolfo Gonzales Chaves,06014,1400,100,110,1100
sorgo,1969,1969/1970,Buenos Aires,06,Alberti,06021,2200,2200,7920,3600
sorgo,1969,1969/1970,Buenos Aires,06,Arrecifes,06077,2200,2000,7000,3500
sorgo,1969,1969/1970,Buenos Aires,06,Ayacucho,06042,2500,250,625,2500
sorgo,1969,1969/1970,Buenos Aires,06,Azul,06049,5000,750,2625,3500
sorgo,1969,1969/1970,Buenos Aires,06,Bahía Blanca,06056,2000,0,0,0
sorgo,1969,1969/1970,Buenos Aires,06,Balcarce,06063,800,0,0,0
sorgo,1969,1969/1970,Buenos Aires,06,Baradero,06070,2700,2450,8330,3400
sorgo,1969,1969/1970,Buenos Aires,06,Benito Juárez,06084,4000,500,550,1100
sorgo,1969,1969/1970,Buenos Aires,06,Berazategui,06091,580,400,1260,3150
sorgo,1969,1969/1970,Buenos Aires,06,Bolívar,06105,4000,4000,13200,3300
sorgo,1969,1969/1970,Buenos Aires,06,Bragado,06112,2500,2500,8750,3500
sorgo,1969,1969/1970,Buenos Aires,06,Brandsen,06119,200,110,330,3000
sorgo,1969,1969/1970,Buenos Aires,06,Cañuelas,06134,400,280,840,3000
sorgo,1969,1969/1970,Buenos Aires,06,Capitán Sarmiento,06140,1600,1400,5180,3700
sorgo,1969,1969/1970,Buenos Aires,06,Carlos Casares,06147,5500,5500,18150,3300
sorgo,1969,1969/1970,Buenos Aires,06,Carlos Tejedor,06154,8000,5000,8400,1680
sorgo,1969,1969/1970,Buenos Aires,06,Carmen de Areco,06161,3400,3100,11780,3800
sorgo,1969,1969/1970,Buenos Aires,06,Chacabuco,06210,5000,5000,20000,4000
sorgo,1969,1969/1970,Buenos Aires,06,Chascomús,06217,1000,0,0,0
sorgo,1969,1969/1970,Buenos Aires,06,Chivilcoy,06224,4400,4400,15840,3600
sorgo,1969,1969/1970,Buenos Aires,06,Colón,06175,2100,2100,8400,4000
sorgo,1969,1969/1970,Buenos Aires,06,Coronel de Marina Leonardo Rosales,06182,1000,0,0,0
sorgo,1969,1969/1970,Buenos Aires,06,Coronel Dorrego,06189,1200,100,100,1000
sorgo,1969,1969/1970,Buenos Aires,06,Coronel Pringles,06196,4500,400,440,1100
sorgo,1969,1969/1970,Buenos Aires,06,Coronel Suárez,06203,20000,20000,60000,3000
sorgo,1969,1969/1970,Buenos Aires,06,Daireaux,06231,6000,6000,12000,2000
sorgo,1969,1969/1970,Buenos Aires,06,Dolores,06238,300,0,0,0
sorgo,1969,1969/1970,Buenos Aires,06,Esteban Echeverría,06260,50,0,0,0
sorgo,1969,1969/1970,Buenos Aires,06,Exaltación de la Cruz,06266,4000,4000,12000,3000
sorgo,1969,1969/1970,Buenos Aires,06,General Alvarado,06280,500,0,0,0
sorgo,1969,1969/1970,Buenos Aires,06,General Alvear,06287,1500,1500,4800,3200
sorgo,1969,1969/1970,Buenos Aires,06,General Arenales,06294,1500,1500,6000,4000
sorgo,1969,1969/1970,Buenos Aires,06,General Belgrano,06301,800,540,1792,3319
sorgo,1969,1969/1970,Buenos Aires,06,General Guido,06308,500,0,0,0
sorgo,1969,1969/1970,Buenos Aires,06,General Juan Madariaga,06315,500,0,0,0
sorgo,1969,1969/1970,Buenos Aires,06,General La Madrid,06322,22000,22000,61600,2800
sorgo,1969,1969/1970,Buenos Aires,06,General Las Heras,06329,200,170,510,3000
sorgo,1969,1969/1970,Buenos Aires,06,General Paz,06343,600,330,990,3000
sorgo,1969,1969/1970,Buenos Aires,06,General Pinto,06351,16000,16000,42200,2638
sorgo,1969,1969/1970,Buenos Aires,06,General Pueyrredón,06357,400,0,0,0
sorgo,1969,1969/1970,Buenos Aires,06,General Rodríguez,06364,200,200,500,2500
sorgo,1969,1969/1970,Buenos Aires,06,General Viamonte,06385,6500,6500,27300,4200
sorgo,1969,1969/1970,Buenos Aires,06,General Villegas,06392,35000,15000,36000,2400
sorgo,1969,1969/1970,Buenos Aires,06,Guaminí,06399,12000,12000,24000,2000
sorgo,1969,1969/1970,Buenos Aires,06,Hipólito Yrigoyen,06406,5000,5000,15000,3000
sorgo,1969,1969/1970,Buenos Aires,06,Junín,06413,4000,4000,16800,4200
sorgo,1969,1969/1970,Buenos Aires,06,La Matanza,06427,100,45,140,3111
sorgo,1969,1969/1970,Buenos Aires,06,La Plata,06441,400,160,448,2800
sorgo,1969,1969/1970,Buenos Aires,06,Laprida,06448,8000,1000,1100,1100
sorgo,1969,1969/1970,Buenos Aires,06,Las Flores,06455,2500,375,937,2499
sorgo,1969,1969/1970,Buenos Aires,06,Leandro N. Alem,06462,6000,6000,22200,3700
sorgo,1969,1969/1970,Buenos Aires,06,Lincoln,06469,10000,10000,38000,3800
sorgo,1969,1969/1970,Buenos Aires,06,Lobería,06476,1000,0,0,0
sorgo,1969,1969/1970,Buenos Aires,06,Lobos,06483,1000,450,1350,3000
sorgo,1969,1969/1970,Buenos Aires,06,Luján,06497,1300,1300,3250,2500
sorgo,1969,1969/1970,Buenos Aires,06,Magdalena,06505,600,240,720,3000
sorgo,1969,1969/1970,Buenos Aires,06,Maipú,06511,700,0,0,0
sorgo,1969,1969/1970,Buenos Aires,06,Mar Chiquita,06518,800,0,0,0
sorgo,1969,1969/1970,Buenos Aires,06,Marcos Paz,06525,200,90,270,3000
sorgo,1969,1969/1970,Buenos Aires,06,Mercedes,06532,2100,1330,3857,2900
sorgo,1969,1969/1970,Buenos Aires,06,Monte,06547,2500,880,2640,3000
sorgo,1969,1969/1970,Buenos Aires,06,Navarro,06574,2500,1380,4140,3000
sorgo,1969,1969/1970,Buenos Aires,06,Necochea,06581,2000,300,360,1200
sorgo,1969,1969/1970,Buenos Aires,06,Olavarría,06595,4000,4000,16000,4000
sorgo,1969,1969/1970,Buenos Aires,06,Patagones,06602,500,0,0,0
sorgo,1969,1969/1970,Buenos Aires,06,Pehuajó,06609,12000,12000,36000,3000
sorgo,1969,1969/1970,Buenos Aires,06,Pellegrini,06616,17000,17000,34000,2000
sorgo,1969,1969/1970,Buenos Aires,06,Pergamino,06623,4000,3600,12960,3600
sorgo,1969,1969/1970,Buenos Aires,06,Pila,06630,500,0,0,0
sorgo,1969,1969/1970,Buenos Aires,06,Pilar,06638,500,500,1050,2100
sorgo,1969,1969/1970,Buenos Aires,06,Puán,06651,4000,0,0,0
sorgo,1969,1969/1970,Buenos Aires,06,Ramallo,06665,3500,3200,10880,3400
sorgo,1969,1969/1970,Buenos Aires,06,Rauch,06672,1500,150,330,2200
sorgo,1969,1969/1970,Buenos Aires,06,Rivadavia,06679,20000,10000,16800,1680
sorgo,1969,1969/1970,Buenos Aires,06,Rojas,06686,2800,2800,12600,4500
sorgo,1969,1969/1970,Buenos Aires,06,Roque Pérez,06693,3200,1340,3752,2800
sorgo,1969,1969/1970,Buenos Aires,06,Saavedra,06700,7000,7000,21000,3000
sorgo,1969,1969/1970,Buenos Aires,06,Saladillo,06707,2000,2000,6600,3300
sorgo,1969,1969/1970,Buenos Aires,06,Salliqueló,06721,11000,11000,27500,2500
sorgo,1969,1969/1970,Buenos Aires,06,Salto,06714,2700,2400,9360,3900
sorgo,1969,1969/1970,Buenos Aires,06,San Andrés de Giles,06728,2500,2500,8750,3500
sorgo,1969,1969/1970,Buenos Aires,06,San Antonio de Areco,06735,2300,2050,7995,3900
sorgo,1969,1969/1970,Buenos Aires,06,San Cayetano,06742,1000,100,120,1200
sorgo,1969,1969/1970,Buenos Aires,06,San Nicolás,06763,1700,1500,5400,3600
sorgo,1969,1969/1970,Buenos Aires,06,San Pedro,06770,3800,3400,11900,3500
sorgo,1969,1969/1970,Buenos Aires,06,San Vicente,06778,70,0,0,0
sorgo,1969,1969/1970,Buenos Aires,06,Suipacha,06784,1400,830,2407,2900
sorgo,1969,1969/1970,Buenos Aires,06,Tandil,06791,8000,800,3080,3850
sorgo,1969,1969/1970,Buenos Aires,06,Tapalqué,06798,3000,300,660,2200
sorgo,1969,1969/1970,Buenos Aires,06,Tornquist,06819,5000,0,0,0
sorgo,1969,1969/1970,Buenos Aires,06,Trenque Lauquen,06826,15000,9000,17692,1966
sorgo,1969,1969/1970,Buenos Aires,06,Tres Arroyos,06833,3800,300,330,1100
sorgo,1969,1969/1970,Buenos Aires,06,Villarino,06875,1500,0,0,0
sorgo,1969,1969/1970,Buenos Aires,06,Zárate,06882,2200,2200,4400,2000
sorgo,1969,1969/1970,Catamarca,10,Ambato,10007,9,9,9,1000
sorgo,1969,1969/1970,Catamarca,10,Ancasti,10014,14,14,14,1000
sorgo,1969,1969/1970,Catamarca,10,Capayán,10042,11,11,11,1000
sorgo,1969,1969/1970,Catamarca,10,Capital,10049,3,3,3,1000
sorgo,1969,1969/1970,Catamarca,10,Fray Mamerto Esquiú,10063,11,11,11,1000
sorgo,1969,1969/1970,Catamarca,10,La Paz,10070,17,17,17,1000
sorgo,1969,1969/1970,Catamarca,10,Paclín,10077,21,21,21,1000
sorgo,1969,1969/1970,Catamarca,10,Valle Viejo,10112,14,14,14,1000
sorgo,1969,1969/1970,Chaco,22,12 de Octubre,22036,26000,13000,17000,1308
sorgo,1969,1969/1970,Chaco,22,25 de Mayo,22168,9000,7700,15000,1948
sorgo,1969,1969/1970,Chaco,22,9 de Julio,22105,7000,3000,2400,800
sorgo,1969,1969/1970,Chaco,22,Almirante Brown,22007,5000,1500,1000,667
sorgo,1969,1969/1970,Chaco,22,Bermejo,22014,300,300,800,2667
sorgo,1969,1969/1970,Chaco,22,Chacabuco,22028,10000,6000,7800,1300
sorgo,1969,1969/1970,Chaco,22,Comandante Fernández,22021,19000,16500,33000,2000
sorgo,1969,1969/1970,Chaco,22,Fray Justo Santa María de Oro,22043,22000,17000,26000,1529
sorgo,1969,1969/1970,Chaco,22,General Belgrano,22049,8000,2000,1800,900
sorgo,1969,1969/1970,Chaco,22,General Donovan,22056,500,500,1250,2500
sorgo,1969,1969/1970,Chaco,22,General Güemes,22063,5000,3500,5300,1514
sorgo,1969,1969/1970,Chaco,22,Independencia,22070,5000,4000,7000,1750
sorgo,1969,1969/1970,Chaco,22,Libertador General San Martín,22084,23000,22800,66000,2895
sorgo,1969,1969/1970,Chaco,22,Maipú,22091,12000,8500,14000,1647
sorgo,1969,1969/1970,Chaco,22,Mayor Luis J. Fontana,22098,29000,21000,32000,1524
sorgo,1969,1969/1970,Chaco,22,O'Higgins,22112,9000,7000,11500,1643
sorgo,1969,1969/1970,Chaco,22,Presidencia de la Plaza,22119,2500,2000,3500,1750
sorgo,1969,1969/1970,Chaco,22,Quitilipi,22133,10000,8800,17000,1932
sorgo,1969,1969/1970,Chaco,22,San Fernando,22140,2000,1900,4000,2105
sorgo,1969,1969/1970,Chaco,22,San Lorenzo,22147,5000,4000,7000,1750
sorgo,1969,1969/1970,Chaco,22,Sargento Cabral,22154,1000,800,1650,2063
sorgo,1969,1969/1970,Córdoba,14,Calamuchita,14007,6000,5400,7020,1300
sorgo,1969,1969/1970,Córdoba,14,Capital,14014,900,250,225,900
sorgo,1969,1969/1970,Córdoba,14,Colón,14021,7500,2680,2915,1088
sorgo,1969,1969/1970,Córdoba,14,Cruz del Eje,14028,1000,200,160,800
sorgo,1969,1969/1970,Córdoba,14,General Roca,14035,85000,68000,106000,1559
sorgo,1969,1969/1970,Córdoba,14,General San Martín,14042,26000,19500,32400,1662
sorgo,1969,1969/1970,Córdoba,14,Ischilín,14049,2000,850,765,900
sorgo,1969,1969/1970,Córdoba,14,Juárez Celman,14056,74000,63000,131000,2079
sorgo,1969,1969/1970,Córdoba,14,Marcos Juárez,14063,43000,41000,98000,2390
sorgo,1969,1969/1970,Córdoba,14,Pocho,14077,500,350,350,1000
sorgo,1969,1969/1970,Córdoba,14,Presidente Roque Sáenz Peña,14084,90000,76500,127200,1663
sorgo,1969,1969/1970,Córdoba,14,Punilla,14091,300,100,110,1100
sorgo,1969,1969/1970,Córdoba,14,Río Cuarto,14098,110000,90500,188200,2080
sorgo,1969,1969/1970,Córdoba,14,Río Primero,14105,28000,19600,22300,1138
sorgo,1969,1969/1970,Córdoba,14,Río Segundo,14119,60000,45000,51500,1144
sorgo,1969,1969/1970,Córdoba,14,San Alberto,14126,600,420,420,1000
sorgo,1969,1969/1970,Córdoba,14,San Justo,14140,180000,144000,176070,1223
sorgo,1969,1969/1970,Córdoba,14,Santa María,14147,10000,4000,3200,800
sorgo,1969,1969/1970,Córdoba,14,Tercero Arriba,14161,64000,59000,110400,1871
sorgo,1969,1969/1970,Córdoba,14,Totoral,14168,6200,1150,1265,1100
sorgo,1969,1969/1970,Córdoba,14,Unión,14182,65000,39000,40500,1038
sorgo,1969,1969/1970,Corrientes,18,Bella Vista,18007,180,166,249,1500
sorgo,1969,1969/1970,Corrientes,18,Capital,18021,25,24,41,1708
sorgo,1969,1969/1970,Corrientes,18,Concepción,18028,80,75,127,1693
sorgo,1969,1969/1970,Corrientes,18,Curuzu Cuatia,18035,400,380,570,1500
sorgo,1969,1969/1970,Corrientes,18,Empedrado,18042,35,33,63,1909
sorgo,1969,1969/1970,Corrientes,18,Esquina,18049,300,276,359,1301
sorgo,1969,1969/1970,Corrientes,18,General Alvear,18056,75,68,122,1794
sorgo,1969,1969/1970,Corrientes,18,Goya,18070,280,264,400,1515
sorgo,1969,1969/1970,Corrientes,18,Itatí,18077,40,37,70,1892
sorgo,1969,1969/1970,Corrientes,18,Lavalle,18091,200,188,291,1548
sorgo,1969,1969/1970,Corrientes,18,Monte Caseros,18112,290,267,694,2599
sorgo,1969,1969/1970,Corrientes,18,Paso de los Libres,18119,220,203,264,1300
sorgo,1969,1969/1970,Corrientes,18,Saladas,18126,65,60,120,2000
sorgo,1969,1969/1970,Corrientes,18,San Luis del Palmar,18140,55,52,99,1904
sorgo,1969,1969/1970,Corrientes,18,San Martín,18147,65,60,102,1700
sorgo,1969,1969/1970,Corrientes,18,San Miguel,18154,45,42,82,1952
sorgo,1969,1969/1970,Corrientes,18,Santo Tomé,18168,245,225,427,1898
sorgo,1969,1969/1970,Corrientes,18,Sauce,18175,300,280,420,1500
sorgo,1969,1969/1970,Entre Ríos,30,Colón,30008,15000,14200,28400,2000
sorgo,1969,1969/1970,Entre Ríos,30,Concordia,30015,10000,9300,18600,2000
sorgo,1969,1969/1970,Entre Ríos,30,Diamante,30021,8000,7680,14592,1900
sorgo,1969,1969/1970,Entre Ríos,30,Federación,30028,4000,3720,7068,1900
sorgo,1969,1969/1970,Entre Ríos,30,Feliciano,30042,4000,3720,7068,1900
sorgo,1969,1969/1970,Entre Ríos,30,Gualeguay,30049,7800,7338,15409,2100
sorgo,1969,1969/1970,Entre Ríos,30,Gualeguaychú,30056,30200,27446,52147,1900
sorgo,1969,1969/1970,Entre Ríos,30,La Paz,30070,7000,6650,13300,2000
sorgo,1969,1969/1970,Entre Ríos,30,Nogoyá,30077,9000,8370,15903,1900
sorgo,1969,1969/1970,Entre Ríos,30,Paraná,30084,10000,9400,17860,1900
sorgo,1969,1969/1970,Entre Ríos,30,Tala,30091,4500,4278,8556,2000
sorgo,1969,1969/1970,Entre Ríos,30,Uruguay,30098,33000,30108,63117,2096
sorgo,1969,1969/1970,Entre Ríos,30,Victoria,30105,11000,10450,20900,2000
sorgo,1969,1969/1970,Entre Ríos,30,Villaguay,30113,28000,26040,52080,2000
sorgo,1969,1969/1970,Formosa,34,Laishí,34021,2550,2150,7350,3419
sorgo,1969,1969/1970,Formosa,34,Patiño,34035,1500,1200,1400,1167
sorgo,1969,1969/1970,Formosa,34,Pilagás,34042,300,300,750,2500
sorgo,1969,1969/1970,Formosa,34,Pilcomayo,34049,250,250,800,3200
sorgo,1969,1969/1970,Formosa,34,Pirané,34056,7500,7000,21000,3000
sorgo,1969,1969/1970,La Pampa,42,Atreucó,42007,11000,8000,14400,1800
sorgo,1969,1969/1970,La Pampa,42,Caleu Caleu,42014,100,50,75,1500
sorgo,1969,1969/1970,La Pampa,42,Capital,42021,6000,4800,8610,1794
sorgo,1969,1969/1970,La Pampa,42,Catriló,42028,7000,5500,11000,2000
sorgo,1969,1969/1970,La Pampa,42,Chapaleufú,42056,20000,14000,27000,1929
sorgo,1969,1969/1970,La Pampa,42,Conhelo,42035,16000,11000,22000,2000
sorgo,1969,1969/1970,La Pampa,42,Guatraché,42070,8000,6000,11100,1850
sorgo,1969,1969/1970,La Pampa,42,Hucal,42077,1500,1050,1575,1500
sorgo,1969,1969/1970,La Pampa,42,Loventué,42098,600,400,720,1800
sorgo,1969,1969/1970,La Pampa,42,Maracó,42105,15000,12000,21600,1800
sorgo,1969,1969/1970,La Pampa,42,Quemú Quemú,42119,16000,12000,24000,2000
sorgo,1969,1969/1970,La Pampa,42,Rancul,42126,17000,13500,24300,1800
sorgo,1969,1969/1970,La Pampa,42,Realicó,42133,26000,18000,36000,2000
sorgo,1969,1969/1970,La Pampa,42,Toay,42140,2000,1400,2520,1800
sorgo,1969,1969/1970,La Pampa,42,Trenel,42147,18000,13000,26000,2000
sorgo,1969,1969/1970,La Pampa,42,Utracán,42154,2000,1400,2100,1500
sorgo,1969,1969/1970,Salta,66,Anta,66007,1200,1000,3500,3500
sorgo,1969,1969/1970,Salta,66,Metán,66112,3300,3000,10500,3500
sorgo,1969,1969/1970,Salta,66,Rosario de la Frontera,66140,3300,3000,10500,3500
sorgo,1969,1969/1970,San Luis,74,Ayacucho,74007,200,100,70,700
sorgo,1969,1969/1970,San Luis,74,Chacabuco,74028,7000,3700,2960,800
sorgo,1969,1969/1970,San Luis,74,Coronel Pringles,74021,3500,2000,2000,1000
sorgo,1969,1969/1970,San Luis,74,General Pedernera,74035,12000,8100,7100,877
sorgo,1969,1969/1970,San Luis,74,Gobernador Dupuy,74042,2000,900,810,900
sorgo,1969,1969/1970,San Luis,74,Juan Martín de Pueyrredón,74056,1400,1000,900,900
sorgo,1969,1969/1970,San Luis,74,Junín,74049,400,180,144,800
sorgo,1969,1969/1970,San Luis,74,Libertador General San Martín,74063,1000,520,416,800
sorgo,1969,1969/1970,Santa Fe,82,9 de Julio,82077,67000,45000,95000,2111
sorgo,1969,1969/1970,Santa Fe,82,Belgrano,82007,11000,6000,16000,2667
sorgo,1969,1969/1970,Santa Fe,82,Caseros,82014,5000,4000,12000,3000
sorgo,1969,1969/1970,Santa Fe,82,Castellanos,82021,148000,74000,177000,2392
sorgo,1969,1969/1970,Santa Fe,82,Garay,82035,500,100,200,2000
sorgo,1969,1969/1970,Santa Fe,82,General López,82042,23000,17000,52000,3059
sorgo,1969,1969/1970,Santa Fe,82,General Obligado,82049,6000,5400,13500,2500
sorgo,1969,1969/1970,Santa Fe,82,Iriondo,82056,11000,8000,20000,2500
sorgo,1969,1969/1970,Santa Fe,82,La Capital,82063,4000,3000,6300,2100
sorgo,1969,1969/1970,Santa Fe,82,Las Colonias,82070,70000,49000,117000,2388
sorgo,1969,1969/1970,Santa Fe,82,Rosario,82084,2000,1500,4000,2667
sorgo,1969,1969/1970,Santa Fe,82,San Cristóbal,82091,147000,81000,162000,2000
sorgo,1969,1969/1970,Santa Fe,82,San Javier,82098,1000,900,2250,2500
sorgo,1969,1969/1970,Santa Fe,82,San Jerónimo,82105,24000,14000,35000,2500
sorgo,1969,1969/1970,Santa Fe,82,San Justo,82112,18000,13000,33000,2538
sorgo,1969,1969/1970,Santa Fe,82,San Lorenzo,82119,5000,4000,11000,2750
sorgo,1969,1969/1970,Santa Fe,82,San Martín,82126,73000,37000,74000,2000
sorgo,1969,1969/1970,Santa Fe,82,Vera,82133,12500,11300,27750,2456
sorgo,1969,1969/1970,Santa Fe,82,Villa Constitución,82028,4000,3500,10000,2857
sorgo,1969,1969/1970,Santiago del Estero,86,Aguirre,86007,200,80,101,1263
sorgo,1969,1969/1970,Santiago del Estero,86,Avellaneda,86028,500,320,397,1241
sorgo,1969,1969/1970,Santiago del Estero,86,Banda,86035,1000,700,1197,1710
sorgo,1969,1969/1970,Santiago del Estero,86,Belgrano,86042,5000,3000,4590,1530
sorgo,1969,1969/1970,Santiago del Estero,86,Capital,86049,500,350,560,1600
sorgo,1969,1969/1970,Santiago del Estero,86,General Taboada,86077,2500,1400,1890,1350
sorgo,1969,1969/1970,Santiago del Estero,86,Juan F. Ibarra,86098,500,300,540,1800
sorgo,1969,1969/1970,Santiago del Estero,86,Moreno,86119,500,250,182,728
sorgo,1969,1969/1970,Santiago del Estero,86,Rivadavia,86154,9000,6000,7812,1302
sorgo,1969,1969/1970,Santiago del Estero,86,Robles,86161,1000,700,1190,1700
sorgo,1969,1969/1970,Santiago del Estero,86,San Martín,86175,300,150,216,1440
sorgo,1969,1969/1970,Santiago del Estero,86,Silípica,86189,400,250,225,900
sorgo,1969,1969/1970,Tucumán,90,Burruyacú,90007,8500,5100,10200,2000
sorgo,1969,1969/1970,Tucumán,90,Chicligasta,90021,1200,840,1596,1900
sorgo,1969,1969/1970,Tucumán,90,Cruz Alta,90014,7000,5600,11200,2000
sorgo,1969,1969/1970,Tucumán,90,Graneros,90035,4200,2100,2759,1314
sorgo,1969,1969/1970,Tucumán,90,Leales,90056,5600,2800,4760,1700
sorgo,1969,1969/1970,Tucumán,90,Monteros,90070,1500,1350,2565,1900
sorgo,1969,1969/1970,Tucumán,90,Río Chico,90077,600,530,1060,2000
sorgo,1969,1969/1970,Tucumán,90,Tafí del Valle,90098,200,180,360,2000
sorgo,1969,1969/1970,Tucumán,90,Trancas,90112,1000,500,800,1600
sorgo,1970,1970/1971,Buenos Aires,06,25 de Mayo,06854,3800,3400,8100,2382
sorgo,1970,1970/1971,Buenos Aires,06,9 de Julio,06588,14000,13200,35000,2652
sorgo,1970,1970/1971,Buenos Aires,06,Adolfo Alsina,06007,14000,7000,8400,1200
sorgo,1970,1970/1971,Buenos Aires,06,Adolfo Gonzales Chaves,06014,1400,100,110,1100
sorgo,1970,1970/1971,Buenos Aires,06,Alberti,06021,2800,2500,6700,2680
sorgo,1970,1970/1971,Buenos Aires,06,Arrecifes,06077,4000,3600,12960,3600
sorgo,1970,1970/1971,Buenos Aires,06,Ayacucho,06042,3500,230,550,2391
sorgo,1970,1970/1971,Buenos Aires,06,Azul,06049,7000,650,1900,2923
sorgo,1970,1970/1971,Buenos Aires,06,Bahía Blanca,06056,2000,0,0,0
sorgo,1970,1970/1971,Buenos Aires,06,Balcarce,06063,1000,0,0,0
sorgo,1970,1970/1971,Buenos Aires,06,Baradero,06070,2700,2450,9065,3700
sorgo,1970,1970/1971,Buenos Aires,06,Benito Juárez,06084,3000,200,240,1200
sorgo,1970,1970/1971,Buenos Aires,06,Berazategui,06091,600,500,1600,3200
sorgo,1970,1970/1971,Buenos Aires,06,Bolívar,06105,7500,7000,16100,2300
sorgo,1970,1970/1971,Buenos Aires,06,Bragado,06112,3000,3000,8200,2733
sorgo,1970,1970/1971,Buenos Aires,06,Brandsen,06119,200,50,125,2500
sorgo,1970,1970/1971,Buenos Aires,06,Cañuelas,06134,500,50,155,3100
sorgo,1970,1970/1971,Buenos Aires,06,Capitán Sarmiento,06140,2500,2300,8510,3700
sorgo,1970,1970/1971,Buenos Aires,06,Carlos Casares,06147,7000,6400,14700,2297
sorgo,1970,1970/1971,Buenos Aires,06,Carlos Tejedor,06154,10000,9000,14400,1600
sorgo,1970,1970/1971,Buenos Aires,06,Carmen de Areco,06161,3800,3450,12420,3600
sorgo,1970,1970/1971,Buenos Aires,06,Chacabuco,06210,5500,4400,16720,3800
sorgo,1970,1970/1971,Buenos Aires,06,Chascomús,06217,1100,40,120,3000
sorgo,1970,1970/1971,Buenos Aires,06,Chivilcoy,06224,5500,5200,14000,2692
sorgo,1970,1970/1971,Buenos Aires,06,Colón,06175,2000,1600,6080,3800
sorgo,1970,1970/1971,Buenos Aires,06,Coronel de Marina Leonardo Rosales,06182,1000,0,0,0
sorgo,1970,1970/1971,Buenos Aires,06,Coronel Dorrego,06189,1300,100,100,1000
sorgo,1970,1970/1971,Buenos Aires,06,Coronel Pringles,06196,3000,200,220,1100
sorgo,1970,1970/1971,Buenos Aires,06,Coronel Suárez,06203,20000,15000,21000,1400
sorgo,1970,1970/1971,Buenos Aires,06,Daireaux,06231,12000,9000,14400,1600
sorgo,1970,1970/1971,Buenos Aires,06,Dolores,06238,400,0,0,0
sorgo,1970,1970/1971,Buenos Aires,06,Esteban Echeverría,06260,50,0,0,0
sorgo,1970,1970/1971,Buenos Aires,06,Exaltación de la Cruz,06266,4500,4100,12300,3000
sorgo,1970,1970/1971,Buenos Aires,06,General Alvarado,06280,800,0,0,0
sorgo,1970,1970/1971,Buenos Aires,06,General Alvear,06287,2200,1600,3500,2188
sorgo,1970,1970/1971,Buenos Aires,06,General Arenales,06294,1200,900,3330,3700
sorgo,1970,1970/1971,Buenos Aires,06,General Belgrano,06301,1000,100,120,1200
sorgo,1970,1970/1971,Buenos Aires,06,General Guido,06308,700,0,0,0
sorgo,1970,1970/1971,Buenos Aires,06,General Juan Madariaga,06315,800,0,0,0
sorgo,1970,1970/1971,Buenos Aires,06,General La Madrid,06322,22000,17000,23200,1365
sorgo,1970,1970/1971,Buenos Aires,06,General Las Heras,06329,250,50,155,3100
sorgo,1970,1970/1971,Buenos Aires,06,General Paz,06343,600,100,310,3100
sorgo,1970,1970/1971,Buenos Aires,06,General Pinto,06351,35000,33000,59400,1800
sorgo,1970,1970/1971,Buenos Aires,06,General Pueyrredón,06357,700,0,0,0
sorgo,1970,1970/1971,Buenos Aires,06,General Rodríguez,06364,300,300,750,2500
sorgo,1970,1970/1971,Buenos Aires,06,General Viamonte,06385,7500,6000,21600,3600
sorgo,1970,1970/1971,Buenos Aires,06,General Villegas,06392,60000,56000,97000,1732
sorgo,1970,1970/1971,Buenos Aires,06,Guaminí,06399,20000,16000,20800,1300
sorgo,1970,1970/1971,Buenos Aires,06,Hipólito Yrigoyen,06406,15000,14000,28000,2000
sorgo,1970,1970/1971,Buenos Aires,06,Junín,06413,4500,3600,13320,3700
sorgo,1970,1970/1971,Buenos Aires,06,La Matanza,06427,100,0,0,0
sorgo,1970,1970/1971,Buenos Aires,06,La Plata,06441,400,200,620,3100
sorgo,1970,1970/1971,Buenos Aires,06,Laprida,06448,5000,500,650,1300
sorgo,1970,1970/1971,Buenos Aires,06,Las Flores,06455,3000,200,500,2500
sorgo,1970,1970/1971,Buenos Aires,06,Leandro N. Alem,06462,6500,4900,17880,3649
sorgo,1970,1970/1971,Buenos Aires,06,Lincoln,06469,12000,9000,32850,3650
sorgo,1970,1970/1971,Buenos Aires,06,Lobería,06476,1500,0,0,0
sorgo,1970,1970/1971,Buenos Aires,06,Lobos,06483,1200,300,930,3100
sorgo,1970,1970/1971,Buenos Aires,06,Luján,06497,1500,1400,3500,2500
sorgo,1970,1970/1971,Buenos Aires,06,Magdalena,06505,700,200,620,3100
sorgo,1970,1970/1971,Buenos Aires,06,Maipú,06511,1000,0,0,0
sorgo,1970,1970/1971,Buenos Aires,06,Mar Chiquita,06518,1000,0,0,0
sorgo,1970,1970/1971,Buenos Aires,06,Marcos Paz,06525,200,100,300,3000
sorgo,1970,1970/1971,Buenos Aires,06,Mercedes,06532,2200,700,1960,2800
sorgo,1970,1970/1971,Buenos Aires,06,Monte,06547,2700,1000,3100,3100
sorgo,1970,1970/1971,Buenos Aires,06,Navarro,06574,2600,1000,3000,3000
sorgo,1970,1970/1971,Buenos Aires,06,Necochea,06581,3000,300,390,1300
sorgo,1970,1970/1971,Buenos Aires,06,Olavarría,06595,8000,6000,10800,1800
sorgo,1970,1970/1971,Buenos Aires,06,Patagones,06602,500,0,0,0
sorgo,1970,1970/1971,Buenos Aires,06,Pehuajó,06609,35000,32000,64000,2000
sorgo,1970,1970/1971,Buenos Aires,06,Pellegrini,06616,20000,16000,20800,1300
sorgo,1970,1970/1971,Buenos Aires,06,Pergamino,06623,6000,5500,20350,3700
sorgo,1970,1970/1971,Buenos Aires,06,Pila,06630,500,0,0,0
sorgo,1970,1970/1971,Buenos Aires,06,Pilar,06638,550,550,1210,2200
sorgo,1970,1970/1971,Buenos Aires,06,Puán,06651,4000,0,0,0
sorgo,1970,1970/1971,Buenos Aires,06,Ramallo,06665,4000,3550,13490,3800
sorgo,1970,1970/1971,Buenos Aires,06,Rauch,06672,3000,200,600,3000
sorgo,1970,1970/1971,Buenos Aires,06,Rivadavia,06679,35000,31000,52700,1700
sorgo,1970,1970/1971,Buenos Aires,06,Rojas,06686,2500,1900,7220,3800
sorgo,1970,1970/1971,Buenos Aires,06,Roque Pérez,06693,3480,1680,2720,1619
sorgo,1970,1970/1971,Buenos Aires,06,Saavedra,06700,12000,6000,5400,900
sorgo,1970,1970/1971,Buenos Aires,06,Saladillo,06707,2500,1800,3900,2167
sorgo,1970,1970/1971,Buenos Aires,06,Salliqueló,06721,15000,12000,24000,2000
sorgo,1970,1970/1971,Buenos Aires,06,Salto,06714,4500,4100,15170,3700
sorgo,1970,1970/1971,Buenos Aires,06,San Andrés de Giles,06728,3000,2700,8100,3000
sorgo,1970,1970/1971,Buenos Aires,06,San Antonio de Areco,06735,2500,2300,8510,3700
sorgo,1970,1970/1971,Buenos Aires,06,San Cayetano,06742,1500,100,130,1300
sorgo,1970,1970/1971,Buenos Aires,06,San Nicolás,06763,2000,1800,6840,3800
sorgo,1970,1970/1971,Buenos Aires,06,San Pedro,06770,5500,5000,18500,3700
sorgo,1970,1970/1971,Buenos Aires,06,San Vicente,06778,70,0,0,0
sorgo,1970,1970/1971,Buenos Aires,06,Suipacha,06784,1500,1000,2800,2800
sorgo,1970,1970/1971,Buenos Aires,06,Tandil,06791,10000,1700,5780,3400
sorgo,1970,1970/1971,Buenos Aires,06,Tapalqué,06798,3500,250,620,2480
sorgo,1970,1970/1971,Buenos Aires,06,Tornquist,06819,5000,0,0,0
sorgo,1970,1970/1971,Buenos Aires,06,Trenque Lauquen,06826,25000,23000,43700,1900
sorgo,1970,1970/1971,Buenos Aires,06,Tres Arroyos,06833,4000,300,360,1200
sorgo,1970,1970/1971,Buenos Aires,06,Villarino,06875,1500,0,0,0
sorgo,1970,1970/1971,Buenos Aires,06,Zárate,06882,2200,2000,5340,2670
sorgo,1970,1970/1971,Catamarca,10,Ambato,10007,6,6,3,500
sorgo,1970,1970/1971,Catamarca,10,Ancasti,10014,9,9,4,444
sorgo,1970,1970/1971,Catamarca,10,Capayán,10042,9,9,5,556
sorgo,1970,1970/1971,Catamarca,10,Capital,10049,2,2,1,500
sorgo,1970,1970/1971,Catamarca,10,Fray Mamerto Esquiú,10063,7,7,4,571
sorgo,1970,1970/1971,Catamarca,10,La Paz,10070,12,12,8,667
sorgo,1970,1970/1971,Catamarca,10,Paclín,10077,15,15,10,667
sorgo,1970,1970/1971,Catamarca,10,Valle Viejo,10112,10,10,5,500
sorgo,1970,1970/1971,Chaco,22,1° de Mayo,22126,200,200,400,2000
sorgo,1970,1970/1971,Chaco,22,12 de Octubre,22036,21000,13700,22000,1606
sorgo,1970,1970/1971,Chaco,22,25 de Mayo,22168,6000,4200,7500,1786
sorgo,1970,1970/1971,Chaco,22,9 de Julio,22105,8000,4900,7400,1510
sorgo,1970,1970/1971,Chaco,22,Almirante Brown,22007,3500,2200,3500,1591
sorgo,1970,1970/1971,Chaco,22,Bermejo,22014,200,200,500,2500
sorgo,1970,1970/1971,Chaco,22,Chacabuco,22028,10000,6000,10000,1667
sorgo,1970,1970/1971,Chaco,22,Comandante Fernández,22021,14000,8500,14500,1706
sorgo,1970,1970/1971,Chaco,22,Fray Justo Santa María de Oro,22043,15000,9000,15000,1667
sorgo,1970,1970/1971,Chaco,22,General Belgrano,22049,8500,5300,9000,1698
sorgo,1970,1970/1971,Chaco,22,General Donovan,22056,300,300,750,2500
sorgo,1970,1970/1971,Chaco,22,General Güemes,22063,3000,1900,3400,1789
sorgo,1970,1970/1971,Chaco,22,Independencia,22070,4000,2500,4200,1680
sorgo,1970,1970/1971,Chaco,22,Libertad,22077,200,200,500,2500
sorgo,1970,1970/1971,Chaco,22,Libertador General San Martín,22084,20000,20000,55000,2750
sorgo,1970,1970/1971,Chaco,22,Maipú,22091,8000,4800,7800,1625
sorgo,1970,1970/1971,Chaco,22,Mayor Luis J. Fontana,22098,20000,13000,22000,1692
sorgo,1970,1970/1971,Chaco,22,O'Higgins,22112,3500,2100,3500,1667
sorgo,1970,1970/1971,Chaco,22,Presidencia de la Plaza,22119,1500,1200,1900,1583
sorgo,1970,1970/1971,Chaco,22,Quitilipi,22133,8500,5900,11050,1873
sorgo,1970,1970/1971,Chaco,22,San Fernando,22140,2500,2500,6500,2600
sorgo,1970,1970/1971,Chaco,22,San Lorenzo,22147,4000,2600,4300,1654
sorgo,1970,1970/1971,Chaco,22,Sargento Cabral,22154,1500,1300,3300,2538
sorgo,1970,1970/1971,Córdoba,14,Calamuchita,14007,6500,5500,11000,2000
sorgo,1970,1970/1971,Córdoba,14,Capital,14014,800,650,880,1354
sorgo,1970,1970/1971,Córdoba,14,Colón,14021,7900,7100,10650,1500
sorgo,1970,1970/1971,Córdoba,14,Cruz del Eje,14028,1200,400,440,1100
sorgo,1970,1970/1971,Córdoba,14,General Roca,14035,100000,84500,152300,1802
sorgo,1970,1970/1971,Córdoba,14,General San Martín,14042,22000,19000,43000,2263
sorgo,1970,1970/1971,Córdoba,14,Ischilín,14049,2000,1600,1920,1200
sorgo,1970,1970/1971,Córdoba,14,Juárez Celman,14056,70000,58500,123000,2103
sorgo,1970,1970/1971,Córdoba,14,Marcos Juárez,14063,47000,44000,146000,3318
sorgo,1970,1970/1971,Córdoba,14,Pocho,14077,1500,700,980,1400
sorgo,1970,1970/1971,Córdoba,14,Presidente Roque Sáenz Peña,14084,77000,61000,120000,1967
sorgo,1970,1970/1971,Córdoba,14,Punilla,14091,700,350,420,1200
sorgo,1970,1970/1971,Córdoba,14,Río Cuarto,14098,165000,139000,314600,2263
sorgo,1970,1970/1971,Córdoba,14,Río Primero,14105,30000,24000,40800,1700
sorgo,1970,1970/1971,Córdoba,14,Río Segundo,14119,67000,59500,130000,2185
sorgo,1970,1970/1971,Córdoba,14,San Alberto,14126,1300,700,840,1200
sorgo,1970,1970/1971,Córdoba,14,San Justo,14140,198000,175000,304000,1737
sorgo,1970,1970/1971,Córdoba,14,Santa María,14147,11000,9700,20180,2080
sorgo,1970,1970/1971,Córdoba,14,Tercero Arriba,14161,61000,55000,132000,2400
sorgo,1970,1970/1971,Córdoba,14,Totoral,14168,6500,5000,6750,1350
sorgo,1970,1970/1971,Córdoba,14,Tulumba,14175,300,200,240,1200
sorgo,1970,1970/1971,Córdoba,14,Unión,14182,93000,84000,210000,2500
sorgo,1970,1970/1971,Corrientes,18,Bella Vista,18007,2400,2250,5625,2500
sorgo,1970,1970/1971,Corrientes,18,Capital,18021,30,25,58,2320
sorgo,1970,1970/1971,Corrientes,18,Concepción,18028,100,95,228,2400
sorgo,1970,1970/1971,Corrientes,18,Curuzu Cuatia,18035,500,450,1080,2400
sorgo,1970,1970/1971,Corrientes,18,Empedrado,18042,3000,2900,7250,2500
sorgo,1970,1970/1971,Corrientes,18,Esquina,18049,3000,2600,6240,2400
sorgo,1970,1970/1971,Corrientes,18,General Alvear,18056,100,90,216,2400
sorgo,1970,1970/1971,Corrientes,18,Goya,18070,500,400,960,2400
sorgo,1970,1970/1971,Corrientes,18,Itatí,18077,60,53,132,2491
sorgo,1970,1970/1971,Corrientes,18,Lavalle,18091,300,270,648,2400
sorgo,1970,1970/1971,Corrientes,18,Paso de los Libres,18119,300,270,675,2500
sorgo,1970,1970/1971,Corrientes,18,Saladas,18126,1000,800,2080,2600
sorgo,1970,1970/1971,Corrientes,18,San Luis del Palmar,18140,60,48,120,2500
sorgo,1970,1970/1971,Corrientes,18,San Martín,18147,100,85,204,2400
sorgo,1970,1970/1971,Corrientes,18,San Miguel,18154,60,56,134,2393
sorgo,1970,1970/1971,Corrientes,18,San Roque,18161,1600,1450,3625,2500
sorgo,1970,1970/1971,Corrientes,18,Santo Tomé,18168,300,268,600,2239
sorgo,1970,1970/1971,Corrientes,18,Sauce,18175,400,370,925,2500
sorgo,1970,1970/1971,Entre Ríos,30,Colón,30008,17000,15800,34340,2173
sorgo,1970,1970/1971,Entre Ríos,30,Concordia,30015,10000,9300,19960,2146
sorgo,1970,1970/1971,Entre Ríos,30,Diamante,30021,10000,9600,20620,2148
sorgo,1970,1970/1971,Entre Ríos,30,Federación,30028,4000,3700,7750,2095
sorgo,1970,1970/1971,Entre Ríos,30,Feliciano,30042,3000,2700,5670,2100
sorgo,1970,1970/1971,Entre Ríos,30,Gualeguay,30049,8000,7650,16830,2200
sorgo,1970,1970/1971,Entre Ríos,30,Gualeguaychú,30056,28000,26900,53240,1979
sorgo,1970,1970/1971,Entre Ríos,30,La Paz,30070,9000,8450,17740,2099
sorgo,1970,1970/1971,Entre Ríos,30,Nogoyá,30077,12000,11600,25680,2214
sorgo,1970,1970/1971,Entre Ríos,30,Paraná,30084,13000,12670,28140,2221
sorgo,1970,1970/1971,Entre Ríos,30,Tala,30091,5000,4800,10080,2100
sorgo,1970,1970/1971,Entre Ríos,30,Uruguay,30098,31000,29600,62120,2099
sorgo,1970,1970/1971,Entre Ríos,30,Victoria,30105,12000,11780,26270,2230
sorgo,1970,1970/1971,Entre Ríos,30,Villaguay,30113,32000,29600,66560,2249
sorgo,1970,1970/1971,Formosa,34,Laishí,34021,3500,3500,10000,2857
sorgo,1970,1970/1971,Formosa,34,Patiño,34035,3500,2800,7200,2571
sorgo,1970,1970/1971,Formosa,34,Pilagás,34042,1800,1300,3300,2538
sorgo,1970,1970/1971,Formosa,34,Pilcomayo,34049,900,750,2000,2667
sorgo,1970,1970/1971,Formosa,34,Pirané,34056,23000,22500,61500,2733
sorgo,1970,1970/1971,La Pampa,42,Atreucó,42007,21000,2000,2000,1000
sorgo,1970,1970/1971,La Pampa,42,Caleu Caleu,42014,300,0,0,0
sorgo,1970,1970/1971,La Pampa,42,Capital,42021,12000,2000,2000,1000
sorgo,1970,1970/1971,La Pampa,42,Catriló,42028,9000,2500,3500,1400
sorgo,1970,1970/1971,La Pampa,42,Chapaleufú,42056,33000,17000,30600,1800
sorgo,1970,1970/1971,La Pampa,42,Conhelo,42035,30000,10000,15000,1500
sorgo,1970,1970/1971,La Pampa,42,Guatraché,42070,35000,3000,2700,900
sorgo,1970,1970/1971,La Pampa,42,Hucal,42077,10000,1000,800,800
sorgo,1970,1970/1971,La Pampa,42,Loventué,42098,1500,500,600,1200
sorgo,1970,1970/1971,La Pampa,42,Maracó,42105,30000,10000,15000,1500
sorgo,1970,1970/1971,La Pampa,42,Quemú Quemú,42119,30000,9000,13500,1500
sorgo,1970,1970/1971,La Pampa,42,Rancul,42126,31000,9000,16200,1800
sorgo,1970,1970/1971,La Pampa,42,Realicó,42133,45000,18000,34200,1900
sorgo,1970,1970/1971,La Pampa,42,Toay,42140,5000,1000,1000,1000
sorgo,1970,1970/1971,La Pampa,42,Trenel,42147,30000,13000,22100,1700
sorgo,1970,1970/1971,La Pampa,42,Utracán,42154,6000,1000,800,800
sorgo,1970,1970/1971,Salta,66,Anta,66007,1600,1500,3600,2400
sorgo,1970,1970/1971,Salta,66,La Candelaria,66084,500,500,1230,2460
sorgo,1970,1970/1971,Salta,66,Metán,66112,4270,4000,9600,2400
sorgo,1970,1970/1971,Salta,66,Rosario de la Frontera,66140,3700,3500,7700,2200
sorgo,1970,1970/1971,San Luis,74,Ayacucho,74007,200,140,90,643
sorgo,1970,1970/1971,San Luis,74,Chacabuco,74028,6500,3500,2450,700
sorgo,1970,1970/1971,San Luis,74,Coronel Pringles,74021,3800,2200,1720,782
sorgo,1970,1970/1971,San Luis,74,General Pedernera,74035,13000,9500,7500,789
sorgo,1970,1970/1971,San Luis,74,Gobernador Dupuy,74042,7000,5000,4000,800
sorgo,1970,1970/1971,San Luis,74,Juan Martín de Pueyrredón,74056,1600,1000,800,800
sorgo,1970,1970/1971,San Luis,74,Junín,74049,500,400,280,700
sorgo,1970,1970/1971,San Luis,74,Libertador General San Martín,74063,1100,700,490,700
sorgo,1970,1970/1971,Santa Fe,82,9 de Julio,82077,80000,52000,104000,2000
sorgo,1970,1970/1971,Santa Fe,82,Belgrano,82007,13000,8000,19000,2375
sorgo,1970,1970/1971,Santa Fe,82,Caseros,82014,7000,5000,14000,2800
sorgo,1970,1970/1971,Santa Fe,82,Castellanos,82021,150000,91000,182000,2000
sorgo,1970,1970/1971,Santa Fe,82,Garay,82035,2000,500,900,1800
sorgo,1970,1970/1971,Santa Fe,82,General López,82042,31000,23000,60000,2609
sorgo,1970,1970/1971,Santa Fe,82,General Obligado,82049,14000,9000,21000,2333
sorgo,1970,1970/1971,Santa Fe,82,Iriondo,82056,12000,10000,32000,3200
sorgo,1970,1970/1971,Santa Fe,82,La Capital,82063,6000,4000,8100,2025
sorgo,1970,1970/1971,Santa Fe,82,Las Colonias,82070,75000,44000,88000,2000
sorgo,1970,1970/1971,Santa Fe,82,Rosario,82084,3000,2500,8000,3200
sorgo,1970,1970/1971,Santa Fe,82,San Cristóbal,82091,170000,100000,186000,1860
sorgo,1970,1970/1971,Santa Fe,82,San Javier,82098,9000,6000,14000,2333
sorgo,1970,1970/1971,Santa Fe,82,San Jerónimo,82105,27000,15000,33000,2200
sorgo,1970,1970/1971,Santa Fe,82,San Justo,82112,19000,13500,27000,2000
sorgo,1970,1970/1971,Santa Fe,82,San Lorenzo,82119,7000,5500,17000,3091
sorgo,1970,1970/1971,Santa Fe,82,San Martín,82126,83000,60000,118000,1967
sorgo,1970,1970/1971,Santa Fe,82,Vera,82133,17000,9000,21000,2333
sorgo,1970,1970/1971,Santa Fe,82,Villa Constitución,82028,5000,4000,13000,3250
sorgo,1970,1970/1971,Santiago del Estero,86,Aguirre,86007,400,150,210,1400
sorgo,1970,1970/1971,Santiago del Estero,86,Avellaneda,86028,800,300,510,1700
sorgo,1970,1970/1971,Santiago del Estero,86,Banda,86035,800,300,540,1800
sorgo,1970,1970/1971,Santiago del Estero,86,Belgrano,86042,6000,3000,4800,1600
sorgo,1970,1970/1971,Santiago del Estero,86,Capital,86049,400,150,250,1667
sorgo,1970,1970/1971,Santiago del Estero,86,General Taboada,86077,3000,1500,2200,1467
sorgo,1970,1970/1971,Santiago del Estero,86,Juan F. Ibarra,86098,500,200,300,1500
sorgo,1970,1970/1971,Santiago del Estero,86,Moreno,86119,800,200,280,1400
sorgo,1970,1970/1971,Santiago del Estero,86,Rivadavia,86154,10000,5000,8000,1600
sorgo,1970,1970/1971,Santiago del Estero,86,Robles,86161,1000,300,510,1700
sorgo,1970,1970/1971,Santiago del Estero,86,San Martín,86175,150,50,80,1600
sorgo,1970,1970/1971,Santiago del Estero,86,Silípica,86189,400,200,320,1600
sorgo,1970,1970/1971,Tucumán,90,Burruyacú,90007,8000,5600,16500,2946
sorgo,1970,1970/1971,Tucumán,90,Chicligasta,90021,1000,700,2000,2857
sorgo,1970,1970/1971,Tucumán,90,Cruz Alta,90014,7500,6000,18500,3083
sorgo,1970,1970/1971,Tucumán,90,Graneros,90035,4000,2000,5800,2900
sorgo,1970,1970/1971,Tucumán,90,Leales,90056,6000,3000,9020,3007
sorgo,1970,1970/1971,Tucumán,90,Monteros,90070,1000,800,2300,2875
sorgo,1970,1970/1971,Tucumán,90,Río Chico,90077,400,300,900,3000
sorgo,1970,1970/1971,Tucumán,90,Tafí del Valle,90098,100,60,180,3000
sorgo,1970,1970/1971,Tucumán,90,Trancas,90112,1500,800,2500,3125
sorgo,1971,1971/1972,Buenos Aires,06,25 de Mayo,06854,2800,2800,8400,3000
sorgo,1971,1971/1972,Buenos Aires,06,9 de Julio,06588,10000,10000,32000,3200
sorgo,1971,1971/1972,Buenos Aires,06,Adolfo Alsina,06007,12000,5000,5000,1000
sorgo,1971,1971/1972,Buenos Aires,06,Adolfo Gonzales Chaves,06014,1200,100,80,800
sorgo,1971,1971/1972,Buenos Aires,06,Alberti,06021,1600,1600,4800,3000
sorgo,1971,1971/1972,Buenos Aires,06,Arrecifes,06077,3000,2560,7680,3000
sorgo,1971,1971/1972,Buenos Aires,06,Ayacucho,06042,2000,100,250,2500
sorgo,1971,1971/1972,Buenos Aires,06,Azul,06049,5000,500,1500,3000
sorgo,1971,1971/1972,Buenos Aires,06,Bahía Blanca,06056,5000,1500,1050,700
sorgo,1971,1971/1972,Buenos Aires,06,Balcarce,06063,1200,0,0,0
sorgo,1971,1971/1972,Buenos Aires,06,Baradero,06070,2500,2200,7040,3200
sorgo,1971,1971/1972,Buenos Aires,06,Benito Juárez,06084,2500,200,180,900
sorgo,1971,1971/1972,Buenos Aires,06,Berazategui,06091,500,150,450,3000
sorgo,1971,1971/1972,Buenos Aires,06,Bolívar,06105,5000,5000,15500,3100
sorgo,1971,1971/1972,Buenos Aires,06,Bragado,06112,1600,1600,4640,2900
sorgo,1971,1971/1972,Buenos Aires,06,Brandsen,06119,150,10,29,2900
sorgo,1971,1971/1972,Buenos Aires,06,Cañuelas,06134,500,30,90,3000
sorgo,1971,1971/1972,Buenos Aires,06,Capitán Sarmiento,06140,2500,2250,6750,3000
sorgo,1971,1971/1972,Buenos Aires,06,Carlos Casares,06147,4800,4800,15840,3300
sorgo,1971,1971/1972,Buenos Aires,06,Carlos Tejedor,06154,8000,5000,6000,1200
sorgo,1971,1971/1972,Buenos Aires,06,Carmen de Areco,06161,3500,3000,10500,3500
sorgo,1971,1971/1972,Buenos Aires,06,Castelli,06168,200,0,0,0
sorgo,1971,1971/1972,Buenos Aires,06,Chacabuco,06210,6000,4000,12400,3100
sorgo,1971,1971/1972,Buenos Aires,06,Chascomús,06217,1200,0,0,0
sorgo,1971,1971/1972,Buenos Aires,06,Chivilcoy,06224,4000,4000,12400,3100
sorgo,1971,1971/1972,Buenos Aires,06,Colón,06175,2100,1600,4960,3100
sorgo,1971,1971/1972,Buenos Aires,06,Coronel de Marina Leonardo Rosales,06182,2500,500,400,800
sorgo,1971,1971/1972,Buenos Aires,06,Coronel Dorrego,06189,1200,100,70,700
sorgo,1971,1971/1972,Buenos Aires,06,Coronel Pringles,06196,2800,200,150,750
sorgo,1971,1971/1972,Buenos Aires,06,Coronel Suárez,06203,20000,17000,30600,1800
sorgo,1971,1971/1972,Buenos Aires,06,Daireaux,06231,14000,9000,11700,1300
sorgo,1971,1971/1972,Buenos Aires,06,Dolores,06238,500,0,0,0
sorgo,1971,1971/1972,Buenos Aires,06,Esteban Echeverría,06260,50,0,0,0
sorgo,1971,1971/1972,Buenos Aires,06,Exaltación de la Cruz,06266,4500,4500,13500,3000
sorgo,1971,1971/1972,Buenos Aires,06,General Alvarado,06280,1000,0,0,0
sorgo,1971,1971/1972,Buenos Aires,06,General Alvear,06287,2000,2000,5800,2900
sorgo,1971,1971/1972,Buenos Aires,06,General Arenales,06294,1000,700,2100,3000
sorgo,1971,1971/1972,Buenos Aires,06,General Belgrano,06301,2500,2500,7500,3000
sorgo,1971,1971/1972,Buenos Aires,06,General Guido,06308,800,0,0,0
sorgo,1971,1971/1972,Buenos Aires,06,General Juan Madariaga,06315,900,0,0,0
sorgo,1971,1971/1972,Buenos Aires,06,General La Madrid,06322,18000,16000,24000,1500
sorgo,1971,1971/1972,Buenos Aires,06,General Paz,06343,500,0,0,0
sorgo,1971,1971/1972,Buenos Aires,06,General Pinto,06351,30000,22000,39600,1800
sorgo,1971,1971/1972,Buenos Aires,06,General Pueyrredón,06357,1000,0,0,0
sorgo,1971,1971/1972,Buenos Aires,06,General Rodríguez,06364,350,350,875,2500
sorgo,1971,1971/1972,Buenos Aires,06,General Viamonte,06385,8000,6000,16800,2800
sorgo,1971,1971/1972,Buenos Aires,06,General Villegas,06392,25000,15000,22500,1500
sorgo,1971,1971/1972,Buenos Aires,06,Guaminí,06399,15000,8000,8000,1000
sorgo,1971,1971/1972,Buenos Aires,06,Hipólito Yrigoyen,06406,15000,12000,18000,1500
sorgo,1971,1971/1972,Buenos Aires,06,Junín,06413,5500,4300,12900,3000
sorgo,1971,1971/1972,Buenos Aires,06,La Matanza,06427,100,0,0,0
sorgo,1971,1971/1972,Buenos Aires,06,La Plata,06441,400,100,290,2900
sorgo,1971,1971/1972,Buenos Aires,06,Laprida,06448,4300,400,320,800
sorgo,1971,1971/1972,Buenos Aires,06,Las Flores,06455,1000,100,250,2500
sorgo,1971,1971/1972,Buenos Aires,06,Leandro N. Alem,06462,7000,5000,14500,2900
sorgo,1971,1971/1972,Buenos Aires,06,Lincoln,06469,14000,10000,29000,2900
sorgo,1971,1971/1972,Buenos Aires,06,Lobería,06476,2500,0,0,0
sorgo,1971,1971/1972,Buenos Aires,06,Lobos,06483,1000,900,2970,3300
sorgo,1971,1971/1972,Buenos Aires,06,Luján,06497,1700,1700,4250,2500
sorgo,1971,1971/1972,Buenos Aires,06,Magdalena,06505,900,200,580,2900
sorgo,1971,1971/1972,Buenos Aires,06,Maipú,06511,1100,0,0,0
sorgo,1971,1971/1972,Buenos Aires,06,Marcos Paz,06525,200,50,145,2900
sorgo,1971,1971/1972,Buenos Aires,06,Mercedes,06532,1000,1000,3746,3746
sorgo,1971,1971/1972,Buenos Aires,06,Monte,06547,2500,1000,2000,2000
sorgo,1971,1971/1972,Buenos Aires,06,Navarro,06574,3200,3000,11400,3800
sorgo,1971,1971/1972,Buenos Aires,06,Necochea,06581,3000,300,300,1000
sorgo,1971,1971/1972,Buenos Aires,06,Olavarría,06595,6000,2000,2000,1000
sorgo,1971,1971/1972,Buenos Aires,06,Patagones,06602,1000,0,0,0
sorgo,1971,1971/1972,Buenos Aires,06,Pehuajó,06609,20000,16000,24000,1500
sorgo,1971,1971/1972,Buenos Aires,06,Pellegrini,06616,10000,5000,5000,1000
sorgo,1971,1971/1972,Buenos Aires,06,Pergamino,06623,6000,5200,16120,3100
sorgo,1971,1971/1972,Buenos Aires,06,Pila,06630,500,0,0,0
sorgo,1971,1971/1972,Buenos Aires,06,Pilar,06638,550,550,1265,2300
sorgo,1971,1971/1972,Buenos Aires,06,Puán,06651,10000,0,0,0
sorgo,1971,1971/1972,Buenos Aires,06,Ramallo,06665,4000,3600,11520,3200
sorgo,1971,1971/1972,Buenos Aires,06,Rauch,06672,2000,100,250,2500
sorgo,1971,1971/1972,Buenos Aires,06,Rivadavia,06679,18000,10000,12200,1220
sorgo,1971,1971/1972,Buenos Aires,06,Rojas,06686,3000,2000,6200,3100
sorgo,1971,1971/1972,Buenos Aires,06,Roque Pérez,06693,2000,500,1250,2500
sorgo,1971,1971/1972,Buenos Aires,06,Saavedra,06700,10000,2000,1600,800
sorgo,1971,1971/1972,Buenos Aires,06,Saladillo,06707,3000,3000,9000,3000
sorgo,1971,1971/1972,Buenos Aires,06,Salliqueló,06721,15000,11000,13200,1200
sorgo,1971,1971/1972,Buenos Aires,06,Salto,06714,3000,2650,8480,3200
sorgo,1971,1971/1972,Buenos Aires,06,San Andrés de Giles,06728,3200,3200,10560,3300
sorgo,1971,1971/1972,Buenos Aires,06,San Antonio de Areco,06735,2500,2300,7360,3200
sorgo,1971,1971/1972,Buenos Aires,06,San Cayetano,06742,1500,100,110,1100
sorgo,1971,1971/1972,Buenos Aires,06,San Nicolás,06763,2000,1900,5890,3100
sorgo,1971,1971/1972,Buenos Aires,06,San Pedro,06770,5000,4700,15040,3200
sorgo,1971,1971/1972,Buenos Aires,06,San Vicente,06778,50,0,0,0
sorgo,1971,1971/1972,Buenos Aires,06,Suipacha,06784,2000,1000,2800,2800
sorgo,1971,1971/1972,Buenos Aires,06,Tandil,06791,8000,700,2100,3000
sorgo,1971,1971/1972,Buenos Aires,06,Tapalqué,06798,2000,100,250,2500
sorgo,1971,1971/1972,Buenos Aires,06,Tordillo,06812,100,0,0,0
sorgo,1971,1971/1972,Buenos Aires,06,Tornquist,06819,10000,1000,1000,1000
sorgo,1971,1971/1972,Buenos Aires,06,Trenque Lauquen,06826,18000,8000,8000,1000
sorgo,1971,1971/1972,Buenos Aires,06,Tres Arroyos,06833,3500,300,270,900
sorgo,1971,1971/1972,Buenos Aires,06,Villarino,06875,3000,1000,1000,1000
sorgo,1971,1971/1972,Buenos Aires,06,Zárate,06882,2500,2500,6750,2700
sorgo,1971,1971/1972,Catamarca,10,Ambato,10007,5,0,0,0
sorgo,1971,1971/1972,Catamarca,10,Ancasti,10014,6,0,0,0
sorgo,1971,1971/1972,Catamarca,10,Capayán,10042,9,0,0,0
sorgo,1971,1971/1972,Catamarca,10,El Alto,10056,10,5,2,400
sorgo,1971,1971/1972,Catamarca,10,Fray Mamerto Esquiú,10063,15,10,5,500
sorgo,1971,1971/1972,Catamarca,10,La Paz,10070,20,5,2,400
sorgo,1971,1971/1972,Catamarca,10,Paclín,10077,20,10,5,500
sorgo,1971,1971/1972,Catamarca,10,Valle Viejo,10112,15,10,6,600
sorgo,1971,1971/1972,Chaco,22,1° de Mayo,22126,200,200,400,2000
sorgo,1971,1971/1972,Chaco,22,12 de Octubre,22036,18000,12000,16000,1333
sorgo,1971,1971/1972,Chaco,22,25 de Mayo,22168,5000,3000,4300,1433
sorgo,1971,1971/1972,Chaco,22,9 de Julio,22105,6500,4000,5500,1375
sorgo,1971,1971/1972,Chaco,22,Almirante Brown,22007,2500,1500,1500,1000
sorgo,1971,1971/1972,Chaco,22,Bermejo,22014,200,200,600,3000
sorgo,1971,1971/1972,Chaco,22,Chacabuco,22028,8500,5500,6500,1182
sorgo,1971,1971/1972,Chaco,22,Comandante Fernández,22021,8000,4500,6500,1444
sorgo,1971,1971/1972,Chaco,22,Fray Justo Santa María de Oro,22043,16000,9500,10500,1105
sorgo,1971,1971/1972,Chaco,22,General Belgrano,22049,9000,6000,7500,1250
sorgo,1971,1971/1972,Chaco,22,General Donovan,22056,300,300,750,2500
sorgo,1971,1971/1972,Chaco,22,General Güemes,22063,3500,3000,4500,1500
sorgo,1971,1971/1972,Chaco,22,Independencia,22070,4000,2500,3500,1400
sorgo,1971,1971/1972,Chaco,22,Libertad,22077,200,200,500,2500
sorgo,1971,1971/1972,Chaco,22,Libertador General San Martín,22084,18000,18000,50000,2778
sorgo,1971,1971/1972,Chaco,22,Maipú,22091,8500,5500,7500,1364
sorgo,1971,1971/1972,Chaco,22,Mayor Luis J. Fontana,22098,16000,11000,13000,1182
sorgo,1971,1971/1972,Chaco,22,O'Higgins,22112,3000,2000,3000,1500
sorgo,1971,1971/1972,Chaco,22,Presidencia de la Plaza,22119,1200,600,700,1167
sorgo,1971,1971/1972,Chaco,22,Quitilipi,22133,6500,4000,6000,1500
sorgo,1971,1971/1972,Chaco,22,San Fernando,22140,3500,3500,10750,3071
sorgo,1971,1971/1972,Chaco,22,San Lorenzo,22147,4000,2500,3500,1400
sorgo,1971,1971/1972,Chaco,22,Sargento Cabral,22154,2000,2000,4000,2000
sorgo,1971,1971/1972,Córdoba,14,Calamuchita,14007,8000,4000,4800,1200
sorgo,1971,1971/1972,Córdoba,14,Capital,14014,850,340,270,794
sorgo,1971,1971/1972,Córdoba,14,Colón,14021,6800,2000,1700,850
sorgo,1971,1971/1972,Córdoba,14,Cruz del Eje,14028,1000,550,410,745
sorgo,1971,1971/1972,Córdoba,14,General Roca,14035,90000,43200,49700,1150
sorgo,1971,1971/1972,Córdoba,14,General San Martín,14042,22000,5100,5600,1098
sorgo,1971,1971/1972,Córdoba,14,Ischilín,14049,1500,520,390,750
sorgo,1971,1971/1972,Córdoba,14,Juárez Celman,14056,65000,34500,44850,1300
sorgo,1971,1971/1972,Córdoba,14,Marcos Juárez,14063,48000,33600,65586,1952
sorgo,1971,1971/1972,Córdoba,14,Pocho,14077,1700,950,730,768
sorgo,1971,1971/1972,Córdoba,14,Presidente Roque Sáenz Peña,14084,63000,15800,21300,1348
sorgo,1971,1971/1972,Córdoba,14,Punilla,14091,700,350,270,771
sorgo,1971,1971/1972,Córdoba,14,Río Cuarto,14098,155000,68200,102300,1500
sorgo,1971,1971/1972,Córdoba,14,Río Primero,14105,8000,1600,1280,800
sorgo,1971,1971/1972,Córdoba,14,Río Segundo,14119,57000,20500,22550,1100
sorgo,1971,1971/1972,Córdoba,14,San Alberto,14126,1100,600,480,800
sorgo,1971,1971/1972,Córdoba,14,San Justo,14140,158000,46000,41400,900
sorgo,1971,1971/1972,Córdoba,14,Santa María,14147,10500,2800,2240,800
sorgo,1971,1971/1972,Córdoba,14,Tercero Arriba,14161,66000,26400,30400,1152
sorgo,1971,1971/1972,Córdoba,14,Totoral,14168,4000,1300,975,750
sorgo,1971,1971/1972,Córdoba,14,Tulumba,14175,300,90,69,767
sorgo,1971,1971/1972,Córdoba,14,Unión,14182,75000,47200,63700,1350
sorgo,1971,1971/1972,Corrientes,18,Bella Vista,18007,2600,2100,3360,1600
sorgo,1971,1971/1972,Corrientes,18,Berón de Astrada,18014,200,167,231,1383
sorgo,1971,1971/1972,Corrientes,18,Capital,18021,400,340,510,1500
sorgo,1971,1971/1972,Corrientes,18,Concepción,18028,2400,1900,2660,1400
sorgo,1971,1971/1972,Corrientes,18,Curuzu Cuatia,18035,2200,1700,2550,1500
sorgo,1971,1971/1972,Corrientes,18,Empedrado,18042,1400,1100,1760,1600
sorgo,1971,1971/1972,Corrientes,18,Esquina,18049,5000,4200,7100,1690
sorgo,1971,1971/1972,Corrientes,18,General Alvear,18056,150,120,190,1583
sorgo,1971,1971/1972,Corrientes,18,Goya,18070,1300,1000,1500,1500
sorgo,1971,1971/1972,Corrientes,18,Itatí,18077,10,8,12,1500
sorgo,1971,1971/1972,Corrientes,18,Lavalle,18091,1500,1200,1668,1390
sorgo,1971,1971/1972,Corrientes,18,Mburucuyá,18098,6,5,7,1400
sorgo,1971,1971/1972,Corrientes,18,Mercedes,18105,1400,1100,1650,1500
sorgo,1971,1971/1972,Corrientes,18,Monte Caseros,18112,2500,1900,2660,1400
sorgo,1971,1971/1972,Corrientes,18,Paso de los Libres,18119,400,320,480,1500
sorgo,1971,1971/1972,Corrientes,18,Saladas,18126,1500,1200,2160,1800
sorgo,1971,1971/1972,Corrientes,18,San Cosme,18133,40,33,52,1576
sorgo,1971,1971/1972,Corrientes,18,San Luis del Palmar,18140,75,65,104,1600
sorgo,1971,1971/1972,Corrientes,18,San Martín,18147,120,100,150,1500
sorgo,1971,1971/1972,Corrientes,18,San Miguel,18154,40,33,46,1394
sorgo,1971,1971/1972,Corrientes,18,San Roque,18161,379,339,460,1357
sorgo,1971,1971/1972,Corrientes,18,Santo Tomé,18168,400,320,480,1500
sorgo,1971,1971/1972,Corrientes,18,Sauce,18175,1000,650,910,1400
sorgo,1971,1971/1972,Entre Ríos,30,Colón,30008,17000,14500,24650,1700
sorgo,1971,1971/1972,Entre Ríos,30,Concordia,30015,10500,8800,14080,1600
sorgo,1971,1971/1972,Entre Ríos,30,Diamante,30021,9000,8400,14890,1773
sorgo,1971,1971/1972,Entre Ríos,30,Federación,30028,3800,3000,4650,1550
sorgo,1971,1971/1972,Entre Ríos,30,Feliciano,30042,2200,1800,2700,1500
sorgo,1971,1971/1972,Entre Ríos,30,Gualeguay,30049,8300,7750,12400,1600
sorgo,1971,1971/1972,Entre Ríos,30,Gualeguaychú,30056,23000,21900,35040,1600
sorgo,1971,1971/1972,Entre Ríos,30,La Paz,30070,7000,5400,8640,1600
sorgo,1971,1971/1972,Entre Ríos,30,Nogoyá,30077,12000,11200,19040,1700
sorgo,1971,1971/1972,Entre Ríos,30,Paraná,30084,15000,14500,24650,1700
sorgo,1971,1971/1972,Entre Ríos,30,Tala,30091,6800,6500,9750,1500
sorgo,1971,1971/1972,Entre Ríos,30,Uruguay,30098,31500,30300,51510,1700
sorgo,1971,1971/1972,Entre Ríos,30,Victoria,30105,12000,11750,21150,1800
sorgo,1971,1971/1972,Entre Ríos,30,Villaguay,30113,33000,29000,47850,1650
sorgo,1971,1971/1972,Formosa,34,Laishí,34021,5000,5000,15000,3000
sorgo,1971,1971/1972,Formosa,34,Patiño,34035,6000,6000,23700,3950
sorgo,1971,1971/1972,Formosa,34,Pilagás,34042,3000,3000,11500,3833
sorgo,1971,1971/1972,Formosa,34,Pilcomayo,34049,2000,1600,4800,3000
sorgo,1971,1971/1972,Formosa,34,Pirané,34056,32000,32000,100000,3125
sorgo,1971,1971/1972,La Pampa,42,Atreucó,42007,16000,2000,1000,500
sorgo,1971,1971/1972,La Pampa,42,Caleu Caleu,42014,200,0,0,0
sorgo,1971,1971/1972,La Pampa,42,Capital,42021,7000,1000,500,500
sorgo,1971,1971/1972,La Pampa,42,Catriló,42028,11000,1500,900,600
sorgo,1971,1971/1972,La Pampa,42,Chapaleufú,42056,27000,5000,4500,900
sorgo,1971,1971/1972,La Pampa,42,Conhelo,42035,14000,2000,1300,650
sorgo,1971,1971/1972,La Pampa,42,Guatraché,42070,6000,0,0,0
sorgo,1971,1971/1972,La Pampa,42,Hucal,42077,1500,0,0,0
sorgo,1971,1971/1972,La Pampa,42,Limay Mahuida,42091,1000,0,0,0
sorgo,1971,1971/1972,La Pampa,42,Maracó,42105,21000,5000,3500,700
sorgo,1971,1971/1972,La Pampa,42,Quemú Quemú,42119,17000,3000,2100,700
sorgo,1971,1971/1972,La Pampa,42,Rancul,42126,23000,3000,1500,500
sorgo,1971,1971/1972,La Pampa,42,Realicó,42133,42000,6000,2700,450
sorgo,1971,1971/1972,La Pampa,42,Toay,42140,1500,0,0,0
sorgo,1971,1971/1972,La Pampa,42,Trenel,42147,21000,4000,2000,500
sorgo,1971,1971/1972,La Pampa,42,Utracán,42154,2500,0,0,0
sorgo,1971,1971/1972,Salta,66,Anta,66007,1000,900,1430,1589
sorgo,1971,1971/1972,Salta,66,La Candelaria,66084,300,300,570,1900
sorgo,1971,1971/1972,Salta,66,Metán,66112,1650,1500,2550,1700
sorgo,1971,1971/1972,Salta,66,Rosario de la Frontera,66140,1650,1500,2550,1700
sorgo,1971,1971/1972,San Luis,74,Ayacucho,74007,150,0,0,0
sorgo,1971,1971/1972,San Luis,74,Chacabuco,74028,6000,1500,900,600
sorgo,1971,1971/1972,San Luis,74,Coronel Pringles,74021,3500,2000,1400,700
sorgo,1971,1971/1972,San Luis,74,General Pedernera,74035,12000,4000,2800,700
sorgo,1971,1971/1972,San Luis,74,Gobernador Dupuy,74042,6000,2500,1500,600
sorgo,1971,1971/1972,San Luis,74,Juan Martín de Pueyrredón,74056,1200,700,490,700
sorgo,1971,1971/1972,San Luis,74,Junín,74049,300,0,0,0
sorgo,1971,1971/1972,San Luis,74,Libertador General San Martín,74063,800,100,60,600
sorgo,1971,1971/1972,Santa Fe,82,9 de Julio,82077,81000,45000,62000,1378
sorgo,1971,1971/1972,Santa Fe,82,Belgrano,82007,14000,6000,13000,2167
sorgo,1971,1971/1972,Santa Fe,82,Caseros,82014,6000,3000,8000,2667
sorgo,1971,1971/1972,Santa Fe,82,Castellanos,82021,153000,60000,82000,1367
sorgo,1971,1971/1972,Santa Fe,82,Garay,82035,2000,1000,1300,1300
sorgo,1971,1971/1972,Santa Fe,82,General López,82042,30000,16000,40000,2500
sorgo,1971,1971/1972,Santa Fe,82,General Obligado,82049,14000,10000,20000,2000
sorgo,1971,1971/1972,Santa Fe,82,Iriondo,82056,14000,12500,32000,2560
sorgo,1971,1971/1972,Santa Fe,82,La Capital,82063,4000,2500,4000,1600
sorgo,1971,1971/1972,Santa Fe,82,Las Colonias,82070,73000,48000,62000,1292
sorgo,1971,1971/1972,Santa Fe,82,Rosario,82084,5000,4000,8700,2175
sorgo,1971,1971/1972,Santa Fe,82,San Cristóbal,82091,173000,66000,83000,1258
sorgo,1971,1971/1972,Santa Fe,82,San Javier,82098,9000,6000,8000,1333
sorgo,1971,1971/1972,Santa Fe,82,San Jerónimo,82105,29000,15000,28000,1867
sorgo,1971,1971/1972,Santa Fe,82,San Justo,82112,14000,8000,11000,1375
sorgo,1971,1971/1972,Santa Fe,82,San Lorenzo,82119,10000,8500,21000,2471
sorgo,1971,1971/1972,Santa Fe,82,San Martín,82126,85000,42000,78000,1857
sorgo,1971,1971/1972,Santa Fe,82,Vera,82133,17000,10000,13000,1300
sorgo,1971,1971/1972,Santa Fe,82,Villa Constitución,82028,7000,6500,15000,2308
sorgo,1971,1971/1972,Santiago del Estero,86,Aguirre,86007,500,50,25,500
sorgo,1971,1971/1972,Santiago del Estero,86,Avellaneda,86028,1000,300,270,900
sorgo,1971,1971/1972,Santiago del Estero,86,Banda,86035,1000,300,360,1200
sorgo,1971,1971/1972,Santiago del Estero,86,Belgrano,86042,5000,400,200,500
sorgo,1971,1971/1972,Santiago del Estero,86,Capital,86049,500,100,95,950
sorgo,1971,1971/1972,Santiago del Estero,86,General Taboada,86077,4000,400,240,600
sorgo,1971,1971/1972,Santiago del Estero,86,Juan F. Ibarra,86098,500,100,50,500
sorgo,1971,1971/1972,Santiago del Estero,86,Moreno,86119,800,150,90,600
sorgo,1971,1971/1972,Santiago del Estero,86,Rivadavia,86154,10000,1000,700,700
sorgo,1971,1971/1972,Santiago del Estero,86,Robles,86161,1000,400,520,1300
sorgo,1971,1971/1972,Santiago del Estero,86,San Martín,86175,300,100,100,1000
sorgo,1971,1971/1972,Santiago del Estero,86,Silípica,86189,500,200,220,1100
sorgo,1971,1971/1972,Tucumán,90,Burruyacú,90007,5000,2000,4000,2000
sorgo,1971,1971/1972,Tucumán,90,Chicligasta,90021,300,100,200,2000
sorgo,1971,1971/1972,Tucumán,90,Cruz Alta,90014,2000,1500,3000,2000
sorgo,1971,1971/1972,Tucumán,90,Graneros,90035,2000,1000,1940,1940
sorgo,1971,1971/1972,Tucumán,90,Leales,90056,2000,1000,1900,1900
sorgo,1971,1971/1972,Tucumán,90,Monteros,90070,200,100,200,2000
sorgo,1971,1971/1972,Tucumán,90,Río Chico,90077,100,50,100,2000
sorgo,1971,1971/1972,Tucumán,90,Tafí del Valle,90098,30,20,40,2000
sorgo,1971,1971/1972,Tucumán,90,Trancas,90112,1500,890,1780,2000
sorgo,1972,1972/1973,Buenos Aires,06,25 de Mayo,06854,3000,1200,4680,3900
sorgo,1972,1972/1973,Buenos Aires,06,9 de Julio,06588,12000,7000,32200,4600
sorgo,1972,1972/1973,Buenos Aires,06,Adolfo Alsina,06007,12000,6000,12000,2000
sorgo,1972,1972/1973,Buenos Aires,06,Adolfo Gonzales Chaves,06014,700,100,100,1000
sorgo,1972,1972/1973,Buenos Aires,06,Alberti,06021,1800,1600,7200,4500
sorgo,1972,1972/1973,Buenos Aires,06,Arrecifes,06077,2500,2220,7104,3200
sorgo,1972,1972/1973,Buenos Aires,06,Ayacucho,06042,2800,100,300,3000
sorgo,1972,1972/1973,Buenos Aires,06,Azul,06049,6300,600,1920,3200
sorgo,1972,1972/1973,Buenos Aires,06,Bahía Blanca,06056,6000,0,0,0
sorgo,1972,1972/1973,Buenos Aires,06,Balcarce,06063,1000,0,0,0
sorgo,1972,1972/1973,Buenos Aires,06,Baradero,06070,2500,2160,7128,3300
sorgo,1972,1972/1973,Buenos Aires,06,Benito Juárez,06084,1600,100,250,2500
sorgo,1972,1972/1973,Buenos Aires,06,Berazategui,06091,500,200,660,3300
sorgo,1972,1972/1973,Buenos Aires,06,Bolívar,06105,6000,4000,17200,4300
sorgo,1972,1972/1973,Buenos Aires,06,Bragado,06112,2200,1800,8100,4500
sorgo,1972,1972/1973,Buenos Aires,06,Brandsen,06119,200,20,62,3100
sorgo,1972,1972/1973,Buenos Aires,06,Cañuelas,06134,950,150,495,3300
sorgo,1972,1972/1973,Buenos Aires,06,Capitán Sarmiento,06140,1800,1620,5346,3300
sorgo,1972,1972/1973,Buenos Aires,06,Carlos Casares,06147,6000,3500,17500,5000
sorgo,1972,1972/1973,Buenos Aires,06,Carlos Tejedor,06154,12000,7000,19600,2800
sorgo,1972,1972/1973,Buenos Aires,06,Carmen de Areco,06161,3000,2660,8512,3200
sorgo,1972,1972/1973,Buenos Aires,06,Castelli,06168,300,0,0,0
sorgo,1972,1972/1973,Buenos Aires,06,Chacabuco,06210,6500,5500,27500,5000
sorgo,1972,1972/1973,Buenos Aires,06,Chascomús,06217,1500,0,0,0
sorgo,1972,1972/1973,Buenos Aires,06,Chivilcoy,06224,4500,4500,22500,5000
sorgo,1972,1972/1973,Buenos Aires,06,Colón,06175,2300,2000,10000,5000
sorgo,1972,1972/1973,Buenos Aires,06,Coronel de Marina Leonardo Rosales,06182,3000,0,0,0
sorgo,1972,1972/1973,Buenos Aires,06,Coronel Dorrego,06189,600,50,40,800
sorgo,1972,1972/1973,Buenos Aires,06,Coronel Pringles,06196,1500,100,80,800
sorgo,1972,1972/1973,Buenos Aires,06,Coronel Suárez,06203,25000,15000,27000,1800
sorgo,1972,1972/1973,Buenos Aires,06,Daireaux,06231,15000,10000,20000,2000
sorgo,1972,1972/1973,Buenos Aires,06,Dolores,06238,700,0,0,0
sorgo,1972,1972/1973,Buenos Aires,06,Esteban Echeverría,06260,50,0,0,0
sorgo,1972,1972/1973,Buenos Aires,06,Exaltación de la Cruz,06266,4500,4500,13500,3000
sorgo,1972,1972/1973,Buenos Aires,06,General Alvarado,06280,800,0,0,0
sorgo,1972,1972/1973,Buenos Aires,06,General Alvear,06287,500,350,1050,3000
sorgo,1972,1972/1973,Buenos Aires,06,General Arenales,06294,1100,600,2880,4800
sorgo,1972,1972/1973,Buenos Aires,06,General Belgrano,06301,3000,2550,9180,3600
sorgo,1972,1972/1973,Buenos Aires,06,General Guido,06308,500,0,0,0
sorgo,1972,1972/1973,Buenos Aires,06,General Juan Madariaga,06315,700,0,0,0
sorgo,1972,1972/1973,Buenos Aires,06,General La Madrid,06322,30000,20000,40000,2000
sorgo,1972,1972/1973,Buenos Aires,06,General Lavalle,06336,100,0,0,0
sorgo,1972,1972/1973,Buenos Aires,06,General Paz,06343,550,0,0,0
sorgo,1972,1972/1973,Buenos Aires,06,General Pinto,06351,32000,25000,75000,3000
sorgo,1972,1972/1973,Buenos Aires,06,General Pueyrredón,06357,800,0,0,0
sorgo,1972,1972/1973,Buenos Aires,06,General Rodríguez,06364,350,350,910,2600
sorgo,1972,1972/1973,Buenos Aires,06,General Viamonte,06385,8800,6500,29250,4500
sorgo,1972,1972/1973,Buenos Aires,06,General Villegas,06392,34000,20000,60000,3000
sorgo,1972,1972/1973,Buenos Aires,06,Guaminí,06399,15000,10000,25000,2500
sorgo,1972,1972/1973,Buenos Aires,06,Hipólito Yrigoyen,06406,7000,5000,20000,4000
sorgo,1972,1972/1973,Buenos Aires,06,Junín,06413,6000,5000,24500,4900
sorgo,1972,1972/1973,Buenos Aires,06,La Matanza,06427,100,0,0,0
sorgo,1972,1972/1973,Buenos Aires,06,La Plata,06441,500,150,465,3100
sorgo,1972,1972/1973,Buenos Aires,06,Laprida,06448,2000,100,180,1800
sorgo,1972,1972/1973,Buenos Aires,06,Las Flores,06455,1500,900,2250,2500
sorgo,1972,1972/1973,Buenos Aires,06,Leandro N. Alem,06462,7500,6000,28800,4800
sorgo,1972,1972/1973,Buenos Aires,06,Lincoln,06469,15000,9500,40850,4300
sorgo,1972,1972/1973,Buenos Aires,06,Lobería,06476,3000,0,0,0
sorgo,1972,1972/1973,Buenos Aires,06,Lobos,06483,2500,2000,8000,4000
sorgo,1972,1972/1973,Buenos Aires,06,Luján,06497,1700,1700,5100,3000
sorgo,1972,1972/1973,Buenos Aires,06,Magdalena,06505,1200,200,640,3200
sorgo,1972,1972/1973,Buenos Aires,06,Maipú,06511,900,0,0,0
sorgo,1972,1972/1973,Buenos Aires,06,Marcos Paz,06525,200,50,190,3800
sorgo,1972,1972/1973,Buenos Aires,06,Mercedes,06532,1750,1530,6789,4437
sorgo,1972,1972/1973,Buenos Aires,06,Monte,06547,2600,2000,6200,3100
sorgo,1972,1972/1973,Buenos Aires,06,Navarro,06574,3500,3000,13500,4500
sorgo,1972,1972/1973,Buenos Aires,06,Necochea,06581,2200,200,240,1200
sorgo,1972,1972/1973,Buenos Aires,06,Olavarría,06595,8000,1000,2800,2800
sorgo,1972,1972/1973,Buenos Aires,06,Patagones,06602,1500,0,0,0
sorgo,1972,1972/1973,Buenos Aires,06,Pehuajó,06609,22000,4000,8000,2000
sorgo,1972,1972/1973,Buenos Aires,06,Pellegrini,06616,12000,8000,20000,2500
sorgo,1972,1972/1973,Buenos Aires,06,Pergamino,06623,4500,3920,12936,3300
sorgo,1972,1972/1973,Buenos Aires,06,Pila,06630,600,0,0,0
sorgo,1972,1972/1973,Buenos Aires,06,Pilar,06638,500,500,1250,2500
sorgo,1972,1972/1973,Buenos Aires,06,Puán,06651,15000,0,0,0
sorgo,1972,1972/1973,Buenos Aires,06,Ramallo,06665,3500,3100,10230,3300
sorgo,1972,1972/1973,Buenos Aires,06,Rauch,06672,2400,100,300,3000
sorgo,1972,1972/1973,Buenos Aires,06,Rivadavia,06679,18000,9000,22500,2500
sorgo,1972,1972/1973,Buenos Aires,06,Rojas,06686,3300,3000,15000,5000
sorgo,1972,1972/1973,Buenos Aires,06,Roque Pérez,06693,2000,1600,5280,3300
sorgo,1972,1972/1973,Buenos Aires,06,Saavedra,06700,10000,7000,10500,1500
sorgo,1972,1972/1973,Buenos Aires,06,Saladillo,06707,2500,1300,4680,3600
sorgo,1972,1972/1973,Buenos Aires,06,Salliqueló,06721,7000,5000,15000,3000
sorgo,1972,1972/1973,Buenos Aires,06,Salto,06714,3500,3150,10395,3300
sorgo,1972,1972/1973,Buenos Aires,06,San Andrés de Giles,06728,3000,3000,9000,3000
sorgo,1972,1972/1973,Buenos Aires,06,San Antonio de Areco,06735,2500,2260,7232,3200
sorgo,1972,1972/1973,Buenos Aires,06,San Cayetano,06742,900,100,120,1200
sorgo,1972,1972/1973,Buenos Aires,06,San Nicolás,06763,2000,1770,5664,3200
sorgo,1972,1972/1973,Buenos Aires,06,San Pedro,06770,4000,3540,11682,3300
sorgo,1972,1972/1973,Buenos Aires,06,San Vicente,06778,50,0,0,0
sorgo,1972,1972/1973,Buenos Aires,06,Suipacha,06784,2200,1100,4950,4500
sorgo,1972,1972/1973,Buenos Aires,06,Tandil,06791,9500,800,2640,3300
sorgo,1972,1972/1973,Buenos Aires,06,Tapalqué,06798,1000,800,1920,2400
sorgo,1972,1972/1973,Buenos Aires,06,Tordillo,06812,300,0,0,0
sorgo,1972,1972/1973,Buenos Aires,06,Tornquist,06819,15000,0,0,0
sorgo,1972,1972/1973,Buenos Aires,06,Trenque Lauquen,06826,17000,8000,20000,2500
sorgo,1972,1972/1973,Buenos Aires,06,Tres Arroyos,06833,2600,200,220,1100
sorgo,1972,1972/1973,Buenos Aires,06,Villarino,06875,5000,0,0,0
sorgo,1972,1972/1973,Buenos Aires,06,Zárate,06882,2500,2500,6750,2700
sorgo,1972,1972/1973,Catamarca,10,Ambato,10007,10,0,0,0
sorgo,1972,1972/1973,Catamarca,10,Ancasti,10014,20,0,0,0
sorgo,1972,1972/1973,Catamarca,10,Capayán,10042,20,0,0,0
sorgo,1972,1972/1973,Catamarca,10,El Alto,10056,40,0,0,0
sorgo,1972,1972/1973,Catamarca,10,Fray Mamerto Esquiú,10063,50,0,0,0
sorgo,1972,1972/1973,Catamarca,10,La Paz,10070,100,0,0,0
sorgo,1972,1972/1973,Catamarca,10,Paclín,10077,30,0,0,0
sorgo,1972,1972/1973,Catamarca,10,Valle Viejo,10112,30,0,0,0
sorgo,1972,1972/1973,Chaco,22,1° de Mayo,22126,100,100,250,2500
sorgo,1972,1972/1973,Chaco,22,12 de Octubre,22036,11000,10500,26000,2476
sorgo,1972,1972/1973,Chaco,22,25 de Mayo,22168,3500,3500,11000,3143
sorgo,1972,1972/1973,Chaco,22,9 de Julio,22105,4000,4000,11000,2750
sorgo,1972,1972/1973,Chaco,22,Almirante Brown,22007,2500,2500,4500,1800
sorgo,1972,1972/1973,Chaco,22,Bermejo,22014,500,500,1750,3500
sorgo,1972,1972/1973,Chaco,22,Chacabuco,22028,3500,3450,11500,3333
sorgo,1972,1972/1973,Chaco,22,Comandante Fernández,22021,4000,4000,11000,2750
sorgo,1972,1972/1973,Chaco,22,Fray Justo Santa María de Oro,22043,15000,13000,21000,1615
sorgo,1972,1972/1973,Chaco,22,General Belgrano,22049,4000,4000,12000,3000
sorgo,1972,1972/1973,Chaco,22,General Donovan,22056,350,350,900,2571
sorgo,1972,1972/1973,Chaco,22,General Güemes,22063,2500,2500,8000,3200
sorgo,1972,1972/1973,Chaco,22,Independencia,22070,2500,2500,7000,2800
sorgo,1972,1972/1973,Chaco,22,Libertad,22077,300,300,600,2000
sorgo,1972,1972/1973,Chaco,22,Libertador General San Martín,22084,11500,11500,35000,3043
sorgo,1972,1972/1973,Chaco,22,Maipú,22091,10000,10000,29410,2941
sorgo,1972,1972/1973,Chaco,22,Mayor Luis J. Fontana,22098,10500,7000,10000,1429
sorgo,1972,1972/1973,Chaco,22,O'Higgins,22112,2000,1300,2000,1538
sorgo,1972,1972/1973,Chaco,22,Presidencia de la Plaza,22119,800,800,1700,2125
sorgo,1972,1972/1973,Chaco,22,Quitilipi,22133,4000,4000,12500,3125
sorgo,1972,1972/1973,Chaco,22,San Fernando,22140,1500,600,890,1483
sorgo,1972,1972/1973,Chaco,22,San Lorenzo,22147,3000,2000,3000,1500
sorgo,1972,1972/1973,Chaco,22,Sargento Cabral,22154,1200,1200,3000,2500
sorgo,1972,1972/1973,Córdoba,14,Calamuchita,14007,8300,6800,11560,1700
sorgo,1972,1972/1973,Córdoba,14,Capital,14014,900,800,1200,1500
sorgo,1972,1972/1973,Córdoba,14,Colón,14021,7600,6700,11390,1700
sorgo,1972,1972/1973,Córdoba,14,Cruz del Eje,14028,1200,900,1260,1400
sorgo,1972,1972/1973,Córdoba,14,General Roca,14035,115000,97000,213400,2200
sorgo,1972,1972/1973,Córdoba,14,General San Martín,14042,23500,15000,27000,1800
sorgo,1972,1972/1973,Córdoba,14,Ischilín,14049,1600,1450,2175,1500
sorgo,1972,1972/1973,Córdoba,14,Juárez Celman,14056,76000,67000,147400,2200
sorgo,1972,1972/1973,Córdoba,14,Marcos Juárez,14063,60000,58500,198900,3400
sorgo,1972,1972/1973,Córdoba,14,Pocho,14077,1900,1700,2550,1500
sorgo,1972,1972/1973,Córdoba,14,Presidente Roque Sáenz Peña,14084,70000,65000,136500,2100
sorgo,1972,1972/1973,Córdoba,14,Punilla,14091,700,600,840,1400
sorgo,1972,1972/1973,Córdoba,14,Río Cuarto,14098,210000,184000,404800,2200
sorgo,1972,1972/1973,Córdoba,14,Río Primero,14105,21000,15000,25500,1700
sorgo,1972,1972/1973,Córdoba,14,Río Seco,14112,200,180,240,1333
sorgo,1972,1972/1973,Córdoba,14,Río Segundo,14119,75000,57000,102600,1800
sorgo,1972,1972/1973,Córdoba,14,San Alberto,14126,1200,1100,1540,1400
sorgo,1972,1972/1973,Córdoba,14,San Justo,14140,185000,108000,151453,1402
sorgo,1972,1972/1973,Córdoba,14,Santa María,14147,14000,10400,16640,1600
sorgo,1972,1972/1973,Córdoba,14,Sobremonte,14154,200,180,252,1400
sorgo,1972,1972/1973,Córdoba,14,Tercero Arriba,14161,71000,61000,128100,2100
sorgo,1972,1972/1973,Córdoba,14,Totoral,14168,5500,5120,7400,1445
sorgo,1972,1972/1973,Córdoba,14,Tulumba,14175,400,370,500,1351
sorgo,1972,1972/1973,Córdoba,14,Unión,14182,94000,73000,189800,2600
sorgo,1972,1972/1973,Corrientes,18,Bella Vista,18007,3500,3400,6800,2000
sorgo,1972,1972/1973,Corrientes,18,Berón de Astrada,18014,200,200,360,1800
sorgo,1972,1972/1973,Corrientes,18,Capital,18021,300,290,522,1800
sorgo,1972,1972/1973,Corrientes,18,Concepción,18028,1800,1780,4450,2500
sorgo,1972,1972/1973,Corrientes,18,Curuzu Cuatia,18035,2000,1985,4764,2400
sorgo,1972,1972/1973,Corrientes,18,Empedrado,18042,1700,1600,2720,1700
sorgo,1972,1972/1973,Corrientes,18,Esquina,18049,4700,4550,9100,2000
sorgo,1972,1972/1973,Corrientes,18,General Alvear,18056,155,145,388,2676
sorgo,1972,1972/1973,Corrientes,18,General Paz,18063,50,50,85,1700
sorgo,1972,1972/1973,Corrientes,18,Goya,18070,1200,1150,1840,1600
sorgo,1972,1972/1973,Corrientes,18,Itatí,18077,30,30,48,1600
sorgo,1972,1972/1973,Corrientes,18,Ituzaingó,18084,300,300,780,2600
sorgo,1972,1972/1973,Corrientes,18,Lavalle,18091,2000,1940,3880,2000
sorgo,1972,1972/1973,Corrientes,18,Mburucuyá,18098,200,200,520,2600
sorgo,1972,1972/1973,Corrientes,18,Mercedes,18105,1200,1180,2596,2200
sorgo,1972,1972/1973,Corrientes,18,Monte Caseros,18112,2500,2475,6682,2700
sorgo,1972,1972/1973,Corrientes,18,Paso de los Libres,18119,800,790,2212,2800
sorgo,1972,1972/1973,Corrientes,18,Saladas,18126,1000,980,1960,2000
sorgo,1972,1972/1973,Corrientes,18,San Cosme,18133,50,50,90,1800
sorgo,1972,1972/1973,Corrientes,18,San Luis del Palmar,18140,200,200,380,1900
sorgo,1972,1972/1973,Corrientes,18,San Martín,18147,150,150,420,2800
sorgo,1972,1972/1973,Corrientes,18,San Miguel,18154,15,15,27,1800
sorgo,1972,1972/1973,Corrientes,18,San Roque,18161,400,380,608,1600
sorgo,1972,1972/1973,Corrientes,18,Santo Tomé,18168,600,580,1508,2600
sorgo,1972,1972/1973,Corrientes,18,Sauce,18175,1200,1180,2360,2000
sorgo,1972,1972/1973,Entre Ríos,30,Colón,30008,14000,11500,19000,1652
sorgo,1972,1972/1973,Entre Ríos,30,Concordia,30015,7000,5700,8800,1544
sorgo,1972,1972/1973,Entre Ríos,30,Diamante,30021,10000,9700,19500,2010
sorgo,1972,1972/1973,Entre Ríos,30,Federación,30028,3000,2400,3400,1417
sorgo,1972,1972/1973,Entre Ríos,30,Feliciano,30042,1800,1500,2100,1400
sorgo,1972,1972/1973,Entre Ríos,30,Gualeguay,30049,9500,8500,15500,1824
sorgo,1972,1972/1973,Entre Ríos,30,Gualeguaychú,30056,24000,20500,37000,1805
sorgo,1972,1972/1973,Entre Ríos,30,La Paz,30070,7500,6500,12000,1846
sorgo,1972,1972/1973,Entre Ríos,30,Nogoyá,30077,12500,11000,20000,1818
sorgo,1972,1972/1973,Entre Ríos,30,Paraná,30084,17000,15000,29700,1980
sorgo,1972,1972/1973,Entre Ríos,30,Tala,30091,8000,7200,13500,1875
sorgo,1972,1972/1973,Entre Ríos,30,Uruguay,30098,26000,23000,39000,1696
sorgo,1972,1972/1973,Entre Ríos,30,Victoria,30105,13000,12500,26500,2120
sorgo,1972,1972/1973,Entre Ríos,30,Villaguay,30113,20000,16500,26000,1576
sorgo,1972,1972/1973,Formosa,34,Laishí,34021,6500,6000,18000,3000
sorgo,1972,1972/1973,Formosa,34,Patiño,34035,5000,5000,16000,3200
sorgo,1972,1972/1973,Formosa,34,Pilagás,34042,2300,2300,8500,3696
sorgo,1972,1972/1973,Formosa,34,Pilcomayo,34049,1800,1800,5400,3000
sorgo,1972,1972/1973,Formosa,34,Pirané,34056,30000,27000,89100,3300
sorgo,1972,1972/1973,La Pampa,42,Atreucó,42007,17000,12000,24000,2000
sorgo,1972,1972/1973,La Pampa,42,Caleu Caleu,42014,300,100,150,1500
sorgo,1972,1972/1973,La Pampa,42,Capital,42021,9000,6000,10800,1800
sorgo,1972,1972/1973,La Pampa,42,Catriló,42028,12000,9000,19800,2200
sorgo,1972,1972/1973,La Pampa,42,Chapaleufú,42056,30000,22000,55000,2500
sorgo,1972,1972/1973,La Pampa,42,Conhelo,42035,31000,25000,65000,2600
sorgo,1972,1972/1973,La Pampa,42,Guatraché,42070,10000,7000,14700,2100
sorgo,1972,1972/1973,La Pampa,42,Hucal,42077,2500,500,650,1300
sorgo,1972,1972/1973,La Pampa,42,Loventué,42098,1000,600,900,1500
sorgo,1972,1972/1973,La Pampa,42,Maracó,42105,24000,18000,43700,2428
sorgo,1972,1972/1973,La Pampa,42,Quemú Quemú,42119,19500,14000,36400,2600
sorgo,1972,1972/1973,La Pampa,42,Rancul,42126,34000,25000,67000,2680
sorgo,1972,1972/1973,La Pampa,42,Realicó,42133,40000,30000,84000,2800
sorgo,1972,1972/1973,La Pampa,42,Toay,42140,4000,2500,3550,1420
sorgo,1972,1972/1973,La Pampa,42,Trenel,42147,20000,15000,40500,2700
sorgo,1972,1972/1973,La Pampa,42,Utracán,42154,9000,6500,11850,1823
sorgo,1972,1972/1973,Salta,66,Anta,66007,500,500,2000,4000
sorgo,1972,1972/1973,Salta,66,General José de San Martín,66056,800,800,4000,5000
sorgo,1972,1972/1973,Salta,66,La Candelaria,66084,200,200,800,4000
sorgo,1972,1972/1973,Salta,66,Metán,66112,1000,1000,4000,4000
sorgo,1972,1972/1973,Salta,66,Rosario de la Frontera,66140,1000,1000,4000,4000
sorgo,1972,1972/1973,San Luis,74,Ayacucho,74007,315,234,186,795
sorgo,1972,1972/1973,San Luis,74,Chacabuco,74028,8900,7233,5786,800
sorgo,1972,1972/1973,San Luis,74,Coronel Pringles,74021,6050,5145,4116,800
sorgo,1972,1972/1973,San Luis,74,General Pedernera,74035,16800,13620,10896,800
sorgo,1972,1972/1973,San Luis,74,Gobernador Dupuy,74042,10500,8650,6920,800
sorgo,1972,1972/1973,San Luis,74,Juan Martín de Pueyrredón,74056,2750,2375,1900,800
sorgo,1972,1972/1973,San Luis,74,Junín,74049,1725,1055,735,697
sorgo,1972,1972/1973,San Luis,74,Libertador General San Martín,74063,2860,2088,1461,700
sorgo,1972,1972/1973,Santa Fe,82,9 de Julio,82077,80000,49000,103000,2102
sorgo,1972,1972/1973,Santa Fe,82,Belgrano,82007,16000,11000,29000,2636
sorgo,1972,1972/1973,Santa Fe,82,Caseros,82014,4000,3000,10000,3333
sorgo,1972,1972/1973,Santa Fe,82,Castellanos,82021,145000,82000,174000,2122
sorgo,1972,1972/1973,Santa Fe,82,Garay,82035,1500,100,220,2200
sorgo,1972,1972/1973,Santa Fe,82,General López,82042,28000,20000,70000,3500
sorgo,1972,1972/1973,Santa Fe,82,General Obligado,82049,15000,8500,13500,1588
sorgo,1972,1972/1973,Santa Fe,82,Iriondo,82056,18000,15500,54000,3484
sorgo,1972,1972/1973,Santa Fe,82,La Capital,82063,4000,2700,6800,2519
sorgo,1972,1972/1973,Santa Fe,82,Las Colonias,82070,52000,39000,90000,2308
sorgo,1972,1972/1973,Santa Fe,82,Rosario,82084,6000,5500,21000,3818
sorgo,1972,1972/1973,Santa Fe,82,San Cristóbal,82091,155000,85000,177000,2082
sorgo,1972,1972/1973,Santa Fe,82,San Javier,82098,10000,6500,10500,1615
sorgo,1972,1972/1973,Santa Fe,82,San Jerónimo,82105,30000,21000,54000,2571
sorgo,1972,1972/1973,Santa Fe,82,San Justo,82112,16000,10500,26300,2505
sorgo,1972,1972/1973,Santa Fe,82,San Lorenzo,82119,9000,7100,23000,3239
sorgo,1972,1972/1973,Santa Fe,82,San Martín,82126,89000,62000,157000,2532
sorgo,1972,1972/1973,Santa Fe,82,Vera,82133,17000,9000,12500,1389
sorgo,1972,1972/1973,Santa Fe,82,Villa Constitución,82028,4500,1600,6180,3863
sorgo,1972,1972/1973,Santiago del Estero,86,Aguirre,86007,600,200,160,800
sorgo,1972,1972/1973,Santiago del Estero,86,Avellaneda,86028,1600,300,270,900
sorgo,1972,1972/1973,Santiago del Estero,86,Banda,86035,1200,300,360,1200
sorgo,1972,1972/1973,Santiago del Estero,86,Belgrano,86042,6000,2000,1860,930
sorgo,1972,1972/1973,Santiago del Estero,86,Capital,86049,400,100,110,1100
sorgo,1972,1972/1973,Santiago del Estero,86,General Taboada,86077,4500,1500,1350,900
sorgo,1972,1972/1973,Santiago del Estero,86,Juan F. Ibarra,86098,700,100,90,900
sorgo,1972,1972/1973,Santiago del Estero,86,Moreno,86119,1000,200,160,800
sorgo,1972,1972/1973,Santiago del Estero,86,Rivadavia,86154,13000,5000,4300,860
sorgo,1972,1972/1973,Santiago del Estero,86,Robles,86161,800,200,240,1200
sorgo,1972,1972/1973,Santiago del Estero,86,San Martín,86175,200,50,50,1000
sorgo,1972,1972/1973,Santiago del Estero,86,Silípica,86189,300,50,50,1000
sorgo,1972,1972/1973,Tucumán,90,Burruyacú,90007,4950,4950,10000,2020
sorgo,1972,1972/1973,Tucumán,90,Chicligasta,90021,400,400,800,2000
sorgo,1972,1972/1973,Tucumán,90,Cruz Alta,90014,2000,2000,4000,2000
sorgo,1972,1972/1973,Tucumán,90,Graneros,90035,3000,3000,6000,2000
sorgo,1972,1972/1973,Tucumán,90,Leales,90056,3000,3000,6000,2000
sorgo,1972,1972/1973,Tucumán,90,Monteros,90070,300,300,600,2000
sorgo,1972,1972/1973,Tucumán,90,Río Chico,90077,300,300,600,2000
sorgo,1972,1972/1973,Tucumán,90,Tafí del Valle,90098,50,50,100,2000
sorgo,1972,1972/1973,Tucumán,90,Trancas,90112,4000,4000,8000,2000
sorgo,1973,1973/1974,Buenos Aires,06,25 de Mayo,06854,7000,7000,21000,3000
sorgo,1973,1973/1974,Buenos Aires,06,9 de Julio,06588,18000,18000,77400,4300
sorgo,1973,1973/1974,Buenos Aires,06,Adolfo Alsina,06007,18000,13000,42900,3300
sorgo,1973,1973/1974,Buenos Aires,06,Adolfo Gonzales Chaves,06014,1000,100,190,1900
sorgo,1973,1973/1974,Buenos Aires,06,Alberti,06021,2500,2500,10500,4200
sorgo,1973,1973/1974,Buenos Aires,06,Arrecifes,06077,2600,2380,9520,4000
sorgo,1973,1973/1974,Buenos Aires,06,Ayacucho,06042,1200,100,250,2500
sorgo,1973,1973/1974,Buenos Aires,06,Azul,06049,1500,150,510,3400
sorgo,1973,1973/1974,Buenos Aires,06,Bahía Blanca,06056,5000,4000,6400,1600
sorgo,1973,1973/1974,Buenos Aires,06,Balcarce,06063,1100,1100,3000,2727
sorgo,1973,1973/1974,Buenos Aires,06,Baradero,06070,3000,2730,10647,3900
sorgo,1973,1973/1974,Buenos Aires,06,Benito Juárez,06084,900,100,250,2500
sorgo,1973,1973/1974,Buenos Aires,06,Berazategui,06091,700,700,2100,3000
sorgo,1973,1973/1974,Buenos Aires,06,Bolívar,06105,17000,13500,54000,4000
sorgo,1973,1973/1974,Buenos Aires,06,Bragado,06112,4500,4500,18000,4000
sorgo,1973,1973/1974,Buenos Aires,06,Brandsen,06119,200,0,0,0
sorgo,1973,1973/1974,Buenos Aires,06,Campana,06126,1000,1000,3500,3500
sorgo,1973,1973/1974,Buenos Aires,06,Cañuelas,06134,500,0,0,0
sorgo,1973,1973/1974,Buenos Aires,06,Capitán Sarmiento,06140,1700,1535,6140,4000
sorgo,1973,1973/1974,Buenos Aires,06,Carlos Casares,06147,17000,15000,52500,3500
sorgo,1973,1973/1974,Buenos Aires,06,Carlos Tejedor,06154,30000,23000,80500,3500
sorgo,1973,1973/1974,Buenos Aires,06,Carmen de Areco,06161,2500,2300,8970,3900
sorgo,1973,1973/1974,Buenos Aires,06,Castelli,06168,400,0,0,0
sorgo,1973,1973/1974,Buenos Aires,06,Chacabuco,06210,4500,3870,15864,4099
sorgo,1973,1973/1974,Buenos Aires,06,Chascomús,06217,2000,0,0,0
sorgo,1973,1973/1974,Buenos Aires,06,Chivilcoy,06224,7000,7000,28000,4000
sorgo,1973,1973/1974,Buenos Aires,06,Colón,06175,3000,3000,13800,4600
sorgo,1973,1973/1974,Buenos Aires,06,Coronel de Marina Leonardo Rosales,06182,4000,3000,5100,1700
sorgo,1973,1973/1974,Buenos Aires,06,Coronel Dorrego,06189,800,100,200,2000
sorgo,1973,1973/1974,Buenos Aires,06,Coronel Pringles,06196,2500,150,330,2200
sorgo,1973,1973/1974,Buenos Aires,06,Coronel Suárez,06203,7000,5000,17000,3400
sorgo,1973,1973/1974,Buenos Aires,06,Daireaux,06231,16000,13000,52000,4000
sorgo,1973,1973/1974,Buenos Aires,06,Dolores,06238,800,0,0,0
sorgo,1973,1973/1974,Buenos Aires,06,Esteban Echeverría,06260,50,0,0,0
sorgo,1973,1973/1974,Buenos Aires,06,Exaltación de la Cruz,06266,5000,5000,17500,3500
sorgo,1973,1973/1974,Buenos Aires,06,General Alvarado,06280,900,500,1450,2900
sorgo,1973,1973/1974,Buenos Aires,06,General Alvear,06287,3000,3000,10800,3600
sorgo,1973,1973/1974,Buenos Aires,06,General Arenales,06294,1500,1500,6700,4467
sorgo,1973,1973/1974,Buenos Aires,06,General Belgrano,06301,5000,5000,22500,4500
sorgo,1973,1973/1974,Buenos Aires,06,General Guido,06308,500,0,0,0
sorgo,1973,1973/1974,Buenos Aires,06,General Juan Madariaga,06315,800,0,0,0
sorgo,1973,1973/1974,Buenos Aires,06,General La Madrid,06322,4000,3000,10200,3400
sorgo,1973,1973/1974,Buenos Aires,06,General Las Heras,06329,2000,2000,9000,4500
sorgo,1973,1973/1974,Buenos Aires,06,General Lavalle,06336,100,0,0,0
sorgo,1973,1973/1974,Buenos Aires,06,General Paz,06343,550,450,1700,3778
sorgo,1973,1973/1974,Buenos Aires,06,General Pinto,06351,27500,19000,76500,4026
sorgo,1973,1973/1974,Buenos Aires,06,General Pueyrredón,06357,900,500,1450,2900
sorgo,1973,1973/1974,Buenos Aires,06,General Rodríguez,06364,300,300,960,3200
sorgo,1973,1973/1974,Buenos Aires,06,General Viamonte,06385,8000,8000,35200,4400
sorgo,1973,1973/1974,Buenos Aires,06,General Villegas,06392,96000,62400,290800,4660
sorgo,1973,1973/1974,Buenos Aires,06,Guaminí,06399,15000,11500,41400,3600
sorgo,1973,1973/1974,Buenos Aires,06,Hipólito Yrigoyen,06406,6000,4000,12400,3100
sorgo,1973,1973/1974,Buenos Aires,06,Junín,06413,6500,5200,23400,4500
sorgo,1973,1973/1974,Buenos Aires,06,La Matanza,06427,50,0,0,0
sorgo,1973,1973/1974,Buenos Aires,06,La Plata,06441,500,200,600,3000
sorgo,1973,1973/1974,Buenos Aires,06,Laprida,06448,3000,150,280,1867
sorgo,1973,1973/1974,Buenos Aires,06,Las Flores,06455,3000,3000,5400,1800
sorgo,1973,1973/1974,Buenos Aires,06,Leandro N. Alem,06462,12000,10500,48300,4600
sorgo,1973,1973/1974,Buenos Aires,06,Lincoln,06469,25000,22000,93800,4264
sorgo,1973,1973/1974,Buenos Aires,06,Lobería,06476,3300,3000,8400,2800
sorgo,1973,1973/1974,Buenos Aires,06,Lobos,06483,6000,4000,18000,4500
sorgo,1973,1973/1974,Buenos Aires,06,Luján,06497,1800,1800,5760,3200
sorgo,1973,1973/1974,Buenos Aires,06,Magdalena,06505,3000,0,0,0
sorgo,1973,1973/1974,Buenos Aires,06,Maipú,06511,1000,0,0,0
sorgo,1973,1973/1974,Buenos Aires,06,Mar Chiquita,06518,500,0,0,0
sorgo,1973,1973/1974,Buenos Aires,06,Marcos Paz,06525,200,0,0,0
sorgo,1973,1973/1974,Buenos Aires,06,Mercedes,06532,3500,3500,12250,3500
sorgo,1973,1973/1974,Buenos Aires,06,Monte,06547,2600,2000,9000,4500
sorgo,1973,1973/1974,Buenos Aires,06,Navarro,06574,4000,3400,15300,4500
sorgo,1973,1973/1974,Buenos Aires,06,Necochea,06581,2500,300,750,2500
sorgo,1973,1973/1974,Buenos Aires,06,Olavarría,06595,1100,150,510,3400
sorgo,1973,1973/1974,Buenos Aires,06,Patagones,06602,1000,0,0,0
sorgo,1973,1973/1974,Buenos Aires,06,Pehuajó,06609,48000,40000,144000,3600
sorgo,1973,1973/1974,Buenos Aires,06,Pellegrini,06616,8000,6500,23400,3600
sorgo,1973,1973/1974,Buenos Aires,06,Pergamino,06623,4000,3670,15414,4200
sorgo,1973,1973/1974,Buenos Aires,06,Pila,06630,600,0,0,0
sorgo,1973,1973/1974,Buenos Aires,06,Pilar,06638,500,500,1600,3200
sorgo,1973,1973/1974,Buenos Aires,06,Puán,06651,12000,10500,31500,3000
sorgo,1973,1973/1974,Buenos Aires,06,Ramallo,06665,3500,3235,12616,3900
sorgo,1973,1973/1974,Buenos Aires,06,Rauch,06672,3700,1000,2500,2500
sorgo,1973,1973/1974,Buenos Aires,06,Rivadavia,06679,50000,38000,133500,3513
sorgo,1973,1973/1974,Buenos Aires,06,Rojas,06686,3500,3000,13800,4600
sorgo,1973,1973/1974,Buenos Aires,06,Roque Pérez,06693,3000,3000,13500,4500
sorgo,1973,1973/1974,Buenos Aires,06,Saavedra,06700,5000,4000,13200,3300
sorgo,1973,1973/1974,Buenos Aires,06,Saladillo,06707,4000,4000,14400,3600
sorgo,1973,1973/1974,Buenos Aires,06,Salliqueló,06721,6500,5000,17500,3500
sorgo,1973,1973/1974,Buenos Aires,06,Salto,06714,3800,3350,14070,4200
sorgo,1973,1973/1974,Buenos Aires,06,San Andrés de Giles,06728,2500,2500,10000,4000
sorgo,1973,1973/1974,Buenos Aires,06,San Antonio de Areco,06735,2200,1990,8159,4100
sorgo,1973,1973/1974,Buenos Aires,06,San Cayetano,06742,1000,100,250,2500
sorgo,1973,1973/1974,Buenos Aires,06,San Nicolás,06763,1500,1360,5440,4000
sorgo,1973,1973/1974,Buenos Aires,06,San Pedro,06770,3500,3330,13320,4000
sorgo,1973,1973/1974,Buenos Aires,06,San Vicente,06778,50,0,0,0
sorgo,1973,1973/1974,Buenos Aires,06,Suipacha,06784,2000,2000,8000,4000
sorgo,1973,1973/1974,Buenos Aires,06,Tandil,06791,1800,200,700,3500
sorgo,1973,1973/1974,Buenos Aires,06,Tapalqué,06798,1500,1500,6300,4200
sorgo,1973,1973/1974,Buenos Aires,06,Tordillo,06812,500,0,0,0
sorgo,1973,1973/1974,Buenos Aires,06,Tornquist,06819,10000,9500,22800,2400
sorgo,1973,1973/1974,Buenos Aires,06,Trenque Lauquen,06826,58000,40000,140000,3500
sorgo,1973,1973/1974,Buenos Aires,06,Tres Arroyos,06833,3000,200,400,2000
sorgo,1973,1973/1974,Buenos Aires,06,Villarino,06875,5000,1500,2250,1500
sorgo,1973,1973/1974,Buenos Aires,06,Zárate,06882,3000,3000,10500,3500
sorgo,1973,1973/1974,Chaco,22,1° de Mayo,22126,300,300,560,1867
sorgo,1973,1973/1974,Chaco,22,12 de Octubre,22036,10000,5000,4000,800
sorgo,1973,1973/1974,Chaco,22,25 de Mayo,22168,3000,1900,2500,1316
sorgo,1973,1973/1974,Chaco,22,9 de Julio,22105,5000,3000,4000,1333
sorgo,1973,1973/1974,Chaco,22,Almirante Brown,22007,1500,1500,2000,1333
sorgo,1973,1973/1974,Chaco,22,Bermejo,22014,700,100,120,1200
sorgo,1973,1973/1974,Chaco,22,Chacabuco,22028,10000,6500,9500,1462
sorgo,1973,1973/1974,Chaco,22,Comandante Fernández,22021,8000,6450,11000,1705
sorgo,1973,1973/1974,Chaco,22,Fray Justo Santa María de Oro,22043,8000,2500,1800,720
sorgo,1973,1973/1974,Chaco,22,General Belgrano,22049,3500,2500,2600,1040
sorgo,1973,1973/1974,Chaco,22,General Donovan,22056,400,400,920,2300
sorgo,1973,1973/1974,Chaco,22,General Güemes,22063,2000,1500,3000,2000
sorgo,1973,1973/1974,Chaco,22,Independencia,22070,3000,2200,3100,1409
sorgo,1973,1973/1974,Chaco,22,Libertad,22077,200,200,400,2000
sorgo,1973,1973/1974,Chaco,22,Libertador General San Martín,22084,11500,10000,17000,1700
sorgo,1973,1973/1974,Chaco,22,Maipú,22091,5500,5000,7300,1460
sorgo,1973,1973/1974,Chaco,22,Mayor Luis J. Fontana,22098,7000,2500,1900,760
sorgo,1973,1973/1974,Chaco,22,O'Higgins,22112,2500,500,400,800
sorgo,1973,1973/1974,Chaco,22,Presidencia de la Plaza,22119,900,750,900,1200
sorgo,1973,1973/1974,Chaco,22,Quitilipi,22133,5000,3500,5200,1486
sorgo,1973,1973/1974,Chaco,22,San Fernando,22140,800,600,900,1500
sorgo,1973,1973/1974,Chaco,22,San Lorenzo,22147,2000,1000,800,800
sorgo,1973,1973/1974,Chaco,22,Sargento Cabral,22154,1400,1400,1900,1357
sorgo,1973,1973/1974,Córdoba,14,Calamuchita,14007,7000,6000,9900,1650
sorgo,1973,1973/1974,Córdoba,14,Capital,14014,800,800,1300,1625
sorgo,1973,1973/1974,Córdoba,14,Colón,14021,6500,6500,11000,1692
sorgo,1973,1973/1974,Córdoba,14,Cruz del Eje,14028,1000,1000,1300,1300
sorgo,1973,1973/1974,Córdoba,14,General Roca,14035,115000,105000,210000,2000
sorgo,1973,1973/1974,Córdoba,14,General San Martín,14042,23000,16000,32000,2000
sorgo,1973,1973/1974,Córdoba,14,Ischilín,14049,1400,1400,1900,1357
sorgo,1973,1973/1974,Córdoba,14,Juárez Celman,14056,77000,75000,150000,2000
sorgo,1973,1973/1974,Córdoba,14,Marcos Juárez,14063,40000,37000,120000,3243
sorgo,1973,1973/1974,Córdoba,14,Pocho,14077,1600,1400,2100,1500
sorgo,1973,1973/1974,Córdoba,14,Presidente Roque Sáenz Peña,14084,77000,60000,120000,2000
sorgo,1973,1973/1974,Córdoba,14,Punilla,14091,600,500,700,1400
sorgo,1973,1973/1974,Córdoba,14,Río Cuarto,14098,240000,190000,380000,2000
sorgo,1973,1973/1974,Córdoba,14,Río Primero,14105,18000,16000,27000,1688
sorgo,1973,1973/1974,Córdoba,14,Río Seco,14112,200,0,0,0
sorgo,1973,1973/1974,Córdoba,14,Río Segundo,14119,48000,42000,66200,1576
sorgo,1973,1973/1974,Córdoba,14,San Alberto,14126,1000,1000,1600,1600
sorgo,1973,1973/1974,Córdoba,14,San Justo,14140,150000,130000,234000,1800
sorgo,1973,1973/1974,Córdoba,14,Santa María,14147,9000,6000,10800,1800
sorgo,1973,1973/1974,Córdoba,14,Sobremonte,14154,200,0,0,0
sorgo,1973,1973/1974,Córdoba,14,Tercero Arriba,14161,50000,42000,84000,2000
sorgo,1973,1973/1974,Córdoba,14,Totoral,14168,4700,4100,5800,1415
sorgo,1973,1973/1974,Córdoba,14,Tulumba,14175,300,300,400,1333
sorgo,1973,1973/1974,Córdoba,14,Unión,14182,75000,65000,130000,2000
sorgo,1973,1973/1974,Corrientes,18,Bella Vista,18007,3540,3150,6800,2159
sorgo,1973,1973/1974,Corrientes,18,Berón de Astrada,18014,250,235,470,2000
sorgo,1973,1973/1974,Corrientes,18,Capital,18021,350,330,726,2200
sorgo,1973,1973/1974,Corrientes,18,Concepción,18028,1800,1650,3630,2200
sorgo,1973,1973/1974,Corrientes,18,Curuzu Cuatia,18035,1600,1500,3000,2000
sorgo,1973,1973/1974,Corrientes,18,Empedrado,18042,2000,1800,3780,2100
sorgo,1973,1973/1974,Corrientes,18,Esquina,18049,3200,2800,6160,2200
sorgo,1973,1973/1974,Corrientes,18,General Alvear,18056,150,130,299,2300
sorgo,1973,1973/1974,Corrientes,18,General Paz,18063,60,50,115,2300
sorgo,1973,1973/1974,Corrientes,18,Goya,18070,1400,1250,2875,2300
sorgo,1973,1973/1974,Corrientes,18,Itatí,18077,35,32,74,2313
sorgo,1973,1973/1974,Corrientes,18,Ituzaingó,18084,400,370,814,2200
sorgo,1973,1973/1974,Corrientes,18,Lavalle,18091,1500,1300,2990,2300
sorgo,1973,1973/1974,Corrientes,18,Mburucuyá,18098,220,200,440,2200
sorgo,1973,1973/1974,Corrientes,18,Mercedes,18105,800,740,1776,2400
sorgo,1973,1973/1974,Corrientes,18,Monte Caseros,18112,2800,2550,6120,2400
sorgo,1973,1973/1974,Corrientes,18,Paso de los Libres,18119,1000,920,2024,2200
sorgo,1973,1973/1974,Corrientes,18,Saladas,18126,700,650,1300,2000
sorgo,1973,1973/1974,Corrientes,18,San Cosme,18133,60,55,121,2200
sorgo,1973,1973/1974,Corrientes,18,San Luis del Palmar,18140,200,185,425,2297
sorgo,1973,1973/1974,Corrientes,18,San Martín,18147,160,140,336,2400
sorgo,1973,1973/1974,Corrientes,18,San Miguel,18154,25,23,48,2087
sorgo,1973,1973/1974,Corrientes,18,San Roque,18161,450,410,943,2300
sorgo,1973,1973/1974,Corrientes,18,Santo Tomé,18168,600,550,1264,2298
sorgo,1973,1973/1974,Corrientes,18,Sauce,18175,800,700,1470,2100
sorgo,1973,1973/1974,Entre Ríos,30,Colón,30008,17000,16000,38200,2388
sorgo,1973,1973/1974,Entre Ríos,30,Concordia,30015,8500,8000,17000,2125
sorgo,1973,1973/1974,Entre Ríos,30,Diamante,30021,15000,14200,40600,2859
sorgo,1973,1973/1974,Entre Ríos,30,Federación,30028,4000,3800,8360,2200
sorgo,1973,1973/1974,Entre Ríos,30,Feliciano,30042,1800,1700,3740,2200
sorgo,1973,1973/1974,Entre Ríos,30,Gualeguay,30049,13000,12500,31500,2520
sorgo,1973,1973/1974,Entre Ríos,30,Gualeguaychú,30056,21000,20000,49600,2480
sorgo,1973,1973/1974,Entre Ríos,30,La Paz,30070,16000,15300,41800,2732
sorgo,1973,1973/1974,Entre Ríos,30,Nogoyá,30077,17000,16100,45000,2795
sorgo,1973,1973/1974,Entre Ríos,30,Paraná,30084,25000,24000,70700,2946
sorgo,1973,1973/1974,Entre Ríos,30,Tala,30091,11000,10600,28600,2698
sorgo,1973,1973/1974,Entre Ríos,30,Uruguay,30098,23000,22100,58600,2652
sorgo,1973,1973/1974,Entre Ríos,30,Victoria,30105,19000,18200,54600,3000
sorgo,1973,1973/1974,Entre Ríos,30,Villaguay,30113,23000,21600,51700,2394
sorgo,1973,1973/1974,Formosa,34,Laishí,34021,10000,9000,18000,2000
sorgo,1973,1973/1974,Formosa,34,Patiño,34035,6500,5850,17550,3000
sorgo,1973,1973/1974,Formosa,34,Pilagás,34042,3000,2400,6000,2500
sorgo,1973,1973/1974,Formosa,34,Pilcomayo,34049,2000,1200,2150,1792
sorgo,1973,1973/1974,Formosa,34,Pirané,34056,34600,30750,76300,2481
sorgo,1973,1973/1974,La Pampa,42,Atreucó,42007,23000,12500,20240,1619
sorgo,1973,1973/1974,La Pampa,42,Caleu Caleu,42014,300,50,60,1200
sorgo,1973,1973/1974,La Pampa,42,Capital,42021,13000,9000,14400,1600
sorgo,1973,1973/1974,La Pampa,42,Catriló,42028,15000,8000,17600,2200
sorgo,1973,1973/1974,La Pampa,42,Chapaleufú,42056,37000,20050,49000,2444
sorgo,1973,1973/1974,La Pampa,42,Conhelo,42035,37000,22000,56200,2555
sorgo,1973,1973/1974,La Pampa,42,Guatraché,42070,12500,6000,10200,1700
sorgo,1973,1973/1974,La Pampa,42,Hucal,42077,3500,500,600,1200
sorgo,1973,1973/1974,La Pampa,42,Loventué,42098,1500,1000,1800,1800
sorgo,1973,1973/1974,La Pampa,42,Maracó,42105,29000,17000,40800,2400
sorgo,1973,1973/1974,La Pampa,42,Quemú Quemú,42119,26000,15000,37700,2513
sorgo,1973,1973/1974,La Pampa,42,Rancul,42126,38000,19000,48400,2547
sorgo,1973,1973/1974,La Pampa,42,Realicó,42133,47700,24000,66200,2758
sorgo,1973,1973/1974,La Pampa,42,Toay,42140,7500,3500,4200,1200
sorgo,1973,1973/1974,La Pampa,42,Trenel,42147,29000,17000,43200,2541
sorgo,1973,1973/1974,La Pampa,42,Utracán,42154,13000,6500,10400,1600
sorgo,1973,1973/1974,Río Negro,62,Pichi Mahuida,62063,20,15,8,533
sorgo,1973,1973/1974,Salta,66,Anta,66007,400,400,800,2000
sorgo,1973,1973/1974,Salta,66,General José de San Martín,66056,800,800,1920,2400
sorgo,1973,1973/1974,Salta,66,La Candelaria,66084,200,200,520,2600
sorgo,1973,1973/1974,Salta,66,Metán,66112,800,800,1920,2400
sorgo,1973,1973/1974,Salta,66,Rosario de la Frontera,66140,800,800,2240,2800
sorgo,1973,1973/1974,San Luis,74,Ayacucho,74007,330,280,280,1000
sorgo,1973,1973/1974,San Luis,74,Chacabuco,74028,9000,7100,7100,1000
sorgo,1973,1973/1974,San Luis,74,Coronel Pringles,74021,6200,5700,5700,1000
sorgo,1973,1973/1974,San Luis,74,General Pedernera,74035,17200,15000,18000,1200
sorgo,1973,1973/1974,San Luis,74,Gobernador Dupuy,74042,11000,9900,11720,1184
sorgo,1973,1973/1974,San Luis,74,Juan Martín de Pueyrredón,74056,2800,2500,3000,1200
sorgo,1973,1973/1974,San Luis,74,Junín,74049,1970,1720,2100,1221
sorgo,1973,1973/1974,San Luis,74,Libertador General San Martín,74063,3000,2100,2100,1000
sorgo,1973,1973/1974,Santa Fe,82,9 de Julio,82077,60000,20000,40000,2000
sorgo,1973,1973/1974,Santa Fe,82,Belgrano,82007,20000,14500,43500,3000
sorgo,1973,1973/1974,Santa Fe,82,Caseros,82014,4000,2000,6000,3000
sorgo,1973,1973/1974,Santa Fe,82,Castellanos,82021,130000,70000,140000,2000
sorgo,1973,1973/1974,Santa Fe,82,Garay,82035,1500,1300,2800,2154
sorgo,1973,1973/1974,Santa Fe,82,General López,82042,50000,32000,96000,3000
sorgo,1973,1973/1974,Santa Fe,82,General Obligado,82049,15000,11000,22000,2000
sorgo,1973,1973/1974,Santa Fe,82,Iriondo,82056,22000,19000,57000,3000
sorgo,1973,1973/1974,Santa Fe,82,La Capital,82063,6000,4300,10300,2395
sorgo,1973,1973/1974,Santa Fe,82,Las Colonias,82070,52000,40000,97000,2425
sorgo,1973,1973/1974,Santa Fe,82,Rosario,82084,7000,1800,5500,3056
sorgo,1973,1973/1974,Santa Fe,82,San Cristóbal,82091,110000,65000,130000,2000
sorgo,1973,1973/1974,Santa Fe,82,San Javier,82098,8000,6500,13000,2000
sorgo,1973,1973/1974,Santa Fe,82,San Jerónimo,82105,35000,24000,69300,2888
sorgo,1973,1973/1974,Santa Fe,82,San Justo,82112,25000,17500,44300,2531
sorgo,1973,1973/1974,Santa Fe,82,San Lorenzo,82119,11000,2300,7000,3043
sorgo,1973,1973/1974,Santa Fe,82,San Martín,82126,85000,62500,188000,3008
sorgo,1973,1973/1974,Santa Fe,82,Vera,82133,12000,10000,20000,2000
sorgo,1973,1973/1974,Santa Fe,82,Villa Constitución,82028,6500,2300,8300,3609
sorgo,1973,1973/1974,Santiago del Estero,86,Aguirre,86007,800,400,440,1100
sorgo,1973,1973/1974,Santiago del Estero,86,Avellaneda,86028,1500,640,751,1173
sorgo,1973,1973/1974,Santiago del Estero,86,Banda,86035,1000,300,390,1300
sorgo,1973,1973/1974,Santiago del Estero,86,Belgrano,86042,6500,3100,3480,1123
sorgo,1973,1973/1974,Santiago del Estero,86,Capital,86049,300,70,77,1100
sorgo,1973,1973/1974,Santiago del Estero,86,General Taboada,86077,4000,1600,1800,1125
sorgo,1973,1973/1974,Santiago del Estero,86,Juan F. Ibarra,86098,800,500,540,1080
sorgo,1973,1973/1974,Santiago del Estero,86,Moreno,86119,1200,600,600,1000
sorgo,1973,1973/1974,Santiago del Estero,86,Pellegrini,86133,300,40,32,800
sorgo,1973,1973/1974,Santiago del Estero,86,Rivadavia,86154,13500,7000,8450,1207
sorgo,1973,1973/1974,Santiago del Estero,86,Robles,86161,600,160,209,1306
sorgo,1973,1973/1974,Santiago del Estero,86,San Martín,86175,250,100,123,1230
sorgo,1973,1973/1974,Santiago del Estero,86,Silípica,86189,250,90,108,1200
sorgo,1973,1973/1974,Tucumán,90,Burruyacú,90007,920,905,1872,2069
sorgo,1973,1973/1974,Tucumán,90,Cruz Alta,90014,3700,3700,7500,2027
sorgo,1973,1973/1974,Tucumán,90,Graneros,90035,1500,1500,3100,2067
sorgo,1973,1973/1974,Tucumán,90,Leales,90056,1160,1160,2320,2000
sorgo,1974,1974/1975,Buenos Aires,06,25 de Mayo,06854,8000,5100,15600,3059
sorgo,1974,1974/1975,Buenos Aires,06,9 de Julio,06588,10000,8000,24400,3050
sorgo,1974,1974/1975,Buenos Aires,06,Adolfo Alsina,06007,10000,6500,14950,2300
sorgo,1974,1974/1975,Buenos Aires,06,Adolfo Gonzales Chaves,06014,900,100,100,1000
sorgo,1974,1974/1975,Buenos Aires,06,Alberti,06021,2100,1900,6200,3263
sorgo,1974,1974/1975,Buenos Aires,06,Arrecifes,06077,2700,2370,6873,2900
sorgo,1974,1974/1975,Buenos Aires,06,Ayacucho,06042,2000,0,0,0
sorgo,1974,1974/1975,Buenos Aires,06,Azul,06049,2500,0,0,0
sorgo,1974,1974/1975,Buenos Aires,06,Bahía Blanca,06056,6000,3000,6300,2100
sorgo,1974,1974/1975,Buenos Aires,06,Balcarce,06063,1300,900,2250,2500
sorgo,1974,1974/1975,Buenos Aires,06,Baradero,06070,3100,2700,8100,3000
sorgo,1974,1974/1975,Buenos Aires,06,Benito Juárez,06084,2000,0,0,0
sorgo,1974,1974/1975,Buenos Aires,06,Berazategui,06091,700,700,1620,2314
sorgo,1974,1974/1975,Buenos Aires,06,Bolívar,06105,10000,6000,21000,3500
sorgo,1974,1974/1975,Buenos Aires,06,Bragado,06112,3000,2300,7600,3304
sorgo,1974,1974/1975,Buenos Aires,06,Brandsen,06119,200,0,0,0
sorgo,1974,1974/1975,Buenos Aires,06,Campana,06126,1000,900,2700,3000
sorgo,1974,1974/1975,Buenos Aires,06,Cañuelas,06134,500,0,0,0
sorgo,1974,1974/1975,Buenos Aires,06,Capitán Sarmiento,06140,1900,1685,4885,2899
sorgo,1974,1974/1975,Buenos Aires,06,Carlos Casares,06147,17000,12000,35000,2917
sorgo,1974,1974/1975,Buenos Aires,06,Carlos Tejedor,06154,20000,12600,33000,2619
sorgo,1974,1974/1975,Buenos Aires,06,Carmen de Areco,06161,2700,2380,7140,3000
sorgo,1974,1974/1975,Buenos Aires,06,Castelli,06168,500,0,0,0
sorgo,1974,1974/1975,Buenos Aires,06,Chacabuco,06210,2000,1170,3393,2900
sorgo,1974,1974/1975,Buenos Aires,06,Chascomús,06217,2000,0,0,0
sorgo,1974,1974/1975,Buenos Aires,06,Chivilcoy,06224,3000,2700,8800,3259
sorgo,1974,1974/1975,Buenos Aires,06,Colón,06175,4000,3600,11500,3194
sorgo,1974,1974/1975,Buenos Aires,06,Coronel de Marina Leonardo Rosales,06182,4000,2000,4200,2100
sorgo,1974,1974/1975,Buenos Aires,06,Coronel Dorrego,06189,200,50,50,1000
sorgo,1974,1974/1975,Buenos Aires,06,Coronel Pringles,06196,2000,200,180,900
sorgo,1974,1974/1975,Buenos Aires,06,Coronel Suárez,06203,5000,4300,10750,2500
sorgo,1974,1974/1975,Buenos Aires,06,Daireaux,06231,10000,7000,24500,3500
sorgo,1974,1974/1975,Buenos Aires,06,Dolores,06238,1000,0,0,0
sorgo,1974,1974/1975,Buenos Aires,06,Esteban Echeverría,06260,50,0,0,0
sorgo,1974,1974/1975,Buenos Aires,06,Exaltación de la Cruz,06266,4500,4000,13100,3275
sorgo,1974,1974/1975,Buenos Aires,06,General Alvarado,06280,1000,650,1690,2600
sorgo,1974,1974/1975,Buenos Aires,06,General Alvear,06287,3000,2100,5400,2571
sorgo,1974,1974/1975,Buenos Aires,06,General Arenales,06294,2000,1800,6700,3722
sorgo,1974,1974/1975,Buenos Aires,06,General Belgrano,06301,3000,500,1250,2500
sorgo,1974,1974/1975,Buenos Aires,06,General Guido,06308,700,0,0,0
sorgo,1974,1974/1975,Buenos Aires,06,General Juan Madariaga,06315,800,0,0,0
sorgo,1974,1974/1975,Buenos Aires,06,General La Madrid,06322,4000,3500,9800,2800
sorgo,1974,1974/1975,Buenos Aires,06,General Las Heras,06329,200,100,400,4000
sorgo,1974,1974/1975,Buenos Aires,06,General Lavalle,06336,200,0,0,0
sorgo,1974,1974/1975,Buenos Aires,06,General Paz,06343,500,100,230,2300
sorgo,1974,1974/1975,Buenos Aires,06,General Pinto,06351,20000,11300,33200,2938
sorgo,1974,1974/1975,Buenos Aires,06,General Pueyrredón,06357,1000,600,1560,2600
sorgo,1974,1974/1975,Buenos Aires,06,General Rodríguez,06364,300,300,840,2800
sorgo,1974,1974/1975,Buenos Aires,06,General Viamonte,06385,7000,4800,17500,3646
sorgo,1974,1974/1975,Buenos Aires,06,General Villegas,06392,67000,49600,154700,3119
sorgo,1974,1974/1975,Buenos Aires,06,Guaminí,06399,11000,8000,20000,2500
sorgo,1974,1974/1975,Buenos Aires,06,Hipólito Yrigoyen,06406,3000,1900,5500,2895
sorgo,1974,1974/1975,Buenos Aires,06,Junín,06413,7000,4500,16600,3689
sorgo,1974,1974/1975,Buenos Aires,06,La Matanza,06427,50,0,0,0
sorgo,1974,1974/1975,Buenos Aires,06,La Plata,06441,500,400,800,2000
sorgo,1974,1974/1975,Buenos Aires,06,Laprida,06448,2500,200,180,900
sorgo,1974,1974/1975,Buenos Aires,06,Las Flores,06455,3000,2400,7100,2958
sorgo,1974,1974/1975,Buenos Aires,06,Leandro N. Alem,06462,12000,7200,27300,3792
sorgo,1974,1974/1975,Buenos Aires,06,Lincoln,06469,16000,10600,38400,3623
sorgo,1974,1974/1975,Buenos Aires,06,Lobería,06476,3500,2200,4400,2000
sorgo,1974,1974/1975,Buenos Aires,06,Lobos,06483,4550,2010,5000,2488
sorgo,1974,1974/1975,Buenos Aires,06,Luján,06497,1500,1400,4060,2900
sorgo,1974,1974/1975,Buenos Aires,06,Magdalena,06505,3300,0,0,0
sorgo,1974,1974/1975,Buenos Aires,06,Maipú,06511,1000,0,0,0
sorgo,1974,1974/1975,Buenos Aires,06,Mar Chiquita,06518,600,0,0,0
sorgo,1974,1974/1975,Buenos Aires,06,Marcos Paz,06525,200,0,0,0
sorgo,1974,1974/1975,Buenos Aires,06,Mercedes,06532,2000,1800,5400,3000
sorgo,1974,1974/1975,Buenos Aires,06,Monte,06547,1000,200,440,2200
sorgo,1974,1974/1975,Buenos Aires,06,Navarro,06574,6000,1500,6000,4000
sorgo,1974,1974/1975,Buenos Aires,06,Necochea,06581,3000,600,720,1200
sorgo,1974,1974/1975,Buenos Aires,06,Olavarría,06595,2000,0,0,0
sorgo,1974,1974/1975,Buenos Aires,06,Patagones,06602,1500,0,0,0
sorgo,1974,1974/1975,Buenos Aires,06,Pehuajó,06609,28000,18400,52500,2853
sorgo,1974,1974/1975,Buenos Aires,06,Pellegrini,06616,8000,6000,15000,2500
sorgo,1974,1974/1975,Buenos Aires,06,Pergamino,06623,4300,3470,10410,3000
sorgo,1974,1974/1975,Buenos Aires,06,Pila,06630,800,0,0,0
sorgo,1974,1974/1975,Buenos Aires,06,Pilar,06638,500,500,1400,2800
sorgo,1974,1974/1975,Buenos Aires,06,Puán,06651,11000,5000,12000,2400
sorgo,1974,1974/1975,Buenos Aires,06,Ramallo,06665,3650,3130,9077,2900
sorgo,1974,1974/1975,Buenos Aires,06,Rauch,06672,4000,100,280,2800
sorgo,1974,1974/1975,Buenos Aires,06,Rivadavia,06679,27000,20100,55000,2736
sorgo,1974,1974/1975,Buenos Aires,06,Rojas,06686,4000,3600,14300,3972
sorgo,1974,1974/1975,Buenos Aires,06,Roque Pérez,06693,3200,400,1280,3200
sorgo,1974,1974/1975,Buenos Aires,06,Saavedra,06700,4000,3000,7500,2500
sorgo,1974,1974/1975,Buenos Aires,06,Saladillo,06707,6000,3700,11300,3054
sorgo,1974,1974/1975,Buenos Aires,06,Salliqueló,06721,6000,4400,12320,2800
sorgo,1974,1974/1975,Buenos Aires,06,Salto,06714,4000,3380,9970,2950
sorgo,1974,1974/1975,Buenos Aires,06,San Andrés de Giles,06728,3200,2900,9500,3276
sorgo,1974,1974/1975,Buenos Aires,06,San Antonio de Areco,06735,2350,2040,6120,3000
sorgo,1974,1974/1975,Buenos Aires,06,San Cayetano,06742,1200,200,220,1100
sorgo,1974,1974/1975,Buenos Aires,06,San Nicolás,06763,1600,1385,4155,3000
sorgo,1974,1974/1975,Buenos Aires,06,San Pedro,06770,3700,3330,9657,2900
sorgo,1974,1974/1975,Buenos Aires,06,San Vicente,06778,50,0,0,0
sorgo,1974,1974/1975,Buenos Aires,06,Suipacha,06784,1900,1700,5600,3294
sorgo,1974,1974/1975,Buenos Aires,06,Tandil,06791,3500,0,0,0
sorgo,1974,1974/1975,Buenos Aires,06,Tapalqué,06798,1500,1150,2600,2261
sorgo,1974,1974/1975,Buenos Aires,06,Tordillo,06812,500,0,0,0
sorgo,1974,1974/1975,Buenos Aires,06,Tornquist,06819,12000,5000,21000,4200
sorgo,1974,1974/1975,Buenos Aires,06,Trenque Lauquen,06826,28000,21100,58000,2749
sorgo,1974,1974/1975,Buenos Aires,06,Tres Arroyos,06833,4000,500,550,1100
sorgo,1974,1974/1975,Buenos Aires,06,Villarino,06875,7000,2000,2600,1300
sorgo,1974,1974/1975,Buenos Aires,06,Zárate,06882,2800,2500,8300,3320
sorgo,1974,1974/1975,Chaco,22,1° de Mayo,22126,100,100,150,1500
sorgo,1974,1974/1975,Chaco,22,12 de Octubre,22036,15000,11500,24000,2087
sorgo,1974,1974/1975,Chaco,22,25 de Mayo,22168,3000,3000,6200,2067
sorgo,1974,1974/1975,Chaco,22,9 de Julio,22105,4000,2900,6500,2241
sorgo,1974,1974/1975,Chaco,22,Almirante Brown,22007,1500,800,1200,1500
sorgo,1974,1974/1975,Chaco,22,Bermejo,22014,750,600,1200,2000
sorgo,1974,1974/1975,Chaco,22,Chacabuco,22028,8000,6000,14000,2333
sorgo,1974,1974/1975,Chaco,22,Comandante Fernández,22021,6500,6000,12000,2000
sorgo,1974,1974/1975,Chaco,22,Fray Justo Santa María de Oro,22043,8500,5500,11000,2000
sorgo,1974,1974/1975,Chaco,22,General Belgrano,22049,3000,2000,4500,2250
sorgo,1974,1974/1975,Chaco,22,General Donovan,22056,200,200,360,1800
sorgo,1974,1974/1975,Chaco,22,General Güemes,22063,2000,700,1200,1714
sorgo,1974,1974/1975,Chaco,22,Independencia,22070,1500,1300,2800,2154
sorgo,1974,1974/1975,Chaco,22,Libertad,22077,100,100,190,1900
sorgo,1974,1974/1975,Chaco,22,Libertador General San Martín,22084,10950,10450,22500,2153
sorgo,1974,1974/1975,Chaco,22,Maipú,22091,4500,3500,7500,2143
sorgo,1974,1974/1975,Chaco,22,Mayor Luis J. Fontana,22098,6500,4000,8500,2125
sorgo,1974,1974/1975,Chaco,22,O'Higgins,22112,3000,2150,4000,1860
sorgo,1974,1974/1975,Chaco,22,Presidencia de la Plaza,22119,700,700,1100,1571
sorgo,1974,1974/1975,Chaco,22,Quitilipi,22133,4500,4500,9500,2111
sorgo,1974,1974/1975,Chaco,22,San Fernando,22140,500,500,1000,2000
sorgo,1974,1974/1975,Chaco,22,San Lorenzo,22147,2700,1200,2500,2083
sorgo,1974,1974/1975,Chaco,22,Sargento Cabral,22154,1500,1300,2700,2077
sorgo,1974,1974/1975,Córdoba,14,Calamuchita,14007,6000,6000,10200,1700
sorgo,1974,1974/1975,Córdoba,14,Capital,14014,1000,1000,1800,1800
sorgo,1974,1974/1975,Córdoba,14,Colón,14021,5200,4000,8000,2000
sorgo,1974,1974/1975,Córdoba,14,Cruz del Eje,14028,1000,1000,1700,1700
sorgo,1974,1974/1975,Córdoba,14,General Roca,14035,110000,100000,244200,2442
sorgo,1974,1974/1975,Córdoba,14,General San Martín,14042,22000,17500,45500,2600
sorgo,1974,1974/1975,Córdoba,14,Ischilín,14049,1500,1500,2250,1500
sorgo,1974,1974/1975,Córdoba,14,Juárez Celman,14056,75000,68000,200000,2941
sorgo,1974,1974/1975,Córdoba,14,Marcos Juárez,14063,42000,36000,114200,3172
sorgo,1974,1974/1975,Córdoba,14,Pocho,14077,1600,1600,2560,1600
sorgo,1974,1974/1975,Córdoba,14,Presidente Roque Sáenz Peña,14084,77000,70000,191000,2729
sorgo,1974,1974/1975,Córdoba,14,Punilla,14091,600,600,1020,1700
sorgo,1974,1974/1975,Córdoba,14,Río Cuarto,14098,190000,171000,503000,2942
sorgo,1974,1974/1975,Córdoba,14,Río Primero,14105,20000,18000,32400,1800
sorgo,1974,1974/1975,Córdoba,14,Río Seco,14112,600,600,900,1500
sorgo,1974,1974/1975,Córdoba,14,Río Segundo,14119,47000,44000,128000,2909
sorgo,1974,1974/1975,Córdoba,14,San Alberto,14126,1000,1000,1620,1620
sorgo,1974,1974/1975,Córdoba,14,San Justo,14140,150000,121000,248100,2050
sorgo,1974,1974/1975,Córdoba,14,Santa María,14147,10000,9000,15300,1700
sorgo,1974,1974/1975,Córdoba,14,Sobremonte,14154,200,200,300,1500
sorgo,1974,1974/1975,Córdoba,14,Tercero Arriba,14161,43000,35000,80500,2300
sorgo,1974,1974/1975,Córdoba,14,Totoral,14168,4000,4000,6000,1500
sorgo,1974,1974/1975,Córdoba,14,Tulumba,14175,300,300,450,1500
sorgo,1974,1974/1975,Córdoba,14,Unión,14182,68000,62000,181000,2919
sorgo,1974,1974/1975,Corrientes,18,Bella Vista,18007,4000,3600,7200,2000
sorgo,1974,1974/1975,Corrientes,18,Berón de Astrada,18014,270,245,416,1698
sorgo,1974,1974/1975,Corrientes,18,Capital,18021,300,250,350,1400
sorgo,1974,1974/1975,Corrientes,18,Concepción,18028,2000,1800,3240,1800
sorgo,1974,1974/1975,Corrientes,18,Curuzu Cuatia,18035,1800,1650,2805,1700
sorgo,1974,1974/1975,Corrientes,18,Empedrado,18042,2100,1900,3420,1800
sorgo,1974,1974/1975,Corrientes,18,Esquina,18049,3500,3100,6200,2000
sorgo,1974,1974/1975,Corrientes,18,General Alvear,18056,160,150,285,1900
sorgo,1974,1974/1975,Corrientes,18,General Paz,18063,65,55,99,1800
sorgo,1974,1974/1975,Corrientes,18,Goya,18070,1000,940,1974,2100
sorgo,1974,1974/1975,Corrientes,18,Itatí,18077,40,30,42,1400
sorgo,1974,1974/1975,Corrientes,18,Ituzaingó,18084,420,390,702,1800
sorgo,1974,1974/1975,Corrientes,18,Lavalle,18091,1100,1050,1995,1900
sorgo,1974,1974/1975,Corrientes,18,Mburucuyá,18098,200,180,396,2200
sorgo,1974,1974/1975,Corrientes,18,Mercedes,18105,700,660,1320,2000
sorgo,1974,1974/1975,Corrientes,18,Monte Caseros,18112,3000,2847,6500,2283
sorgo,1974,1974/1975,Corrientes,18,Paso de los Libres,18119,900,870,1827,2100
sorgo,1974,1974/1975,Corrientes,18,Saladas,18126,750,700,1260,1800
sorgo,1974,1974/1975,Corrientes,18,San Cosme,18133,65,60,96,1600
sorgo,1974,1974/1975,Corrientes,18,San Luis del Palmar,18140,250,230,437,1900
sorgo,1974,1974/1975,Corrientes,18,San Martín,18147,150,135,270,2000
sorgo,1974,1974/1975,Corrientes,18,San Miguel,18154,30,28,56,2000
sorgo,1974,1974/1975,Corrientes,18,San Roque,18161,440,400,680,1700
sorgo,1974,1974/1975,Corrientes,18,Santo Tomé,18168,500,450,900,2000
sorgo,1974,1974/1975,Corrientes,18,Sauce,18175,600,560,1230,2196
sorgo,1974,1974/1975,Entre Ríos,30,Colón,30008,11000,10300,22660,2200
sorgo,1974,1974/1975,Entre Ríos,30,Concordia,30015,4500,4100,9225,2250
sorgo,1974,1974/1975,Entre Ríos,30,Diamante,30021,7000,6100,10980,1800
sorgo,1974,1974/1975,Entre Ríos,30,Federación,30028,4000,3800,7980,2100
sorgo,1974,1974/1975,Entre Ríos,30,Federal,30035,5000,4800,10800,2250
sorgo,1974,1974/1975,Entre Ríos,30,Feliciano,30042,2500,2400,5040,2100
sorgo,1974,1974/1975,Entre Ríos,30,Gualeguay,30049,6000,5100,8160,1600
sorgo,1974,1974/1975,Entre Ríos,30,Gualeguaychú,30056,15000,14300,25415,1777
sorgo,1974,1974/1975,Entre Ríos,30,La Paz,30070,14000,13000,23400,1800
sorgo,1974,1974/1975,Entre Ríos,30,Nogoyá,30077,9000,8100,13770,1700
sorgo,1974,1974/1975,Entre Ríos,30,Paraná,30084,12000,10700,19260,1800
sorgo,1974,1974/1975,Entre Ríos,30,Tala,30091,4000,3400,5440,1600
sorgo,1974,1974/1975,Entre Ríos,30,Uruguay,30098,14000,12600,21420,1700
sorgo,1974,1974/1975,Entre Ríos,30,Victoria,30105,6000,5200,8840,1700
sorgo,1974,1974/1975,Entre Ríos,30,Villaguay,30113,15000,14100,29610,2100
sorgo,1974,1974/1975,Formosa,34,Formosa,34014,3000,2700,4860,1800
sorgo,1974,1974/1975,Formosa,34,Laishí,34021,14000,12000,24000,2000
sorgo,1974,1974/1975,Formosa,34,Patiño,34035,6800,6800,19040,2800
sorgo,1974,1974/1975,Formosa,34,Pilagás,34042,3500,3500,8750,2500
sorgo,1974,1974/1975,Formosa,34,Pilcomayo,34049,2000,2000,4000,2000
sorgo,1974,1974/1975,Formosa,34,Pirané,34056,40000,35000,80350,2296
sorgo,1974,1974/1975,La Pampa,42,Atreucó,42007,22000,6300,7600,1206
sorgo,1974,1974/1975,La Pampa,42,Caleu Caleu,42014,200,0,0,0
sorgo,1974,1974/1975,La Pampa,42,Capital,42021,13000,6800,8800,1294
sorgo,1974,1974/1975,La Pampa,42,Catriló,42028,16000,9000,16200,1800
sorgo,1974,1974/1975,La Pampa,42,Chapaleufú,42056,35000,20700,52000,2512
sorgo,1974,1974/1975,La Pampa,42,Conhelo,42035,30000,18000,47000,2611
sorgo,1974,1974/1975,La Pampa,42,Guatraché,42070,12000,1800,2100,1167
sorgo,1974,1974/1975,La Pampa,42,Hucal,42077,2000,300,300,1000
sorgo,1974,1974/1975,La Pampa,42,Loventué,42098,1300,800,1360,1700
sorgo,1974,1974/1975,La Pampa,42,Maracó,42105,24000,12600,25640,2035
sorgo,1974,1974/1975,La Pampa,42,Quemú Quemú,42119,21000,12600,29000,2302
sorgo,1974,1974/1975,La Pampa,42,Rancul,42126,34000,18900,49100,2598
sorgo,1974,1974/1975,La Pampa,42,Realicó,42133,45000,27500,73000,2655
sorgo,1974,1974/1975,La Pampa,42,Toay,42140,9000,2700,3500,1296
sorgo,1974,1974/1975,La Pampa,42,Trenel,42147,27000,15800,39500,2500
sorgo,1974,1974/1975,La Pampa,42,Utracán,42154,12500,4100,4900,1195
sorgo,1974,1974/1975,Río Negro,62,General Roca,62042,85,45,25,556
sorgo,1974,1974/1975,Río Negro,62,Pichi Mahuida,62063,25,25,15,600
sorgo,1974,1974/1975,Salta,66,Anta,66007,400,400,980,2450
sorgo,1974,1974/1975,Salta,66,General José de San Martín,66056,800,800,2000,2500
sorgo,1974,1974/1975,Salta,66,La Candelaria,66084,200,200,480,2400
sorgo,1974,1974/1975,Salta,66,Metán,66112,500,500,1200,2400
sorgo,1974,1974/1975,Salta,66,Rosario de la Frontera,66140,500,500,1300,2600
sorgo,1974,1974/1975,San Luis,74,Ayacucho,74007,350,300,330,1100
sorgo,1974,1974/1975,San Luis,74,Chacabuco,74028,9300,8300,8300,1000
sorgo,1974,1974/1975,San Luis,74,Coronel Pringles,74021,6500,5900,6490,1100
sorgo,1974,1974/1975,San Luis,74,General Pedernera,74035,18000,15050,17980,1195
sorgo,1974,1974/1975,San Luis,74,Gobernador Dupuy,74042,12500,12000,13200,1100
sorgo,1974,1974/1975,San Luis,74,Juan Martín de Pueyrredón,74056,3000,2800,3360,1200
sorgo,1974,1974/1975,San Luis,74,Junín,74049,2500,2200,2640,1200
sorgo,1974,1974/1975,San Luis,74,Libertador General San Martín,74063,3200,3000,3300,1100
sorgo,1974,1974/1975,Santa Fe,82,9 de Julio,82077,45000,30000,70200,2340
sorgo,1974,1974/1975,Santa Fe,82,Belgrano,82007,15000,12400,32000,2581
sorgo,1974,1974/1975,Santa Fe,82,Caseros,82014,3000,1000,2700,2700
sorgo,1974,1974/1975,Santa Fe,82,Castellanos,82021,75000,40000,112500,2813
sorgo,1974,1974/1975,Santa Fe,82,Garay,82035,2500,2100,4350,2071
sorgo,1974,1974/1975,Santa Fe,82,General López,82042,51000,30000,78000,2600
sorgo,1974,1974/1975,Santa Fe,82,General Obligado,82049,12000,10000,22000,2200
sorgo,1974,1974/1975,Santa Fe,82,Iriondo,82056,15000,9000,19350,2150
sorgo,1974,1974/1975,Santa Fe,82,La Capital,82063,5000,4300,11250,2616
sorgo,1974,1974/1975,Santa Fe,82,Las Colonias,82070,40000,30000,74800,2493
sorgo,1974,1974/1975,Santa Fe,82,Rosario,82084,4500,2500,6250,2500
sorgo,1974,1974/1975,Santa Fe,82,San Cristóbal,82091,70000,46000,120000,2609
sorgo,1974,1974/1975,Santa Fe,82,San Javier,82098,7000,5500,11000,2000
sorgo,1974,1974/1975,Santa Fe,82,San Jerónimo,82105,20000,12000,28000,2333
sorgo,1974,1974/1975,Santa Fe,82,San Justo,82112,27000,25000,65500,2620
sorgo,1974,1974/1975,Santa Fe,82,San Lorenzo,82119,6000,2000,4800,2400
sorgo,1974,1974/1975,Santa Fe,82,San Martín,82126,65000,43000,100000,2326
sorgo,1974,1974/1975,Santa Fe,82,Vera,82133,12000,9500,19000,2000
sorgo,1974,1974/1975,Santa Fe,82,Villa Constitución,82028,5000,3000,8300,2767
sorgo,1974,1974/1975,Santiago del Estero,86,Aguirre,86007,700,350,350,1000
sorgo,1974,1974/1975,Santiago del Estero,86,Alberdi,86014,100,0,0,0
sorgo,1974,1974/1975,Santiago del Estero,86,Avellaneda,86028,1400,1000,1480,1480
sorgo,1974,1974/1975,Santiago del Estero,86,Banda,86035,800,700,1365,1950
sorgo,1974,1974/1975,Santiago del Estero,86,Belgrano,86042,7000,4000,5940,1485
sorgo,1974,1974/1975,Santiago del Estero,86,Capital,86049,200,150,285,1900
sorgo,1974,1974/1975,Santiago del Estero,86,Figueroa,86070,100,0,0,0
sorgo,1974,1974/1975,Santiago del Estero,86,General Taboada,86077,4500,3500,5400,1543
sorgo,1974,1974/1975,Santiago del Estero,86,Jiménez,86091,50,0,0,0
sorgo,1974,1974/1975,Santiago del Estero,86,Juan F. Ibarra,86098,2500,1500,1850,1233
sorgo,1974,1974/1975,Santiago del Estero,86,Loreto,86105,100,0,0,0
sorgo,1974,1974/1975,Santiago del Estero,86,Mitre,86112,100,0,0,0
sorgo,1974,1974/1975,Santiago del Estero,86,Moreno,86119,2000,1000,1160,1160
sorgo,1974,1974/1975,Santiago del Estero,86,Pellegrini,86133,200,0,0,0
sorgo,1974,1974/1975,Santiago del Estero,86,Rivadavia,86154,13800,12100,23320,1927
sorgo,1974,1974/1975,Santiago del Estero,86,Robles,86161,500,450,900,2000
sorgo,1974,1974/1975,Santiago del Estero,86,San Martín,86175,200,100,180,1800
sorgo,1974,1974/1975,Santiago del Estero,86,Sarmiento,86182,50,0,0,0
sorgo,1974,1974/1975,Santiago del Estero,86,Silípica,86189,200,150,270,1800
sorgo,1974,1974/1975,Tucumán,90,Burruyacú,90007,940,940,1880,2000
sorgo,1974,1974/1975,Tucumán,90,Cruz Alta,90014,3700,3700,7400,2000
sorgo,1974,1974/1975,Tucumán,90,Graneros,90035,1500,1500,3000,2000
sorgo,1974,1974/1975,Tucumán,90,Leales,90056,1160,1160,2320,2000
sorgo,1975,1975/1976,Buenos Aires,06,25 de Mayo,06854,6500,6500,22750,3500
sorgo,1975,1975/1976,Buenos Aires,06,9 de Julio,06588,7000,7000,23100,3300
sorgo,1975,1975/1976,Buenos Aires,06,Adolfo Alsina,06007,15000,10000,23000,2300
sorgo,1975,1975/1976,Buenos Aires,06,Adolfo Gonzales Chaves,06014,600,100,100,1000
sorgo,1975,1975/1976,Buenos Aires,06,Alberti,06021,2200,2200,7700,3500
sorgo,1975,1975/1976,Buenos Aires,06,Arrecifes,06077,3500,3100,11780,3800
sorgo,1975,1975/1976,Buenos Aires,06,Ayacucho,06042,2000,0,0,0
sorgo,1975,1975/1976,Buenos Aires,06,Azul,06049,4500,500,1500,3000
sorgo,1975,1975/1976,Buenos Aires,06,Bahía Blanca,06056,1500,500,900,1800
sorgo,1975,1975/1976,Buenos Aires,06,Balcarce,06063,1500,1000,2500,2500
sorgo,1975,1975/1976,Buenos Aires,06,Baradero,06070,6000,5300,19610,3700
sorgo,1975,1975/1976,Buenos Aires,06,Benito Juárez,06084,2500,0,0,0
sorgo,1975,1975/1976,Buenos Aires,06,Berazategui,06091,500,0,0,0
sorgo,1975,1975/1976,Buenos Aires,06,Bolívar,06105,12000,10000,32000,3200
sorgo,1975,1975/1976,Buenos Aires,06,Bragado,06112,3000,3000,9900,3300
sorgo,1975,1975/1976,Buenos Aires,06,Brandsen,06119,250,0,0,0
sorgo,1975,1975/1976,Buenos Aires,06,Campana,06126,1100,1100,3410,3100
sorgo,1975,1975/1976,Buenos Aires,06,Cañuelas,06134,600,0,0,0
sorgo,1975,1975/1976,Buenos Aires,06,Capitán Sarmiento,06140,3000,2635,10013,3800
sorgo,1975,1975/1976,Buenos Aires,06,Carlos Casares,06147,19000,14000,49000,3500
sorgo,1975,1975/1976,Buenos Aires,06,Carlos Tejedor,06154,27000,19500,66300,3400
sorgo,1975,1975/1976,Buenos Aires,06,Carmen de Areco,06161,3000,2690,9953,3700
sorgo,1975,1975/1976,Buenos Aires,06,Castelli,06168,600,0,0,0
sorgo,1975,1975/1976,Buenos Aires,06,Chacabuco,06210,2400,2130,7881,3700
sorgo,1975,1975/1976,Buenos Aires,06,Chascomús,06217,2500,0,0,0
sorgo,1975,1975/1976,Buenos Aires,06,Chivilcoy,06224,3000,3000,10500,3500
sorgo,1975,1975/1976,Buenos Aires,06,Colón,06175,2500,2500,11250,4500
sorgo,1975,1975/1976,Buenos Aires,06,Coronel de Marina Leonardo Rosales,06182,1000,300,540,1800
sorgo,1975,1975/1976,Buenos Aires,06,Coronel Dorrego,06189,200,50,47,940
sorgo,1975,1975/1976,Buenos Aires,06,Coronel Pringles,06196,1500,150,150,1000
sorgo,1975,1975/1976,Buenos Aires,06,Coronel Suárez,06203,6500,5000,14000,2800
sorgo,1975,1975/1976,Buenos Aires,06,Daireaux,06231,13000,11000,38109,3464
sorgo,1975,1975/1976,Buenos Aires,06,Dolores,06238,1000,0,0,0
sorgo,1975,1975/1976,Buenos Aires,06,Esteban Echeverría,06260,50,0,0,0
sorgo,1975,1975/1976,Buenos Aires,06,Exaltación de la Cruz,06266,4500,4500,15750,3500
sorgo,1975,1975/1976,Buenos Aires,06,General Alvarado,06280,1200,800,2240,2800
sorgo,1975,1975/1976,Buenos Aires,06,General Alvear,06287,3500,3500,8750,2500
sorgo,1975,1975/1976,Buenos Aires,06,General Arenales,06294,1000,1000,4200,4200
sorgo,1975,1975/1976,Buenos Aires,06,General Belgrano,06301,2000,500,1750,3500
sorgo,1975,1975/1976,Buenos Aires,06,General Guido,06308,700,0,0,0
sorgo,1975,1975/1976,Buenos Aires,06,General Juan Madariaga,06315,1000,0,0,0
sorgo,1975,1975/1976,Buenos Aires,06,General La Madrid,06322,5000,3500,10150,2900
sorgo,1975,1975/1976,Buenos Aires,06,General Las Heras,06329,1500,800,2880,3600
sorgo,1975,1975/1976,Buenos Aires,06,General Lavalle,06336,200,0,0,0
sorgo,1975,1975/1976,Buenos Aires,06,General Paz,06343,1300,1200,2170,1808
sorgo,1975,1975/1976,Buenos Aires,06,General Pinto,06351,28000,28000,134400,4800
sorgo,1975,1975/1976,Buenos Aires,06,General Pueyrredón,06357,1300,800,2400,3000
sorgo,1975,1975/1976,Buenos Aires,06,General Rodríguez,06364,300,300,900,3000
sorgo,1975,1975/1976,Buenos Aires,06,General Viamonte,06385,5900,5900,24780,4200
sorgo,1975,1975/1976,Buenos Aires,06,General Villegas,06392,70000,60000,288000,4800
sorgo,1975,1975/1976,Buenos Aires,06,Guaminí,06399,17000,13000,32500,2500
sorgo,1975,1975/1976,Buenos Aires,06,Hipólito Yrigoyen,06406,5000,3000,9300,3100
sorgo,1975,1975/1976,Buenos Aires,06,Junín,06413,6000,6000,25200,4200
sorgo,1975,1975/1976,Buenos Aires,06,La Matanza,06427,50,0,0,0
sorgo,1975,1975/1976,Buenos Aires,06,La Plata,06441,600,100,200,2000
sorgo,1975,1975/1976,Buenos Aires,06,Laprida,06448,1800,200,200,1000
sorgo,1975,1975/1976,Buenos Aires,06,Las Flores,06455,3800,3800,9500,2500
sorgo,1975,1975/1976,Buenos Aires,06,Leandro N. Alem,06462,14000,14000,63000,4500
sorgo,1975,1975/1976,Buenos Aires,06,Lincoln,06469,25000,25000,120000,4800
sorgo,1975,1975/1976,Buenos Aires,06,Lobería,06476,4000,1000,2000,2000
sorgo,1975,1975/1976,Buenos Aires,06,Lobos,06483,3000,700,2100,3000
sorgo,1975,1975/1976,Buenos Aires,06,Luján,06497,1600,1600,4960,3100
sorgo,1975,1975/1976,Buenos Aires,06,Magdalena,06505,3500,0,0,0
sorgo,1975,1975/1976,Buenos Aires,06,Maipú,06511,1200,0,0,0
sorgo,1975,1975/1976,Buenos Aires,06,Mar Chiquita,06518,800,0,0,0
sorgo,1975,1975/1976,Buenos Aires,06,Marcos Paz,06525,150,0,0,0
sorgo,1975,1975/1976,Buenos Aires,06,Mercedes,06532,2000,2000,6400,3200
sorgo,1975,1975/1976,Buenos Aires,06,Monte,06547,1100,1000,3000,3000
sorgo,1975,1975/1976,Buenos Aires,06,Navarro,06574,5000,4600,18400,4000
sorgo,1975,1975/1976,Buenos Aires,06,Necochea,06581,2400,500,600,1200
sorgo,1975,1975/1976,Buenos Aires,06,Olavarría,06595,7000,800,2400,3000
sorgo,1975,1975/1976,Buenos Aires,06,Patagones,06602,300,0,0,0
sorgo,1975,1975/1976,Buenos Aires,06,Pehuajó,06609,35000,25000,87500,3500
sorgo,1975,1975/1976,Buenos Aires,06,Pellegrini,06616,14000,12000,36000,3000
sorgo,1975,1975/1976,Buenos Aires,06,Pergamino,06623,5000,4430,17257,3895
sorgo,1975,1975/1976,Buenos Aires,06,Pila,06630,800,0,0,0
sorgo,1975,1975/1976,Buenos Aires,06,Pilar,06638,500,500,1550,3100
sorgo,1975,1975/1976,Buenos Aires,06,Puán,06651,3000,1500,3450,2300
sorgo,1975,1975/1976,Buenos Aires,06,Ramallo,06665,3500,3080,11396,3700
sorgo,1975,1975/1976,Buenos Aires,06,Rauch,06672,4500,0,0,0
sorgo,1975,1975/1976,Buenos Aires,06,Rivadavia,06679,32000,20500,65600,3200
sorgo,1975,1975/1976,Buenos Aires,06,Rojas,06686,3400,3400,15300,4500
sorgo,1975,1975/1976,Buenos Aires,06,Roque Pérez,06693,1000,800,2800,3500
sorgo,1975,1975/1976,Buenos Aires,06,Saavedra,06700,5000,3500,7350,2100
sorgo,1975,1975/1976,Buenos Aires,06,Saladillo,06707,7000,7000,24500,3500
sorgo,1975,1975/1976,Buenos Aires,06,Salliqueló,06721,5000,4400,12320,2800
sorgo,1975,1975/1976,Buenos Aires,06,Salto,06714,3000,2630,10257,3900
sorgo,1975,1975/1976,Buenos Aires,06,San Andrés de Giles,06728,3500,3500,12250,3500
sorgo,1975,1975/1976,Buenos Aires,06,San Antonio de Areco,06735,2500,2235,8493,3800
sorgo,1975,1975/1976,Buenos Aires,06,San Cayetano,06742,1000,200,240,1200
sorgo,1975,1975/1976,Buenos Aires,06,San Nicolás,06763,1500,1340,4958,3700
sorgo,1975,1975/1976,Buenos Aires,06,San Pedro,06770,4500,3980,14726,3700
sorgo,1975,1975/1976,Buenos Aires,06,San Vicente,06778,50,0,0,0
sorgo,1975,1975/1976,Buenos Aires,06,Suipacha,06784,3000,3000,10500,3500
sorgo,1975,1975/1976,Buenos Aires,06,Tandil,06791,4500,500,1600,3200
sorgo,1975,1975/1976,Buenos Aires,06,Tapalqué,06798,1500,1500,4500,3000
sorgo,1975,1975/1976,Buenos Aires,06,Tordillo,06812,500,0,0,0
sorgo,1975,1975/1976,Buenos Aires,06,Tornquist,06819,4000,2200,5720,2600
sorgo,1975,1975/1976,Buenos Aires,06,Trenque Lauquen,06826,33000,21000,67200,3200
sorgo,1975,1975/1976,Buenos Aires,06,Tres Arroyos,06833,3200,500,550,1100
sorgo,1975,1975/1976,Buenos Aires,06,Villarino,06875,1000,200,360,1800
sorgo,1975,1975/1976,Buenos Aires,06,Zárate,06882,3000,3000,10500,3500
sorgo,1975,1975/1976,Chaco,22,1° de Mayo,22126,200,200,300,1500
sorgo,1975,1975/1976,Chaco,22,12 de Octubre,22036,14000,14000,40000,2857
sorgo,1975,1975/1976,Chaco,22,25 de Mayo,22168,4300,4100,9300,2268
sorgo,1975,1975/1976,Chaco,22,9 de Julio,22105,2700,2700,6500,2407
sorgo,1975,1975/1976,Chaco,22,Almirante Brown,22007,2500,2500,5000,2000
sorgo,1975,1975/1976,Chaco,22,Bermejo,22014,850,750,1500,2000
sorgo,1975,1975/1976,Chaco,22,Chacabuco,22028,15000,15000,41550,2770
sorgo,1975,1975/1976,Chaco,22,Comandante Fernández,22021,10000,10000,23000,2300
sorgo,1975,1975/1976,Chaco,22,Fray Justo Santa María de Oro,22043,14000,14000,38000,2714
sorgo,1975,1975/1976,Chaco,22,General Belgrano,22049,7000,7000,16000,2286
sorgo,1975,1975/1976,Chaco,22,General Donovan,22056,400,400,750,1875
sorgo,1975,1975/1976,Chaco,22,General Güemes,22063,3500,3300,7500,2273
sorgo,1975,1975/1976,Chaco,22,Independencia,22070,4200,4200,10500,2500
sorgo,1975,1975/1976,Chaco,22,Libertad,22077,200,200,400,2000
sorgo,1975,1975/1976,Chaco,22,Libertador General San Martín,22084,13500,12200,28000,2295
sorgo,1975,1975/1976,Chaco,22,Maipú,22091,7500,7200,17000,2361
sorgo,1975,1975/1976,Chaco,22,Mayor Luis J. Fontana,22098,12000,12000,30000,2500
sorgo,1975,1975/1976,Chaco,22,O'Higgins,22112,3400,3400,7300,2147
sorgo,1975,1975/1976,Chaco,22,Presidencia de la Plaza,22119,1000,1000,1600,1600
sorgo,1975,1975/1976,Chaco,22,Quitilipi,22133,7000,6600,15000,2273
sorgo,1975,1975/1976,Chaco,22,San Fernando,22140,900,850,1500,1765
sorgo,1975,1975/1976,Chaco,22,San Lorenzo,22147,4000,4000,10000,2500
sorgo,1975,1975/1976,Chaco,22,Sargento Cabral,22154,2200,2050,4300,2098
sorgo,1975,1975/1976,Córdoba,14,Calamuchita,14007,5100,3600,6120,1700
sorgo,1975,1975/1976,Córdoba,14,Capital,14014,800,800,1360,1700
sorgo,1975,1975/1976,Córdoba,14,Colón,14021,4400,3400,5440,1600
sorgo,1975,1975/1976,Córdoba,14,Cruz del Eje,14028,800,800,1360,1700
sorgo,1975,1975/1976,Córdoba,14,General Roca,14035,75000,55000,121000,2200
sorgo,1975,1975/1976,Córdoba,14,General San Martín,14042,21000,18500,48100,2600
sorgo,1975,1975/1976,Córdoba,14,Ischilín,14049,1200,1200,1800,1500
sorgo,1975,1975/1976,Córdoba,14,Juárez Celman,14056,60000,45000,103500,2300
sorgo,1975,1975/1976,Córdoba,14,Marcos Juárez,14063,52000,49000,156800,3200
sorgo,1975,1975/1976,Córdoba,14,Pocho,14077,1300,1300,1820,1400
sorgo,1975,1975/1976,Córdoba,14,Presidente Roque Sáenz Peña,14084,65000,47000,108100,2300
sorgo,1975,1975/1976,Córdoba,14,Punilla,14091,600,600,900,1500
sorgo,1975,1975/1976,Córdoba,14,Río Cuarto,14098,135000,100000,220000,2200
sorgo,1975,1975/1976,Córdoba,14,Río Primero,14105,16000,13000,22100,1700
sorgo,1975,1975/1976,Córdoba,14,Río Seco,14112,600,600,1020,1700
sorgo,1975,1975/1976,Córdoba,14,Río Segundo,14119,40000,30000,75000,2500
sorgo,1975,1975/1976,Córdoba,14,San Alberto,14126,1000,1000,1450,1450
sorgo,1975,1975/1976,Córdoba,14,San Justo,14140,135000,115000,230000,2000
sorgo,1975,1975/1976,Córdoba,14,Santa María,14147,8000,7000,11900,1700
sorgo,1975,1975/1976,Córdoba,14,Sobremonte,14154,200,200,280,1400
sorgo,1975,1975/1976,Córdoba,14,Tercero Arriba,14161,38000,29000,72500,2500
sorgo,1975,1975/1976,Córdoba,14,Totoral,14168,3200,3200,4800,1500
sorgo,1975,1975/1976,Córdoba,14,Tulumba,14175,300,300,450,1500
sorgo,1975,1975/1976,Córdoba,14,Unión,14182,65000,60000,168200,2803
sorgo,1975,1975/1976,Corrientes,18,Bella Vista,18007,3500,3300,8250,2500
sorgo,1975,1975/1976,Corrientes,18,Berón de Astrada,18014,300,290,696,2400
sorgo,1975,1975/1976,Corrientes,18,Capital,18021,300,260,520,2000
sorgo,1975,1975/1976,Corrientes,18,Concepción,18028,2000,1950,5655,2900
sorgo,1975,1975/1976,Corrientes,18,Curuzu Cuatia,18035,1700,1600,4000,2500
sorgo,1975,1975/1976,Corrientes,18,Empedrado,18042,1700,1580,4108,2600
sorgo,1975,1975/1976,Corrientes,18,Esquina,18049,2600,2400,6720,2800
sorgo,1975,1975/1976,Corrientes,18,General Alvear,18056,145,140,364,2600
sorgo,1975,1975/1976,Corrientes,18,General Paz,18063,65,60,156,2600
sorgo,1975,1975/1976,Corrientes,18,Goya,18070,1200,1100,2970,2700
sorgo,1975,1975/1976,Corrientes,18,Itatí,18077,45,40,100,2500
sorgo,1975,1975/1976,Corrientes,18,Ituzaingó,18084,380,350,875,2500
sorgo,1975,1975/1976,Corrientes,18,Lavalle,18091,800,750,1950,2600
sorgo,1975,1975/1976,Corrientes,18,Mburucuyá,18098,170,160,432,2700
sorgo,1975,1975/1976,Corrientes,18,Mercedes,18105,600,575,1552,2699
sorgo,1975,1975/1976,Corrientes,18,Monte Caseros,18112,2800,2600,6760,2600
sorgo,1975,1975/1976,Corrientes,18,Paso de los Libres,18119,900,860,2236,2600
sorgo,1975,1975/1976,Corrientes,18,Saladas,18126,700,670,1876,2800
sorgo,1975,1975/1976,Corrientes,18,San Cosme,18133,60,55,137,2491
sorgo,1975,1975/1976,Corrientes,18,San Luis del Palmar,18140,250,235,634,2698
sorgo,1975,1975/1976,Corrientes,18,San Martín,18147,140,130,325,2500
sorgo,1975,1975/1976,Corrientes,18,San Miguel,18154,45,45,135,3000
sorgo,1975,1975/1976,Corrientes,18,San Roque,18161,430,400,1048,2620
sorgo,1975,1975/1976,Corrientes,18,Santo Tomé,18168,500,480,1248,2600
sorgo,1975,1975/1976,Corrientes,18,Sauce,18175,400,390,1053,2700
sorgo,1975,1975/1976,Entre Ríos,30,Colón,30008,12000,11200,23520,2100
sorgo,1975,1975/1976,Entre Ríos,30,Concordia,30015,4000,3600,7200,2000
sorgo,1975,1975/1976,Entre Ríos,30,Diamante,30021,9000,7200,17280,2400
sorgo,1975,1975/1976,Entre Ríos,30,Federación,30028,4000,3600,7200,2000
sorgo,1975,1975/1976,Entre Ríos,30,Federal,30035,4200,3800,7600,2000
sorgo,1975,1975/1976,Entre Ríos,30,Feliciano,30042,2000,1800,3600,2000
sorgo,1975,1975/1976,Entre Ríos,30,Gualeguay,30049,14000,11200,24640,2200
sorgo,1975,1975/1976,Entre Ríos,30,Gualeguaychú,30056,19000,17100,37620,2200
sorgo,1975,1975/1976,Entre Ríos,30,La Paz,30070,15000,13500,29700,2200
sorgo,1975,1975/1976,Entre Ríos,30,Nogoyá,30077,12000,10800,25920,2400
sorgo,1975,1975/1976,Entre Ríos,30,Paraná,30084,15000,13200,30360,2300
sorgo,1975,1975/1976,Entre Ríos,30,Tala,30091,10000,8500,19550,2300
sorgo,1975,1975/1976,Entre Ríos,30,Uruguay,30098,17000,16100,37030,2300
sorgo,1975,1975/1976,Entre Ríos,30,Victoria,30105,11000,9800,27440,2800
sorgo,1975,1975/1976,Entre Ríos,30,Villaguay,30113,17000,15500,33340,2151
sorgo,1975,1975/1976,Formosa,34,Formosa,34014,2000,1500,3000,2000
sorgo,1975,1975/1976,Formosa,34,Laishí,34021,10000,9000,19800,2200
sorgo,1975,1975/1976,Formosa,34,Patiño,34035,3500,3170,7848,2476
sorgo,1975,1975/1976,Formosa,34,Pilagás,34042,1000,850,1700,2000
sorgo,1975,1975/1976,Formosa,34,Pilcomayo,34049,800,640,1152,1800
sorgo,1975,1975/1976,Formosa,34,Pirané,34056,20000,18000,39600,2200
sorgo,1975,1975/1976,La Pampa,42,Atreucó,42007,4000,2000,2200,1100
sorgo,1975,1975/1976,La Pampa,42,Capital,42021,4500,1500,1950,1300
sorgo,1975,1975/1976,La Pampa,42,Catriló,42028,5000,2500,3750,1500
sorgo,1975,1975/1976,La Pampa,42,Chapaleufú,42056,30000,19000,66160,3482
sorgo,1975,1975/1976,La Pampa,42,Conhelo,42035,15000,10000,21000,2100
sorgo,1975,1975/1976,La Pampa,42,Guatraché,42070,3000,500,500,1000
sorgo,1975,1975/1976,La Pampa,42,Hucal,42077,200,0,0,0
sorgo,1975,1975/1976,La Pampa,42,Loventué,42098,800,400,640,1600
sorgo,1975,1975/1976,La Pampa,42,Maracó,42105,12000,8000,14400,1800
sorgo,1975,1975/1976,La Pampa,42,Quemú Quemú,42119,18000,7000,14000,2000
sorgo,1975,1975/1976,La Pampa,42,Rancul,42126,17000,8000,16000,2000
sorgo,1975,1975/1976,La Pampa,42,Realicó,42133,23000,10000,18000,1800
sorgo,1975,1975/1976,La Pampa,42,Toay,42140,2000,500,600,1200
sorgo,1975,1975/1976,La Pampa,42,Trenel,42147,14000,9000,18000,2000
sorgo,1975,1975/1976,La Pampa,42,Utracán,42154,3000,1500,1800,1200
sorgo,1975,1975/1976,Río Negro,62,General Roca,62042,100,100,72,720
sorgo,1975,1975/1976,Río Negro,62,Pichi Mahuida,62063,40,40,28,700
sorgo,1975,1975/1976,Salta,66,Anta,66007,300,300,720,2400
sorgo,1975,1975/1976,Salta,66,Cerrillos,66035,200,100,240,2400
sorgo,1975,1975/1976,Salta,66,General José de San Martín,66056,600,600,1400,2333
sorgo,1975,1975/1976,Salta,66,La Candelaria,66084,200,200,500,2500
sorgo,1975,1975/1976,Salta,66,La Viña,66098,80,0,0,0
sorgo,1975,1975/1976,Salta,66,Metán,66112,400,400,1000,2500
sorgo,1975,1975/1976,Salta,66,Rosario de la Frontera,66140,300,300,740,2467
sorgo,1975,1975/1976,San Luis,74,Ayacucho,74007,400,0,0,0
sorgo,1975,1975/1976,San Luis,74,Chacabuco,74028,9300,6300,5670,900
sorgo,1975,1975/1976,San Luis,74,Coronel Pringles,74021,6800,1270,1150,906
sorgo,1975,1975/1976,San Luis,74,General Pedernera,74035,18500,10730,8580,800
sorgo,1975,1975/1976,San Luis,74,Gobernador Dupuy,74042,12800,2000,1800,900
sorgo,1975,1975/1976,San Luis,74,Juan Martín de Pueyrredón,74056,3300,500,450,900
sorgo,1975,1975/1976,San Luis,74,Junín,74049,2600,1500,1350,900
sorgo,1975,1975/1976,San Luis,74,Libertador General San Martín,74063,3500,0,0,0
sorgo,1975,1975/1976,Santa Fe,82,9 de Julio,82077,45000,37000,119500,3230
sorgo,1975,1975/1976,Santa Fe,82,Belgrano,82007,16000,14700,48500,3299
sorgo,1975,1975/1976,Santa Fe,82,Caseros,82014,2500,1800,5950,3306
sorgo,1975,1975/1976,Santa Fe,82,Castellanos,82021,70000,55000,162000,2945
sorgo,1975,1975/1976,Santa Fe,82,Garay,82035,2000,1500,3650,2433
sorgo,1975,1975/1976,Santa Fe,82,General López,82042,38500,31000,108450,3498
sorgo,1975,1975/1976,Santa Fe,82,General Obligado,82049,13000,12000,30000,2500
sorgo,1975,1975/1976,Santa Fe,82,Iriondo,82056,12000,11000,35590,3235
sorgo,1975,1975/1976,Santa Fe,82,La Capital,82063,4000,3500,8500,2429
sorgo,1975,1975/1976,Santa Fe,82,Las Colonias,82070,32000,26000,75500,2904
sorgo,1975,1975/1976,Santa Fe,82,Rosario,82084,2500,2500,7500,3000
sorgo,1975,1975/1976,Santa Fe,82,San Cristóbal,82091,80000,60000,171000,2850
sorgo,1975,1975/1976,Santa Fe,82,San Javier,82098,8000,7000,16100,2300
sorgo,1975,1975/1976,Santa Fe,82,San Jerónimo,82105,22000,14300,43500,3042
sorgo,1975,1975/1976,Santa Fe,82,San Justo,82112,20000,17000,44500,2618
sorgo,1975,1975/1976,Santa Fe,82,San Lorenzo,82119,4000,3500,11200,3200
sorgo,1975,1975/1976,Santa Fe,82,San Martín,82126,50000,36000,126000,3500
sorgo,1975,1975/1976,Santa Fe,82,Vera,82133,15000,11000,22000,2000
sorgo,1975,1975/1976,Santa Fe,82,Villa Constitución,82028,3500,3300,10560,3200
sorgo,1975,1975/1976,Santiago del Estero,86,Aguirre,86007,750,100,160,1600
sorgo,1975,1975/1976,Santiago del Estero,86,Alberdi,86014,200,100,120,1200
sorgo,1975,1975/1976,Santiago del Estero,86,Avellaneda,86028,1500,1250,1925,1540
sorgo,1975,1975/1976,Santiago del Estero,86,Banda,86035,900,800,1280,1600
sorgo,1975,1975/1976,Santiago del Estero,86,Belgrano,86042,7400,4000,5200,1300
sorgo,1975,1975/1976,Santiago del Estero,86,Capital,86049,250,200,280,1400
sorgo,1975,1975/1976,Santiago del Estero,86,Figueroa,86070,120,100,120,1200
sorgo,1975,1975/1976,Santiago del Estero,86,General Taboada,86077,4800,4200,6060,1443
sorgo,1975,1975/1976,Santiago del Estero,86,Jiménez,86091,150,100,120,1200
sorgo,1975,1975/1976,Santiago del Estero,86,Juan F. Ibarra,86098,2700,2350,3620,1540
sorgo,1975,1975/1976,Santiago del Estero,86,Loreto,86105,300,200,270,1350
sorgo,1975,1975/1976,Santiago del Estero,86,Moreno,86119,2200,1850,2635,1424
sorgo,1975,1975/1976,Santiago del Estero,86,Pellegrini,86133,250,200,300,1500
sorgo,1975,1975/1976,Santiago del Estero,86,Quebrachos,86140,50,0,0,0
sorgo,1975,1975/1976,Santiago del Estero,86,Río Hondo,86147,100,50,60,1200
sorgo,1975,1975/1976,Santiago del Estero,86,Rivadavia,86154,14000,11500,17800,1548
sorgo,1975,1975/1976,Santiago del Estero,86,Robles,86161,550,500,780,1560
sorgo,1975,1975/1976,Santiago del Estero,86,San Martín,86175,200,100,130,1300
sorgo,1975,1975/1976,Santiago del Estero,86,Sarmiento,86182,50,0,0,0
sorgo,1975,1975/1976,Santiago del Estero,86,Silípica,86189,200,100,140,1400
sorgo,1975,1975/1976,Tucumán,90,Burruyacú,90007,1140,1140,2650,2325
sorgo,1975,1975/1976,Tucumán,90,Cruz Alta,90014,3500,3500,8400,2400
sorgo,1975,1975/1976,Tucumán,90,Graneros,90035,1500,1500,3000,2000
sorgo,1975,1975/1976,Tucumán,90,Leales,90056,1340,1340,3350,2500
sorgo,1976,1976/1977,Buenos Aires,06,25 de Mayo,06854,5000,4500,16200,3600
sorgo,1976,1976/1977,Buenos Aires,06,9 de Julio,06588,8000,6500,27300,4200
sorgo,1976,1976/1977,Buenos Aires,06,Adolfo Alsina,06007,25000,15000,33000,2200
sorgo,1976,1976/1977,Buenos Aires,06,Adolfo Gonzales Chaves,06014,700,200,520,2600
sorgo,1976,1976/1977,Buenos Aires,06,Alberti,06021,2500,2500,8750,3500
sorgo,1976,1976/1977,Buenos Aires,06,Arrecifes,06077,3300,2880,12384,4300
sorgo,1976,1976/1977,Buenos Aires,06,Ayacucho,06042,1800,200,600,3000
sorgo,1976,1976/1977,Buenos Aires,06,Azul,06049,4200,180,648,3600
sorgo,1976,1976/1977,Buenos Aires,06,Bahía Blanca,06056,7000,5000,11500,2300
sorgo,1976,1976/1977,Buenos Aires,06,Balcarce,06063,2000,1300,3120,2400
sorgo,1976,1976/1977,Buenos Aires,06,Baradero,06070,5500,5000,19000,3800
sorgo,1976,1976/1977,Buenos Aires,06,Benito Juárez,06084,1600,160,464,2900
sorgo,1976,1976/1977,Buenos Aires,06,Berazategui,06091,400,400,1000,2500
sorgo,1976,1976/1977,Buenos Aires,06,Berisso,06098,50,0,0,0
sorgo,1976,1976/1977,Buenos Aires,06,Bolívar,06105,14000,12000,36000,3000
sorgo,1976,1976/1977,Buenos Aires,06,Bragado,06112,4000,3600,12960,3600
sorgo,1976,1976/1977,Buenos Aires,06,Brandsen,06119,200,0,0,0
sorgo,1976,1976/1977,Buenos Aires,06,Campana,06126,1100,1000,3300,3300
sorgo,1976,1976/1977,Buenos Aires,06,Cañuelas,06134,500,0,0,0
sorgo,1976,1976/1977,Buenos Aires,06,Capitán Sarmiento,06140,3000,2650,11660,4400
sorgo,1976,1976/1977,Buenos Aires,06,Carlos Casares,06147,18000,16600,69720,4200
sorgo,1976,1976/1977,Buenos Aires,06,Carlos Tejedor,06154,25000,20500,77900,3800
sorgo,1976,1976/1977,Buenos Aires,06,Carmen de Areco,06161,3000,2660,11170,4199
sorgo,1976,1976/1977,Buenos Aires,06,Castelli,06168,800,100,230,2300
sorgo,1976,1976/1977,Buenos Aires,06,Chacabuco,06210,2200,1750,7525,4300
sorgo,1976,1976/1977,Buenos Aires,06,Chascomús,06217,3000,500,1250,2500
sorgo,1976,1976/1977,Buenos Aires,06,Chivilcoy,06224,4000,4000,14000,3500
sorgo,1976,1976/1977,Buenos Aires,06,Colón,06175,2000,1600,7040,4400
sorgo,1976,1976/1977,Buenos Aires,06,Coronel de Marina Leonardo Rosales,06182,5000,3500,8050,2300
sorgo,1976,1976/1977,Buenos Aires,06,Coronel Dorrego,06189,1000,100,230,2300
sorgo,1976,1976/1977,Buenos Aires,06,Coronel Pringles,06196,1500,200,460,2300
sorgo,1976,1976/1977,Buenos Aires,06,Coronel Suárez,06203,10000,5500,14300,2600
sorgo,1976,1976/1977,Buenos Aires,06,Daireaux,06231,15000,11000,33000,3000
sorgo,1976,1976/1977,Buenos Aires,06,Dolores,06238,1200,200,480,2400
sorgo,1976,1976/1977,Buenos Aires,06,Esteban Echeverría,06260,50,0,0,0
sorgo,1976,1976/1977,Buenos Aires,06,Exaltación de la Cruz,06266,4500,4500,15750,3500
sorgo,1976,1976/1977,Buenos Aires,06,General Alvarado,06280,1500,1000,2600,2600
sorgo,1976,1976/1977,Buenos Aires,06,General Alvear,06287,3000,2700,6750,2500
sorgo,1976,1976/1977,Buenos Aires,06,General Arenales,06294,1000,750,3150,4200
sorgo,1976,1976/1977,Buenos Aires,06,General Belgrano,06301,1800,1800,7200,4000
sorgo,1976,1976/1977,Buenos Aires,06,General Guido,06308,700,0,0,0
sorgo,1976,1976/1977,Buenos Aires,06,General Juan Madariaga,06315,1000,0,0,0
sorgo,1976,1976/1977,Buenos Aires,06,General La Madrid,06322,8000,4000,10000,2500
sorgo,1976,1976/1977,Buenos Aires,06,General Las Heras,06329,1400,700,3150,4500
sorgo,1976,1976/1977,Buenos Aires,06,General Lavalle,06336,200,0,0,0
sorgo,1976,1976/1977,Buenos Aires,06,General Paz,06343,1200,1200,3000,2500
sorgo,1976,1976/1977,Buenos Aires,06,General Pinto,06351,20000,18500,64750,3500
sorgo,1976,1976/1977,Buenos Aires,06,General Pueyrredón,06357,1500,900,2520,2800
sorgo,1976,1976/1977,Buenos Aires,06,General Rodríguez,06364,400,350,1155,3300
sorgo,1976,1976/1977,Buenos Aires,06,General Viamonte,06385,4000,3470,14574,4200
sorgo,1976,1976/1977,Buenos Aires,06,General Villegas,06392,60000,53500,172600,3226
sorgo,1976,1976/1977,Buenos Aires,06,Guaminí,06399,20000,14000,35000,2500
sorgo,1976,1976/1977,Buenos Aires,06,Hipólito Yrigoyen,06406,2500,2100,9450,4500
sorgo,1976,1976/1977,Buenos Aires,06,Junín,06413,4000,3500,15050,4300
sorgo,1976,1976/1977,Buenos Aires,06,La Matanza,06427,50,0,0,0
sorgo,1976,1976/1977,Buenos Aires,06,La Plata,06441,600,600,1500,2500
sorgo,1976,1976/1977,Buenos Aires,06,Laprida,06448,2000,300,750,2500
sorgo,1976,1976/1977,Buenos Aires,06,Las Flores,06455,500,450,1350,3000
sorgo,1976,1976/1977,Buenos Aires,06,Leandro N. Alem,06462,9000,8150,35045,4300
sorgo,1976,1976/1977,Buenos Aires,06,Lincoln,06469,20000,18000,63000,3500
sorgo,1976,1976/1977,Buenos Aires,06,Lobería,06476,4500,2700,6750,2500
sorgo,1976,1976/1977,Buenos Aires,06,Lobos,06483,2800,2800,11200,4000
sorgo,1976,1976/1977,Buenos Aires,06,Luján,06497,1800,1600,5280,3300
sorgo,1976,1976/1977,Buenos Aires,06,Magdalena,06505,4000,500,1250,2500
sorgo,1976,1976/1977,Buenos Aires,06,Maipú,06511,1500,0,0,0
sorgo,1976,1976/1977,Buenos Aires,06,Mar Chiquita,06518,1000,0,0,0
sorgo,1976,1976/1977,Buenos Aires,06,Marcos Paz,06525,1500,1500,4650,3100
sorgo,1976,1976/1977,Buenos Aires,06,Mercedes,06532,1500,1500,4950,3300
sorgo,1976,1976/1977,Buenos Aires,06,Monte,06547,1100,1100,3850,3500
sorgo,1976,1976/1977,Buenos Aires,06,Navarro,06574,2400,2400,9600,4000
sorgo,1976,1976/1977,Buenos Aires,06,Necochea,06581,2500,400,1040,2600
sorgo,1976,1976/1977,Buenos Aires,06,Olavarría,06595,6000,450,1440,3200
sorgo,1976,1976/1977,Buenos Aires,06,Patagones,06602,1000,500,550,1100
sorgo,1976,1976/1977,Buenos Aires,06,Pehuajó,06609,30000,28600,103403,3615
sorgo,1976,1976/1977,Buenos Aires,06,Pellegrini,06616,20000,12000,36000,3000
sorgo,1976,1976/1977,Buenos Aires,06,Pergamino,06623,4700,4180,17974,4300
sorgo,1976,1976/1977,Buenos Aires,06,Pila,06630,1000,0,0,0
sorgo,1976,1976/1977,Buenos Aires,06,Pilar,06638,500,500,1650,3300
sorgo,1976,1976/1977,Buenos Aires,06,Puán,06651,17000,12000,30000,2500
sorgo,1976,1976/1977,Buenos Aires,06,Ramallo,06665,3300,2960,11248,3800
sorgo,1976,1976/1977,Buenos Aires,06,Rauch,06672,3300,280,810,2893
sorgo,1976,1976/1977,Buenos Aires,06,Rivadavia,06679,28000,23500,86950,3700
sorgo,1976,1976/1977,Buenos Aires,06,Rojas,06686,3000,2640,11616,4400
sorgo,1976,1976/1977,Buenos Aires,06,Roque Pérez,06693,1000,900,2250,2500
sorgo,1976,1976/1977,Buenos Aires,06,Saavedra,06700,8000,4000,10000,2500
sorgo,1976,1976/1977,Buenos Aires,06,Saladillo,06707,6000,5400,16200,3000
sorgo,1976,1976/1977,Buenos Aires,06,Salliqueló,06721,5000,3000,7500,2500
sorgo,1976,1976/1977,Buenos Aires,06,Salto,06714,3500,3050,12810,4200
sorgo,1976,1976/1977,Buenos Aires,06,San Andrés de Giles,06728,3500,3500,12250,3500
sorgo,1976,1976/1977,Buenos Aires,06,San Antonio de Areco,06735,2500,2250,8775,3900
sorgo,1976,1976/1977,Buenos Aires,06,San Cayetano,06742,1000,250,725,2900
sorgo,1976,1976/1977,Buenos Aires,06,San Nicolás,06763,1500,1320,5148,3900
sorgo,1976,1976/1977,Buenos Aires,06,San Pedro,06770,4300,3770,14326,3800
sorgo,1976,1976/1977,Buenos Aires,06,San Vicente,06778,50,0,0,0
sorgo,1976,1976/1977,Buenos Aires,06,Suipacha,06784,2000,2000,7600,3800
sorgo,1976,1976/1977,Buenos Aires,06,Tandil,06791,3500,500,1750,3500
sorgo,1976,1976/1977,Buenos Aires,06,Tapalqué,06798,2000,1800,4500,2500
sorgo,1976,1976/1977,Buenos Aires,06,Tordillo,06812,800,0,0,0
sorgo,1976,1976/1977,Buenos Aires,06,Tornquist,06819,15000,11000,30800,2800
sorgo,1976,1976/1977,Buenos Aires,06,Trenque Lauquen,06826,33500,23900,89300,3736
sorgo,1976,1976/1977,Buenos Aires,06,Tres Arroyos,06833,3000,500,1250,2500
sorgo,1976,1976/1977,Buenos Aires,06,Villarino,06875,8000,6000,12000,2000
sorgo,1976,1976/1977,Buenos Aires,06,Zárate,06882,3000,3000,10500,3500
sorgo,1976,1976/1977,Chaco,22,1° de Mayo,22126,200,200,360,1800
sorgo,1976,1976/1977,Chaco,22,12 de Octubre,22036,32100,31400,78940,2514
sorgo,1976,1976/1977,Chaco,22,25 de Mayo,22168,5000,4950,11500,2323
sorgo,1976,1976/1977,Chaco,22,9 de Julio,22105,4000,3800,7500,1974
sorgo,1976,1976/1977,Chaco,22,Almirante Brown,22007,3500,3300,8500,2576
sorgo,1976,1976/1977,Chaco,22,Bermejo,22014,800,800,2000,2500
sorgo,1976,1976/1977,Chaco,22,Chacabuco,22028,17000,16500,46000,2788
sorgo,1976,1976/1977,Chaco,22,Comandante Fernández,22021,12000,11700,30000,2564
sorgo,1976,1976/1977,Chaco,22,Fray Justo Santa María de Oro,22043,17000,14200,33000,2324
sorgo,1976,1976/1977,Chaco,22,General Belgrano,22049,9500,9150,21000,2295
sorgo,1976,1976/1977,Chaco,22,General Donovan,22056,500,500,1100,2200
sorgo,1976,1976/1977,Chaco,22,General Güemes,22063,4000,3700,8000,2162
sorgo,1976,1976/1977,Chaco,22,Independencia,22070,5500,5350,13000,2430
sorgo,1976,1976/1977,Chaco,22,Libertad,22077,400,400,800,2000
sorgo,1976,1976/1977,Chaco,22,Libertador General San Martín,22084,21000,21000,50000,2381
sorgo,1976,1976/1977,Chaco,22,Maipú,22091,9000,8800,21000,2386
sorgo,1976,1976/1977,Chaco,22,Mayor Luis J. Fontana,22098,19000,16500,38000,2303
sorgo,1976,1976/1977,Chaco,22,O'Higgins,22112,4000,3900,8500,2179
sorgo,1976,1976/1977,Chaco,22,Presidencia de la Plaza,22119,1200,1200,2000,1667
sorgo,1976,1976/1977,Chaco,22,Quitilipi,22133,8500,8350,21000,2515
sorgo,1976,1976/1977,Chaco,22,San Fernando,22140,1300,1300,2600,2000
sorgo,1976,1976/1977,Chaco,22,San Lorenzo,22147,5000,4500,10000,2222
sorgo,1976,1976/1977,Chaco,22,Sargento Cabral,22154,2500,2500,5200,2080
sorgo,1976,1976/1977,Córdoba,14,Calamuchita,14007,5600,5600,13440,2400
sorgo,1976,1976/1977,Córdoba,14,Capital,14014,700,700,1680,2400
sorgo,1976,1976/1977,Córdoba,14,Colón,14021,5000,5000,13000,2600
sorgo,1976,1976/1977,Córdoba,14,Cruz del Eje,14028,900,900,2160,2400
sorgo,1976,1976/1977,Córdoba,14,General Roca,14035,105000,98000,269300,2748
sorgo,1976,1976/1977,Córdoba,14,General San Martín,14042,24000,24000,76800,3200
sorgo,1976,1976/1977,Córdoba,14,Ischilín,14049,1300,1300,3120,2400
sorgo,1976,1976/1977,Córdoba,14,Juárez Celman,14056,80000,72000,205200,2850
sorgo,1976,1976/1977,Córdoba,14,Marcos Juárez,14063,63000,61500,215250,3500
sorgo,1976,1976/1977,Córdoba,14,Pocho,14077,1400,1400,3080,2200
sorgo,1976,1976/1977,Córdoba,14,Presidente Roque Sáenz Peña,14084,90000,85000,242250,2850
sorgo,1976,1976/1977,Córdoba,14,Punilla,14091,700,700,1470,2100
sorgo,1976,1976/1977,Córdoba,14,Río Cuarto,14098,200000,188000,485800,2584
sorgo,1976,1976/1977,Córdoba,14,Río Primero,14105,20000,20000,52000,2600
sorgo,1976,1976/1977,Córdoba,14,Río Seco,14112,700,700,1470,2100
sorgo,1976,1976/1977,Córdoba,14,Río Segundo,14119,55000,53000,153700,2900
sorgo,1976,1976/1977,Córdoba,14,San Alberto,14126,700,700,1470,2100
sorgo,1976,1976/1977,Córdoba,14,San Justo,14140,150000,137500,327500,2382
sorgo,1976,1976/1977,Córdoba,14,Santa María,14147,12000,12000,33600,2800
sorgo,1976,1976/1977,Córdoba,14,Sobremonte,14154,200,200,420,2100
sorgo,1976,1976/1977,Córdoba,14,Tercero Arriba,14161,45000,45000,135000,3000
sorgo,1976,1976/1977,Córdoba,14,Totoral,14168,3500,3500,8400,2400
sorgo,1976,1976/1977,Córdoba,14,Tulumba,14175,300,300,720,2400
sorgo,1976,1976/1977,Córdoba,14,Unión,14182,85000,83000,253170,3050
sorgo,1976,1976/1977,Corrientes,18,Bella Vista,18007,4500,4450,13350,3000
sorgo,1976,1976/1977,Corrientes,18,Berón de Astrada,18014,400,390,1014,2600
sorgo,1976,1976/1977,Corrientes,18,Capital,18021,450,420,1008,2400
sorgo,1976,1976/1977,Corrientes,18,Concepción,18028,2400,2370,6873,2900
sorgo,1976,1976/1977,Corrientes,18,Curuzu Cuatia,18035,2000,1950,4875,2500
sorgo,1976,1976/1977,Corrientes,18,Empedrado,18042,2200,2160,5832,2700
sorgo,1976,1976/1977,Corrientes,18,Esquina,18049,3000,2700,6750,2500
sorgo,1976,1976/1977,Corrientes,18,General Alvear,18056,200,190,494,2600
sorgo,1976,1976/1977,Corrientes,18,General Paz,18063,100,95,247,2600
sorgo,1976,1976/1977,Corrientes,18,Goya,18070,3000,2700,5130,1900
sorgo,1976,1976/1977,Corrientes,18,Itatí,18077,60,60,132,2200
sorgo,1976,1976/1977,Corrientes,18,Ituzaingó,18084,500,480,1104,2300
sorgo,1976,1976/1977,Corrientes,18,Lavalle,18091,1500,1470,3528,2400
sorgo,1976,1976/1977,Corrientes,18,Mburucuyá,18098,200,200,520,2600
sorgo,1976,1976/1977,Corrientes,18,Mercedes,18105,700,680,1700,2500
sorgo,1976,1976/1977,Corrientes,18,Monte Caseros,18112,3400,3380,8835,2614
sorgo,1976,1976/1977,Corrientes,18,Paso de los Libres,18119,1000,985,2659,2699
sorgo,1976,1976/1977,Corrientes,18,Saladas,18126,800,760,1900,2500
sorgo,1976,1976/1977,Corrientes,18,San Cosme,18133,70,65,156,2400
sorgo,1976,1976/1977,Corrientes,18,San Luis del Palmar,18140,300,280,728,2600
sorgo,1976,1976/1977,Corrientes,18,San Martín,18147,150,145,377,2600
sorgo,1976,1976/1977,Corrientes,18,San Miguel,18154,70,70,189,2700
sorgo,1976,1976/1977,Corrientes,18,San Roque,18161,800,770,1925,2500
sorgo,1976,1976/1977,Corrientes,18,Santo Tomé,18168,1600,1550,4340,2800
sorgo,1976,1976/1977,Corrientes,18,Sauce,18175,600,580,1334,2300
sorgo,1976,1976/1977,Entre Ríos,30,Colón,30008,13000,11800,24780,2100
sorgo,1976,1976/1977,Entre Ríos,30,Concordia,30015,3000,2700,5400,2000
sorgo,1976,1976/1977,Entre Ríos,30,Diamante,30021,9000,8600,18920,2200
sorgo,1976,1976/1977,Entre Ríos,30,Federación,30028,3000,2700,5400,2000
sorgo,1976,1976/1977,Entre Ríos,30,Federal,30035,4000,3600,7200,2000
sorgo,1976,1976/1977,Entre Ríos,30,Feliciano,30042,2000,1700,3230,1900
sorgo,1976,1976/1977,Entre Ríos,30,Gualeguay,30049,11000,8700,18270,2100
sorgo,1976,1976/1977,Entre Ríos,30,Gualeguaychú,30056,20000,16000,32000,2000
sorgo,1976,1976/1977,Entre Ríos,30,La Paz,30070,13000,12000,25200,2100
sorgo,1976,1976/1977,Entre Ríos,30,Nogoyá,30077,12000,11200,25500,2277
sorgo,1976,1976/1977,Entre Ríos,30,Paraná,30084,14000,13000,27300,2100
sorgo,1976,1976/1977,Entre Ríos,30,Tala,30091,7000,6000,12600,2100
sorgo,1976,1976/1977,Entre Ríos,30,Uruguay,30098,15000,14000,28000,2000
sorgo,1976,1976/1977,Entre Ríos,30,Victoria,30105,18000,16000,38400,2400
sorgo,1976,1976/1977,Entre Ríos,30,Villaguay,30113,20000,18000,37800,2100
sorgo,1976,1976/1977,Formosa,34,Formosa,34014,2000,1600,3400,2125
sorgo,1976,1976/1977,Formosa,34,Laishí,34021,8000,7200,18000,2500
sorgo,1976,1976/1977,Formosa,34,Patiño,34035,5000,4000,12000,3000
sorgo,1976,1976/1977,Formosa,34,Pilagás,34042,1800,1440,3600,2500
sorgo,1976,1976/1977,Formosa,34,Pilcomayo,34049,1500,1200,3000,2500
sorgo,1976,1976/1977,Formosa,34,Pirané,34056,21700,18560,55000,2963
sorgo,1976,1976/1977,Jujuy,38,El Carmen,38014,480,0,0,0
sorgo,1976,1976/1977,Jujuy,38,Ledesma,38035,70,0,0,0
sorgo,1976,1976/1977,Jujuy,38,San Pedro,38063,50,0,0,0
sorgo,1976,1976/1977,Jujuy,38,Santa Bárbara,38070,350,100,200,2000
sorgo,1976,1976/1977,La Pampa,42,Atreucó,42007,3500,2300,4600,2000
sorgo,1976,1976/1977,La Pampa,42,Capital,42021,8000,6000,12000,2000
sorgo,1976,1976/1977,La Pampa,42,Catriló,42028,5000,3500,7350,2100
sorgo,1976,1976/1977,La Pampa,42,Chapaleufú,42056,30500,22900,59890,2615
sorgo,1976,1976/1977,La Pampa,42,Conhelo,42035,15000,12000,30000,2500
sorgo,1976,1976/1977,La Pampa,42,Guatraché,42070,3500,2000,3200,1600
sorgo,1976,1976/1977,La Pampa,42,Hucal,42077,500,200,260,1300
sorgo,1976,1976/1977,La Pampa,42,Loventué,42098,500,400,640,1600
sorgo,1976,1976/1977,La Pampa,42,Maracó,42105,13000,10000,23000,2300
sorgo,1976,1976/1977,La Pampa,42,Quemú Quemú,42119,11000,8000,20000,2500
sorgo,1976,1976/1977,La Pampa,42,Rancul,42126,17500,13500,31050,2300
sorgo,1976,1976/1977,La Pampa,42,Realicó,42133,22000,17000,41650,2450
sorgo,1976,1976/1977,La Pampa,42,Toay,42140,1500,1200,2160,1800
sorgo,1976,1976/1977,La Pampa,42,Trenel,42147,15000,12000,28800,2400
sorgo,1976,1976/1977,La Pampa,42,Utracán,42154,2500,2000,3400,1700
sorgo,1976,1976/1977,Salta,66,Anta,66007,300,300,780,2600
sorgo,1976,1976/1977,Salta,66,Cerrillos,66035,200,100,240,2400
sorgo,1976,1976/1977,Salta,66,Chicoana,66042,70,0,0,0
sorgo,1976,1976/1977,Salta,66,General José de San Martín,66056,5130,4600,12210,2654
sorgo,1976,1976/1977,Salta,66,La Candelaria,66084,200,200,530,2650
sorgo,1976,1976/1977,Salta,66,Metán,66112,1800,1500,4200,2800
sorgo,1976,1976/1977,Salta,66,Rosario de la Frontera,66140,300,300,840,2800
sorgo,1976,1976/1977,San Luis,74,Ayacucho,74007,300,300,400,1333
sorgo,1976,1976/1977,San Luis,74,Chacabuco,74028,10000,9900,14880,1503
sorgo,1976,1976/1977,San Luis,74,Coronel Pringles,74021,6200,5900,9000,1525
sorgo,1976,1976/1977,San Luis,74,General Pedernera,74035,26500,21400,32100,1500
sorgo,1976,1976/1977,San Luis,74,Gobernador Dupuy,74042,18900,14500,22040,1520
sorgo,1976,1976/1977,San Luis,74,Juan Martín de Pueyrredón,74056,3100,3000,4300,1433
sorgo,1976,1976/1977,San Luis,74,Junín,74049,2500,2500,3380,1352
sorgo,1976,1976/1977,San Luis,74,Libertador General San Martín,74063,2500,2500,3900,1560
sorgo,1976,1976/1977,Santa Fe,82,9 de Julio,82077,65000,42000,94000,2238
sorgo,1976,1976/1977,Santa Fe,82,Belgrano,82007,20000,19500,78000,4000
sorgo,1976,1976/1977,Santa Fe,82,Caseros,82014,2000,1300,5200,4000
sorgo,1976,1976/1977,Santa Fe,82,Castellanos,82021,90000,68000,170000,2500
sorgo,1976,1976/1977,Santa Fe,82,Garay,82035,2500,1800,4100,2278
sorgo,1976,1976/1977,Santa Fe,82,General López,82042,50000,40000,168000,4200
sorgo,1976,1976/1977,Santa Fe,82,General Obligado,82049,7000,5000,10000,2000
sorgo,1976,1976/1977,Santa Fe,82,Iriondo,82056,10500,9000,36000,4000
sorgo,1976,1976/1977,Santa Fe,82,La Capital,82063,4500,3800,9500,2500
sorgo,1976,1976/1977,Santa Fe,82,Las Colonias,82070,45000,38500,100000,2597
sorgo,1976,1976/1977,Santa Fe,82,Rosario,82084,2000,1400,5530,3950
sorgo,1976,1976/1977,Santa Fe,82,San Cristóbal,82091,110000,84000,206000,2452
sorgo,1976,1976/1977,Santa Fe,82,San Javier,82098,5000,3500,7000,2000
sorgo,1976,1976/1977,Santa Fe,82,San Jerónimo,82105,15000,11500,41400,3600
sorgo,1976,1976/1977,Santa Fe,82,San Justo,82112,25000,21000,52000,2476
sorgo,1976,1976/1977,Santa Fe,82,San Lorenzo,82119,5500,4500,17770,3949
sorgo,1976,1976/1977,Santa Fe,82,San Martín,82126,60000,57500,207000,3600
sorgo,1976,1976/1977,Santa Fe,82,Vera,82133,8000,5000,7500,1500
sorgo,1976,1976/1977,Santa Fe,82,Villa Constitución,82028,3000,2700,11000,4074
sorgo,1976,1976/1977,Santiago del Estero,86,Aguirre,86007,2000,1400,2100,1500
sorgo,1976,1976/1977,Santiago del Estero,86,Alberdi,86014,1250,1000,1600,1600
sorgo,1976,1976/1977,Santiago del Estero,86,Avellaneda,86028,1800,1400,2160,1543
sorgo,1976,1976/1977,Santiago del Estero,86,Banda,86035,1000,600,780,1300
sorgo,1976,1976/1977,Santiago del Estero,86,Belgrano,86042,10000,8000,14400,1800
sorgo,1976,1976/1977,Santiago del Estero,86,Capital,86049,250,150,190,1267
sorgo,1976,1976/1977,Santiago del Estero,86,Figueroa,86070,100,100,160,1600
sorgo,1976,1976/1977,Santiago del Estero,86,General Taboada,86077,7000,6000,10200,1700
sorgo,1976,1976/1977,Santiago del Estero,86,Jiménez,86091,1000,800,1280,1600
sorgo,1976,1976/1977,Santiago del Estero,86,Juan F. Ibarra,86098,3000,2800,4160,1486
sorgo,1976,1976/1977,Santiago del Estero,86,Loreto,86105,350,100,160,1600
sorgo,1976,1976/1977,Santiago del Estero,86,Moreno,86119,2600,1800,2800,1556
sorgo,1976,1976/1977,Santiago del Estero,86,Pellegrini,86133,300,250,380,1520
sorgo,1976,1976/1977,Santiago del Estero,86,Quebrachos,86140,100,0,0,0
sorgo,1976,1976/1977,Santiago del Estero,86,Río Hondo,86147,100,100,160,1600
sorgo,1976,1976/1977,Santiago del Estero,86,Rivadavia,86154,18000,15000,28670,1911
sorgo,1976,1976/1977,Santiago del Estero,86,Robles,86161,600,500,800,1600
sorgo,1976,1976/1977,Santiago del Estero,86,San Martín,86175,250,0,0,0
sorgo,1976,1976/1977,Santiago del Estero,86,Sarmiento,86182,50,0,0,0
sorgo,1976,1976/1977,Santiago del Estero,86,Silípica,86189,250,0,0,0
sorgo,1976,1976/1977,Tucumán,90,Burruyacú,90007,1200,1100,3300,3000
sorgo,1976,1976/1977,Tucumán,90,Cruz Alta,90014,1600,1300,4550,3500
sorgo,1976,1976/1977,Tucumán,90,Graneros,90035,1100,1000,2800,2800
sorgo,1976,1976/1977,Tucumán,90,Leales,90056,1100,600,2350,3917
sorgo,1977,1977/1978,Buenos Aires,06,25 de Mayo,06854,4000,4000,14310,3578
sorgo,1977,1977/1978,Buenos Aires,06,9 de Julio,06588,12000,10700,53500,5000
sorgo,1977,1977/1978,Buenos Aires,06,Adolfo Alsina,06007,30000,18000,44900,2494
sorgo,1977,1977/1978,Buenos Aires,06,Adolfo Gonzales Chaves,06014,2000,200,340,1700
sorgo,1977,1977/1978,Buenos Aires,06,Alberti,06021,2000,2000,8000,4000
sorgo,1977,1977/1978,Buenos Aires,06,Arrecifes,06077,1500,1500,5250,3500
sorgo,1977,1977/1978,Buenos Aires,06,Ayacucho,06042,1800,200,560,2800
sorgo,1977,1977/1978,Buenos Aires,06,Azul,06049,4000,500,1500,3000
sorgo,1977,1977/1978,Buenos Aires,06,Bahía Blanca,06056,9000,7000,11200,1600
sorgo,1977,1977/1978,Buenos Aires,06,Balcarce,06063,2200,1000,2900,2900
sorgo,1977,1977/1978,Buenos Aires,06,Baradero,06070,6500,6400,22400,3500
sorgo,1977,1977/1978,Buenos Aires,06,Benito Juárez,06084,1500,100,300,3000
sorgo,1977,1977/1978,Buenos Aires,06,Berazategui,06091,350,350,770,2200
sorgo,1977,1977/1978,Buenos Aires,06,Berisso,06098,50,0,0,0
sorgo,1977,1977/1978,Buenos Aires,06,Bolívar,06105,8500,7500,34050,4540
sorgo,1977,1977/1978,Buenos Aires,06,Bragado,06112,4000,4000,16800,4200
sorgo,1977,1977/1978,Buenos Aires,06,Brandsen,06119,300,300,660,2200
sorgo,1977,1977/1978,Buenos Aires,06,Campana,06126,1300,1200,3840,3200
sorgo,1977,1977/1978,Buenos Aires,06,Cañuelas,06134,600,600,1380,2300
sorgo,1977,1977/1978,Buenos Aires,06,Capitán Sarmiento,06140,1200,1200,4200,3500
sorgo,1977,1977/1978,Buenos Aires,06,Carlos Casares,06147,19000,17000,86000,5059
sorgo,1977,1977/1978,Buenos Aires,06,Carlos Tejedor,06154,31000,24900,110250,4428
sorgo,1977,1977/1978,Buenos Aires,06,Carmen de Areco,06161,1300,1300,4810,3700
sorgo,1977,1977/1978,Buenos Aires,06,Castelli,06168,700,700,1610,2300
sorgo,1977,1977/1978,Buenos Aires,06,Chacabuco,06210,2500,2000,9000,4500
sorgo,1977,1977/1978,Buenos Aires,06,Chascomús,06217,2800,2800,7000,2500
sorgo,1977,1977/1978,Buenos Aires,06,Chivilcoy,06224,3000,3000,12000,4000
sorgo,1977,1977/1978,Buenos Aires,06,Colón,06175,2000,1800,6480,3600
sorgo,1977,1977/1978,Buenos Aires,06,Coronel de Marina Leonardo Rosales,06182,7000,5000,8000,1600
sorgo,1977,1977/1978,Buenos Aires,06,Coronel Dorrego,06189,2000,400,600,1500
sorgo,1977,1977/1978,Buenos Aires,06,Coronel Pringles,06196,2500,200,340,1700
sorgo,1977,1977/1978,Buenos Aires,06,Coronel Suárez,06203,8000,6500,18850,2900
sorgo,1977,1977/1978,Buenos Aires,06,Daireaux,06231,8500,7300,22050,3021
sorgo,1977,1977/1978,Buenos Aires,06,Dolores,06238,990,450,1130,2511
sorgo,1977,1977/1978,Buenos Aires,06,Esteban Echeverría,06260,50,0,0,0
sorgo,1977,1977/1978,Buenos Aires,06,Exaltación de la Cruz,06266,5000,5000,17300,3460
sorgo,1977,1977/1978,Buenos Aires,06,General Alvarado,06280,1600,1000,2840,2840
sorgo,1977,1977/1978,Buenos Aires,06,General Alvear,06287,2500,2500,6250,2500
sorgo,1977,1977/1978,Buenos Aires,06,General Arenales,06294,1000,900,4050,4500
sorgo,1977,1977/1978,Buenos Aires,06,General Belgrano,06301,1600,1600,5600,3500
sorgo,1977,1977/1978,Buenos Aires,06,General Guido,06308,700,0,0,0
sorgo,1977,1977/1978,Buenos Aires,06,General Juan Madariaga,06315,1000,0,0,0
sorgo,1977,1977/1978,Buenos Aires,06,General La Madrid,06322,6000,4500,11200,2489
sorgo,1977,1977/1978,Buenos Aires,06,General Las Heras,06329,1700,1600,5600,3500
sorgo,1977,1977/1978,Buenos Aires,06,General Lavalle,06336,1000,1000,2400,2400
sorgo,1977,1977/1978,Buenos Aires,06,General Paz,06343,1000,1000,2500,2500
sorgo,1977,1977/1978,Buenos Aires,06,General Pinto,06351,28000,26000,109200,4200
sorgo,1977,1977/1978,Buenos Aires,06,General Pueyrredón,06357,1600,1000,2700,2700
sorgo,1977,1977/1978,Buenos Aires,06,General Rodríguez,06364,450,450,1570,3489
sorgo,1977,1977/1978,Buenos Aires,06,General Viamonte,06385,4000,4000,17200,4300
sorgo,1977,1977/1978,Buenos Aires,06,General Villegas,06392,85000,74500,312900,4200
sorgo,1977,1977/1978,Buenos Aires,06,Guaminí,06399,15000,13000,36400,2800
sorgo,1977,1977/1978,Buenos Aires,06,Hipólito Yrigoyen,06406,5000,3000,15000,5000
sorgo,1977,1977/1978,Buenos Aires,06,Junín,06413,4500,4500,19350,4300
sorgo,1977,1977/1978,Buenos Aires,06,La Matanza,06427,60,50,160,3200
sorgo,1977,1977/1978,Buenos Aires,06,La Plata,06441,600,600,1500,2500
sorgo,1977,1977/1978,Buenos Aires,06,Laprida,06448,2000,700,1300,1857
sorgo,1977,1977/1978,Buenos Aires,06,Las Flores,06455,300,300,840,2800
sorgo,1977,1977/1978,Buenos Aires,06,Leandro N. Alem,06462,9500,8000,32260,4033
sorgo,1977,1977/1978,Buenos Aires,06,Lincoln,06469,30000,27500,115500,4200
sorgo,1977,1977/1978,Buenos Aires,06,Lobería,06476,4800,3000,7700,2567
sorgo,1977,1977/1978,Buenos Aires,06,Lobos,06483,2500,2500,8750,3500
sorgo,1977,1977/1978,Buenos Aires,06,Luján,06497,2000,2000,7000,3500
sorgo,1977,1977/1978,Buenos Aires,06,Magdalena,06505,2800,2800,7000,2500
sorgo,1977,1977/1978,Buenos Aires,06,Maipú,06511,1500,200,500,2500
sorgo,1977,1977/1978,Buenos Aires,06,Mar Chiquita,06518,1000,0,0,0
sorgo,1977,1977/1978,Buenos Aires,06,Marcos Paz,06525,1700,1500,4900,3267
sorgo,1977,1977/1978,Buenos Aires,06,Mercedes,06532,1700,1700,5610,3300
sorgo,1977,1977/1978,Buenos Aires,06,Monte,06547,1500,1500,4800,3200
sorgo,1977,1977/1978,Buenos Aires,06,Navarro,06574,2700,2700,9400,3481
sorgo,1977,1977/1978,Buenos Aires,06,Necochea,06581,2000,500,860,1720
sorgo,1977,1977/1978,Buenos Aires,06,Olavarría,06595,5000,4500,20250,4500
sorgo,1977,1977/1978,Buenos Aires,06,Patagones,06602,1500,500,600,1200
sorgo,1977,1977/1978,Buenos Aires,06,Pehuajó,06609,36000,29500,148260,5026
sorgo,1977,1977/1978,Buenos Aires,06,Pellegrini,06616,16000,12500,35000,2800
sorgo,1977,1977/1978,Buenos Aires,06,Pergamino,06623,2000,2000,8600,4300
sorgo,1977,1977/1978,Buenos Aires,06,Pila,06630,1200,1200,4200,3500
sorgo,1977,1977/1978,Buenos Aires,06,Pilar,06638,590,540,1700,3148
sorgo,1977,1977/1978,Buenos Aires,06,Puán,06651,31000,22000,41800,1900
sorgo,1977,1977/1978,Buenos Aires,06,Ramallo,06665,3800,3700,12200,3297
sorgo,1977,1977/1978,Buenos Aires,06,Rauch,06672,200,200,600,3000
sorgo,1977,1977/1978,Buenos Aires,06,Rivadavia,06679,34000,27400,126040,4600
sorgo,1977,1977/1978,Buenos Aires,06,Rojas,06686,3000,2500,11000,4400
sorgo,1977,1977/1978,Buenos Aires,06,Roque Pérez,06693,1000,1000,3000,3000
sorgo,1977,1977/1978,Buenos Aires,06,Saavedra,06700,7500,6800,17680,2600
sorgo,1977,1977/1978,Buenos Aires,06,Saladillo,06707,5000,5000,15000,3000
sorgo,1977,1977/1978,Buenos Aires,06,Salliqueló,06721,2000,1400,3920,2800
sorgo,1977,1977/1978,Buenos Aires,06,Salto,06714,1500,1500,6000,4000
sorgo,1977,1977/1978,Buenos Aires,06,San Andrés de Giles,06728,3800,3760,12500,3324
sorgo,1977,1977/1978,Buenos Aires,06,San Antonio de Areco,06735,2800,2800,9800,3500
sorgo,1977,1977/1978,Buenos Aires,06,San Cayetano,06742,2000,0,0,0
sorgo,1977,1977/1978,Buenos Aires,06,San Nicolás,06763,1800,1700,6000,3529
sorgo,1977,1977/1978,Buenos Aires,06,San Pedro,06770,4800,4300,14850,3453
sorgo,1977,1977/1978,Buenos Aires,06,San Vicente,06778,60,0,0,0
sorgo,1977,1977/1978,Buenos Aires,06,Suipacha,06784,2500,2500,8000,3200
sorgo,1977,1977/1978,Buenos Aires,06,Tandil,06791,3800,1300,2600,2000
sorgo,1977,1977/1978,Buenos Aires,06,Tapalqué,06798,2000,2000,5000,2500
sorgo,1977,1977/1978,Buenos Aires,06,Tordillo,06812,700,0,0,0
sorgo,1977,1977/1978,Buenos Aires,06,Tornquist,06819,22500,16000,28800,1800
sorgo,1977,1977/1978,Buenos Aires,06,Trenque Lauquen,06826,37000,30500,143350,4700
sorgo,1977,1977/1978,Buenos Aires,06,Tres Arroyos,06833,5000,200,360,1800
sorgo,1977,1977/1978,Buenos Aires,06,Villarino,06875,9000,4000,5600,1400
sorgo,1977,1977/1978,Buenos Aires,06,Zárate,06882,3500,3500,12170,3477
sorgo,1977,1977/1978,Chaco,22,1° de Mayo,22126,600,600,1200,2000
sorgo,1977,1977/1978,Chaco,22,12 de Octubre,22036,23000,21600,43000,1991
sorgo,1977,1977/1978,Chaco,22,25 de Mayo,22168,2000,1800,3800,2111
sorgo,1977,1977/1978,Chaco,22,9 de Julio,22105,4000,3500,6300,1800
sorgo,1977,1977/1978,Chaco,22,Almirante Brown,22007,3000,2500,3400,1360
sorgo,1977,1977/1978,Chaco,22,Bermejo,22014,1600,1600,4300,2688
sorgo,1977,1977/1978,Chaco,22,Chacabuco,22028,5000,4600,9000,1957
sorgo,1977,1977/1978,Chaco,22,Comandante Fernández,22021,3200,2900,6700,2310
sorgo,1977,1977/1978,Chaco,22,Fray Justo Santa María de Oro,22043,19000,17600,37000,2102
sorgo,1977,1977/1978,Chaco,22,General Belgrano,22049,4500,4100,7800,1902
sorgo,1977,1977/1978,Chaco,22,General Donovan,22056,400,400,800,2000
sorgo,1977,1977/1978,Chaco,22,General Güemes,22063,3000,3000,5700,1900
sorgo,1977,1977/1978,Chaco,22,Independencia,22070,4000,3700,7600,2054
sorgo,1977,1977/1978,Chaco,22,Libertad,22077,500,500,1200,2400
sorgo,1977,1977/1978,Chaco,22,Libertador General San Martín,22084,13000,12700,37700,2969
sorgo,1977,1977/1978,Chaco,22,Maipú,22091,4000,3500,6700,1914
sorgo,1977,1977/1978,Chaco,22,Mayor Luis J. Fontana,22098,17000,16000,33000,2063
sorgo,1977,1977/1978,Chaco,22,O'Higgins,22112,2700,2400,5000,2083
sorgo,1977,1977/1978,Chaco,22,Presidencia de la Plaza,22119,200,200,300,1500
sorgo,1977,1977/1978,Chaco,22,Quitilipi,22133,2500,2200,5000,2273
sorgo,1977,1977/1978,Chaco,22,San Fernando,22140,1300,1300,3200,2462
sorgo,1977,1977/1978,Chaco,22,San Lorenzo,22147,1000,800,1500,1875
sorgo,1977,1977/1978,Chaco,22,Sargento Cabral,22154,1000,1000,2500,2500
sorgo,1977,1977/1978,Chaco,22,Tapenagá,22161,200,200,300,1500
sorgo,1977,1977/1978,Córdoba,14,Calamuchita,14007,6000,6000,20400,3400
sorgo,1977,1977/1978,Córdoba,14,Capital,14014,800,800,2640,3300
sorgo,1977,1977/1978,Córdoba,14,Colón,14021,5500,5500,18150,3300
sorgo,1977,1977/1978,Córdoba,14,Cruz del Eje,14028,900,900,2970,3300
sorgo,1977,1977/1978,Córdoba,14,General Roca,14035,90000,80000,268000,3350
sorgo,1977,1977/1978,Córdoba,14,General San Martín,14042,22000,22000,72600,3300
sorgo,1977,1977/1978,Córdoba,14,Ischilín,14049,1300,1300,4290,3300
sorgo,1977,1977/1978,Córdoba,14,Juárez Celman,14056,55000,53000,180200,3400
sorgo,1977,1977/1978,Córdoba,14,Marcos Juárez,14063,66000,66000,290400,4400
sorgo,1977,1977/1978,Córdoba,14,Pocho,14077,1500,1500,4350,2900
sorgo,1977,1977/1978,Córdoba,14,Presidente Roque Sáenz Peña,14084,60000,51000,175400,3439
sorgo,1977,1977/1978,Córdoba,14,Punilla,14091,700,700,2240,3200
sorgo,1977,1977/1978,Córdoba,14,Río Cuarto,14098,124600,122600,400000,3263
sorgo,1977,1977/1978,Córdoba,14,Río Primero,14105,22000,21000,67200,3200
sorgo,1977,1977/1978,Córdoba,14,Río Seco,14112,700,700,2170,3100
sorgo,1977,1977/1978,Córdoba,14,Río Segundo,14119,55000,54000,194400,3600
sorgo,1977,1977/1978,Córdoba,14,San Alberto,14126,800,800,2400,3000
sorgo,1977,1977/1978,Córdoba,14,San Justo,14140,160000,143000,486200,3400
sorgo,1977,1977/1978,Córdoba,14,Santa María,14147,13000,13000,45500,3500
sorgo,1977,1977/1978,Córdoba,14,Sobremonte,14154,200,200,640,3200
sorgo,1977,1977/1978,Córdoba,14,Tercero Arriba,14161,40000,36000,104400,2900
sorgo,1977,1977/1978,Córdoba,14,Totoral,14168,3800,3800,12160,3200
sorgo,1977,1977/1978,Córdoba,14,Tulumba,14175,200,200,640,3200
sorgo,1977,1977/1978,Córdoba,14,Unión,14182,80000,77000,342650,4450
sorgo,1977,1977/1978,Corrientes,18,Bella Vista,18007,2000,1900,4180,2200
sorgo,1977,1977/1978,Corrientes,18,Berón de Astrada,18014,260,210,378,1800
sorgo,1977,1977/1978,Corrientes,18,Capital,18021,250,230,460,2000
sorgo,1977,1977/1978,Corrientes,18,Concepción,18028,1360,1250,2625,2100
sorgo,1977,1977/1978,Corrientes,18,Curuzu Cuatia,18035,1100,1050,2415,2300
sorgo,1977,1977/1978,Corrientes,18,Empedrado,18042,1100,1050,2100,2000
sorgo,1977,1977/1978,Corrientes,18,Esquina,18049,1400,1340,3082,2300
sorgo,1977,1977/1978,Corrientes,18,General Alvear,18056,150,140,258,1843
sorgo,1977,1977/1978,Corrientes,18,General Paz,18063,80,70,133,1900
sorgo,1977,1977/1978,Corrientes,18,Goya,18070,300,270,594,2200
sorgo,1977,1977/1978,Corrientes,18,Itatí,18077,50,45,81,1800
sorgo,1977,1977/1978,Corrientes,18,Ituzaingó,18084,190,160,263,1644
sorgo,1977,1977/1978,Corrientes,18,Lavalle,18091,550,530,1272,2400
sorgo,1977,1977/1978,Corrientes,18,Mburucuyá,18098,150,140,308,2200
sorgo,1977,1977/1978,Corrientes,18,Mercedes,18105,300,280,644,2300
sorgo,1977,1977/1978,Corrientes,18,Monte Caseros,18112,1300,1200,2280,1900
sorgo,1977,1977/1978,Corrientes,18,Paso de los Libres,18119,400,370,703,1900
sorgo,1977,1977/1978,Corrientes,18,Saladas,18126,500,460,874,1900
sorgo,1977,1977/1978,Corrientes,18,San Cosme,18133,50,45,81,1800
sorgo,1977,1977/1978,Corrientes,18,San Luis del Palmar,18140,200,170,323,1900
sorgo,1977,1977/1978,Corrientes,18,San Martín,18147,100,80,152,1900
sorgo,1977,1977/1978,Corrientes,18,San Miguel,18154,100,90,198,2200
sorgo,1977,1977/1978,Corrientes,18,San Roque,18161,350,330,660,2000
sorgo,1977,1977/1978,Corrientes,18,Santo Tomé,18168,1000,850,1360,1600
sorgo,1977,1977/1978,Corrientes,18,Sauce,18175,260,240,576,2400
sorgo,1977,1977/1978,Entre Ríos,30,Colón,30008,7500,7200,17280,2400
sorgo,1977,1977/1978,Entre Ríos,30,Concordia,30015,1800,1700,3400,2000
sorgo,1977,1977/1978,Entre Ríos,30,Diamante,30021,13000,11700,30300,2590
sorgo,1977,1977/1978,Entre Ríos,30,Federación,30028,1500,1400,2800,2000
sorgo,1977,1977/1978,Entre Ríos,30,Federal,30035,2000,1850,2600,1405
sorgo,1977,1977/1978,Entre Ríos,30,Feliciano,30042,1400,1300,3700,2846
sorgo,1977,1977/1978,Entre Ríos,30,Gualeguay,30049,15000,13650,31030,2273
sorgo,1977,1977/1978,Entre Ríos,30,Gualeguaychú,30056,22800,20300,46690,2300
sorgo,1977,1977/1978,Entre Ríos,30,La Paz,30070,12000,11300,22600,2000
sorgo,1977,1977/1978,Entre Ríos,30,Nogoyá,30077,15000,13200,33000,2500
sorgo,1977,1977/1978,Entre Ríos,30,Paraná,30084,17000,15500,38600,2490
sorgo,1977,1977/1978,Entre Ríos,30,Tala,30091,9000,8100,19440,2400
sorgo,1977,1977/1978,Entre Ríos,30,Uruguay,30098,19000,17000,45900,2700
sorgo,1977,1977/1978,Entre Ríos,30,Victoria,30105,28000,26600,74000,2782
sorgo,1977,1977/1978,Entre Ríos,30,Villaguay,30113,15000,14200,32660,2300
sorgo,1977,1977/1978,Formosa,34,Formosa,34014,2000,1800,3960,2200
sorgo,1977,1977/1978,Formosa,34,Laishí,34021,6000,5000,11500,2300
sorgo,1977,1977/1978,Formosa,34,Patiño,34035,4000,2000,4600,2300
sorgo,1977,1977/1978,Formosa,34,Pilagás,34042,1000,700,1610,2300
sorgo,1977,1977/1978,Formosa,34,Pilcomayo,34049,500,400,1000,2500
sorgo,1977,1977/1978,Formosa,34,Pirané,34056,23000,19600,47330,2415
sorgo,1977,1977/1978,Jujuy,38,El Carmen,38014,420,0,0,0
sorgo,1977,1977/1978,Jujuy,38,Ledesma,38035,100,0,0,0
sorgo,1977,1977/1978,Jujuy,38,San Pedro,38063,100,0,0,0
sorgo,1977,1977/1978,Jujuy,38,Santa Bárbara,38070,300,100,200,2000
sorgo,1977,1977/1978,La Pampa,42,Atreucó,42007,4500,3500,6500,1857
sorgo,1977,1977/1978,La Pampa,42,Capital,42021,8000,6000,11000,1833
sorgo,1977,1977/1978,La Pampa,42,Catriló,42028,6500,5300,12000,2264
sorgo,1977,1977/1978,La Pampa,42,Chapaleufú,42056,40000,30000,86000,2867
sorgo,1977,1977/1978,La Pampa,42,Conhelo,42035,23000,17000,46000,2706
sorgo,1977,1977/1978,La Pampa,42,Guatraché,42070,4000,2500,3800,1520
sorgo,1977,1977/1978,La Pampa,42,Hucal,42077,500,300,450,1500
sorgo,1977,1977/1978,La Pampa,42,Loventué,42098,1000,700,1200,1714
sorgo,1977,1977/1978,La Pampa,42,Maracó,42105,17000,13000,34800,2677
sorgo,1977,1977/1978,La Pampa,42,Quemú Quemú,42119,15000,12000,31405,2617
sorgo,1977,1977/1978,La Pampa,42,Rancul,42126,25000,21000,55000,2619
sorgo,1977,1977/1978,La Pampa,42,Realicó,42133,34000,25000,70000,2800
sorgo,1977,1977/1978,La Pampa,42,Toay,42140,2000,1200,2155,1796
sorgo,1977,1977/1978,La Pampa,42,Trenel,42147,20000,15000,36190,2413
sorgo,1977,1977/1978,La Pampa,42,Utracán,42154,3000,2000,3500,1750
sorgo,1977,1977/1978,Misiones,54,Apóstoles,54007,230,230,820,3565
sorgo,1977,1977/1978,Misiones,54,Candelaria,54021,60,60,180,3000
sorgo,1977,1977/1978,Misiones,54,Capital,54028,140,140,500,3571
sorgo,1977,1977/1978,Misiones,54,Leandro N. Alem,54070,20,20,60,3000
sorgo,1977,1977/1978,Misiones,54,San Javier,54105,50,50,140,2800
sorgo,1977,1977/1978,Río Negro,62,Adolfo Alsina,62007,280,150,230,1533
sorgo,1977,1977/1978,Río Negro,62,Avellaneda,62014,70,30,40,1333
sorgo,1977,1977/1978,Río Negro,62,Conesa,62028,150,100,160,1600
sorgo,1977,1977/1978,Río Negro,62,General Roca,62042,100,0,0,0
sorgo,1977,1977/1978,Río Negro,62,Pichi Mahuida,62063,200,120,170,1417
sorgo,1977,1977/1978,Salta,66,Anta,66007,400,100,250,2500
sorgo,1977,1977/1978,Salta,66,Cerrillos,66035,300,0,0,0
sorgo,1977,1977/1978,Salta,66,General José de San Martín,66056,2980,2400,8350,3479
sorgo,1977,1977/1978,Salta,66,La Candelaria,66084,250,0,0,0
sorgo,1977,1977/1978,Salta,66,La Viña,66098,70,0,0,0
sorgo,1977,1977/1978,Salta,66,Metán,66112,1300,300,840,2800
sorgo,1977,1977/1978,Salta,66,Rosario de la Frontera,66140,500,200,560,2800
sorgo,1977,1977/1978,San Luis,74,Chacabuco,74028,3000,2800,4200,1500
sorgo,1977,1977/1978,San Luis,74,Coronel Pringles,74021,2200,1800,3420,1900
sorgo,1977,1977/1978,San Luis,74,General Pedernera,74035,10000,7700,14030,1822
sorgo,1977,1977/1978,San Luis,74,Gobernador Dupuy,74042,7000,6000,9000,1500
sorgo,1977,1977/1978,San Luis,74,Juan Martín de Pueyrredón,74056,1200,1000,1900,1900
sorgo,1977,1977/1978,San Luis,74,Junín,74049,500,400,600,1500
sorgo,1977,1977/1978,San Luis,74,Libertador General San Martín,74063,600,500,850,1700
sorgo,1977,1977/1978,Santa Fe,82,9 de Julio,82077,60000,54000,156600,2900
sorgo,1977,1977/1978,Santa Fe,82,Belgrano,82007,18000,15000,60000,4000
sorgo,1977,1977/1978,Santa Fe,82,Caseros,82014,2500,1500,5700,3800
sorgo,1977,1977/1978,Santa Fe,82,Castellanos,82021,90000,60000,150600,2510
sorgo,1977,1977/1978,Santa Fe,82,Garay,82035,3000,1800,4500,2500
sorgo,1977,1977/1978,Santa Fe,82,General López,82042,62000,50000,195000,3900
sorgo,1977,1977/1978,Santa Fe,82,General Obligado,82049,12000,11500,25300,2200
sorgo,1977,1977/1978,Santa Fe,82,Iriondo,82056,9000,6000,24000,4000
sorgo,1977,1977/1978,Santa Fe,82,La Capital,82063,4000,2900,7800,2690
sorgo,1977,1977/1978,Santa Fe,82,Las Colonias,82070,45000,36000,97000,2694
sorgo,1977,1977/1978,Santa Fe,82,Rosario,82084,1000,500,2100,4200
sorgo,1977,1977/1978,Santa Fe,82,San Cristóbal,82091,115000,83000,190900,2300
sorgo,1977,1977/1978,Santa Fe,82,San Javier,82098,6000,5700,12540,2200
sorgo,1977,1977/1978,Santa Fe,82,San Jerónimo,82105,15000,10000,38000,3800
sorgo,1977,1977/1978,Santa Fe,82,San Justo,82112,20000,16500,46000,2788
sorgo,1977,1977/1978,Santa Fe,82,San Lorenzo,82119,2500,1200,4560,3800
sorgo,1977,1977/1978,Santa Fe,82,San Martín,82126,58000,47000,183300,3900
sorgo,1977,1977/1978,Santa Fe,82,Vera,82133,10000,9500,19000,2000
sorgo,1977,1977/1978,Santa Fe,82,Villa Constitución,82028,1000,500,2100,4200
sorgo,1977,1977/1978,Santiago del Estero,86,Aguirre,86007,900,830,1500,1807
sorgo,1977,1977/1978,Santiago del Estero,86,Alberdi,86014,1250,1250,2125,1700
sorgo,1977,1977/1978,Santiago del Estero,86,Avellaneda,86028,1800,1800,3000,1667
sorgo,1977,1977/1978,Santiago del Estero,86,Banda,86035,1200,1200,1680,1400
sorgo,1977,1977/1978,Santiago del Estero,86,Belgrano,86042,10000,9500,18300,1926
sorgo,1977,1977/1978,Santiago del Estero,86,Capital,86049,250,250,360,1440
sorgo,1977,1977/1978,Santiago del Estero,86,Figueroa,86070,110,110,168,1527
sorgo,1977,1977/1978,Santiago del Estero,86,General Taboada,86077,7000,6400,12480,1950
sorgo,1977,1977/1978,Santiago del Estero,86,Jiménez,86091,1000,1000,1800,1800
sorgo,1977,1977/1978,Santiago del Estero,86,Juan F. Ibarra,86098,3000,2750,4860,1767
sorgo,1977,1977/1978,Santiago del Estero,86,Loreto,86105,350,350,550,1571
sorgo,1977,1977/1978,Santiago del Estero,86,Moreno,86119,2600,2250,3900,1733
sorgo,1977,1977/1978,Santiago del Estero,86,Pellegrini,86133,300,300,470,1567
sorgo,1977,1977/1978,Santiago del Estero,86,Quebrachos,86140,100,100,150,1500
sorgo,1977,1977/1978,Santiago del Estero,86,Río Hondo,86147,120,120,216,1800
sorgo,1977,1977/1978,Santiago del Estero,86,Rivadavia,86154,18000,17000,32400,1906
sorgo,1977,1977/1978,Santiago del Estero,86,Robles,86161,600,500,820,1640
sorgo,1977,1977/1978,Santiago del Estero,86,San Martín,86175,250,190,284,1495
sorgo,1977,1977/1978,Santiago del Estero,86,Sarmiento,86182,100,100,142,1420
sorgo,1977,1977/1978,Santiago del Estero,86,Silípica,86189,270,200,295,1475
sorgo,1977,1977/1978,Tucumán,90,Burruyacú,90007,1800,1800,4890,2717
sorgo,1977,1977/1978,Tucumán,90,Cruz Alta,90014,500,500,1300,2600
sorgo,1977,1977/1978,Tucumán,90,Graneros,90035,900,900,2250,2500
sorgo,1977,1977/1978,Tucumán,90,Leales,90056,600,600,1560,2600
sorgo,1977,1977/1978,Tucumán,90,Trancas,90112,200,0,0,0
sorgo,1978,1978/1979,Buenos Aires,06,25 de Mayo,06854,3000,2500,8000,3200
sorgo,1978,1978/1979,Buenos Aires,06,9 de Julio,06588,10000,6000,21600,3600
sorgo,1978,1978/1979,Buenos Aires,06,Adolfo Alsina,06007,20000,13000,32500,2500
sorgo,1978,1978/1979,Buenos Aires,06,Adolfo Gonzales Chaves,06014,2000,0,0,0
sorgo,1978,1978/1979,Buenos Aires,06,Alberti,06021,700,700,2240,3200
sorgo,1978,1978/1979,Buenos Aires,06,Arrecifes,06077,1000,1000,3100,3100
sorgo,1978,1978/1979,Buenos Aires,06,Ayacucho,06042,1800,200,500,2500
sorgo,1978,1978/1979,Buenos Aires,06,Azul,06049,3000,0,0,0
sorgo,1978,1978/1979,Buenos Aires,06,Bahía Blanca,06056,4750,1000,2300,2300
sorgo,1978,1978/1979,Buenos Aires,06,Balcarce,06063,2200,800,2000,2500
sorgo,1978,1978/1979,Buenos Aires,06,Baradero,06070,6300,2000,3160,1580
sorgo,1978,1978/1979,Buenos Aires,06,Benito Juárez,06084,1000,0,0,0
sorgo,1978,1978/1979,Buenos Aires,06,Berazategui,06091,260,100,180,1800
sorgo,1978,1978/1979,Buenos Aires,06,Berisso,06098,40,0,0,0
sorgo,1978,1978/1979,Buenos Aires,06,Bolívar,06105,7000,1000,1500,1500
sorgo,1978,1978/1979,Buenos Aires,06,Bragado,06112,2000,2000,6400,3200
sorgo,1978,1978/1979,Buenos Aires,06,Brandsen,06119,300,150,230,1533
sorgo,1978,1978/1979,Buenos Aires,06,Campana,06126,1300,300,600,2000
sorgo,1978,1978/1979,Buenos Aires,06,Cañuelas,06134,400,300,540,1800
sorgo,1978,1978/1979,Buenos Aires,06,Capitán Sarmiento,06140,1000,1000,3000,3000
sorgo,1978,1978/1979,Buenos Aires,06,Carlos Casares,06147,23000,17000,62900,3700
sorgo,1978,1978/1979,Buenos Aires,06,Carlos Tejedor,06154,32000,24000,84000,3500
sorgo,1978,1978/1979,Buenos Aires,06,Carmen de Areco,06161,1300,1300,4290,3300
sorgo,1978,1978/1979,Buenos Aires,06,Castelli,06168,300,200,260,1300
sorgo,1978,1978/1979,Buenos Aires,06,Chacabuco,06210,2000,2000,6200,3100
sorgo,1978,1978/1979,Buenos Aires,06,Chascomús,06217,2150,1000,2000,2000
sorgo,1978,1978/1979,Buenos Aires,06,Chivilcoy,06224,1000,1000,3100,3100
sorgo,1978,1978/1979,Buenos Aires,06,Colón,06175,700,700,2940,4200
sorgo,1978,1978/1979,Buenos Aires,06,Coronel de Marina Leonardo Rosales,06182,4000,1000,1900,1900
sorgo,1978,1978/1979,Buenos Aires,06,Coronel Dorrego,06189,2500,200,360,1800
sorgo,1978,1978/1979,Buenos Aires,06,Coronel Pringles,06196,2000,100,180,1800
sorgo,1978,1978/1979,Buenos Aires,06,Coronel Suárez,06203,8000,6000,15600,2600
sorgo,1978,1978/1979,Buenos Aires,06,Daireaux,06231,8000,7000,19600,2800
sorgo,1978,1978/1979,Buenos Aires,06,Dolores,06238,50,0,0,0
sorgo,1978,1978/1979,Buenos Aires,06,Esteban Echeverría,06260,40,0,0,0
sorgo,1978,1978/1979,Buenos Aires,06,Exaltación de la Cruz,06266,5000,1000,2000,2000
sorgo,1978,1978/1979,Buenos Aires,06,General Alvarado,06280,1600,600,1600,2667
sorgo,1978,1978/1979,Buenos Aires,06,General Alvear,06287,2000,2000,6000,3000
sorgo,1978,1978/1979,Buenos Aires,06,General Arenales,06294,750,750,3150,4200
sorgo,1978,1978/1979,Buenos Aires,06,General Belgrano,06301,500,250,500,2000
sorgo,1978,1978/1979,Buenos Aires,06,General Guido,06308,700,0,0,0
sorgo,1978,1978/1979,Buenos Aires,06,General Juan Madariaga,06315,1000,0,0,0
sorgo,1978,1978/1979,Buenos Aires,06,General La Madrid,06322,6000,3000,7500,2500
sorgo,1978,1978/1979,Buenos Aires,06,General Las Heras,06329,1500,400,600,1500
sorgo,1978,1978/1979,Buenos Aires,06,General Lavalle,06336,300,100,120,1200
sorgo,1978,1978/1979,Buenos Aires,06,General Paz,06343,500,300,450,1500
sorgo,1978,1978/1979,Buenos Aires,06,General Pinto,06351,32000,25000,90000,3600
sorgo,1978,1978/1979,Buenos Aires,06,General Pueyrredón,06357,1600,800,2100,2625
sorgo,1978,1978/1979,Buenos Aires,06,General Rodríguez,06364,500,100,160,1600
sorgo,1978,1978/1979,Buenos Aires,06,General Viamonte,06385,2000,2000,8000,4000
sorgo,1978,1978/1979,Buenos Aires,06,General Villegas,06392,96500,82400,327240,3971
sorgo,1978,1978/1979,Buenos Aires,06,Guaminí,06399,10000,9000,19800,2200
sorgo,1978,1978/1979,Buenos Aires,06,Hipólito Yrigoyen,06406,5600,2600,7800,3000
sorgo,1978,1978/1979,Buenos Aires,06,Junín,06413,2500,2500,11250,4500
sorgo,1978,1978/1979,Buenos Aires,06,La Matanza,06427,100,0,0,0
sorgo,1978,1978/1979,Buenos Aires,06,La Plata,06441,400,100,160,1600
sorgo,1978,1978/1979,Buenos Aires,06,Laprida,06448,1000,0,0,0
sorgo,1978,1978/1979,Buenos Aires,06,Las Flores,06455,100,100,270,2700
sorgo,1978,1978/1979,Buenos Aires,06,Leandro N. Alem,06462,4000,4000,16000,4000
sorgo,1978,1978/1979,Buenos Aires,06,Lincoln,06469,33000,25000,87500,3500
sorgo,1978,1978/1979,Buenos Aires,06,Lobería,06476,4800,2000,4800,2400
sorgo,1978,1978/1979,Buenos Aires,06,Lobos,06483,1500,1000,2000,2000
sorgo,1978,1978/1979,Buenos Aires,06,Luján,06497,2000,100,200,2000
sorgo,1978,1978/1979,Buenos Aires,06,Magdalena,06505,2000,500,1000,2000
sorgo,1978,1978/1979,Buenos Aires,06,Maipú,06511,1500,300,700,2333
sorgo,1978,1978/1979,Buenos Aires,06,Mar Chiquita,06518,1000,0,0,0
sorgo,1978,1978/1979,Buenos Aires,06,Marcos Paz,06525,1700,200,280,1400
sorgo,1978,1978/1979,Buenos Aires,06,Mercedes,06532,1700,700,1100,1571
sorgo,1978,1978/1979,Buenos Aires,06,Monte,06547,500,200,360,1800
sorgo,1978,1978/1979,Buenos Aires,06,Navarro,06574,2500,1500,3000,2000
sorgo,1978,1978/1979,Buenos Aires,06,Necochea,06581,2000,200,400,2000
sorgo,1978,1978/1979,Buenos Aires,06,Olavarría,06595,5000,0,0,0
sorgo,1978,1978/1979,Buenos Aires,06,Patagones,06602,700,200,280,1400
sorgo,1978,1978/1979,Buenos Aires,06,Pehuajó,06609,38000,31000,114700,3700
sorgo,1978,1978/1979,Buenos Aires,06,Pellegrini,06616,10000,8000,24000,3000
sorgo,1978,1978/1979,Buenos Aires,06,Pergamino,06623,2000,2000,7200,3600
sorgo,1978,1978/1979,Buenos Aires,06,Pila,06630,500,300,600,2000
sorgo,1978,1978/1979,Buenos Aires,06,Pilar,06638,600,200,400,2000
sorgo,1978,1978/1979,Buenos Aires,06,Puán,06651,7000,2000,4600,2300
sorgo,1978,1978/1979,Buenos Aires,06,Ramallo,06665,4000,2000,4000,2000
sorgo,1978,1978/1979,Buenos Aires,06,Rauch,06672,200,100,300,3000
sorgo,1978,1978/1979,Buenos Aires,06,Rivadavia,06679,34000,24000,81600,3400
sorgo,1978,1978/1979,Buenos Aires,06,Rojas,06686,1500,1500,6000,4000
sorgo,1978,1978/1979,Buenos Aires,06,Roque Pérez,06693,500,500,1500,3000
sorgo,1978,1978/1979,Buenos Aires,06,Saavedra,06700,7000,6000,15600,2600
sorgo,1978,1978/1979,Buenos Aires,06,Saladillo,06707,3000,3000,9000,3000
sorgo,1978,1978/1979,Buenos Aires,06,Salliqueló,06721,3000,2700,8100,3000
sorgo,1978,1978/1979,Buenos Aires,06,Salto,06714,1000,1000,3200,3200
sorgo,1978,1978/1979,Buenos Aires,06,San Andrés de Giles,06728,4000,1000,1800,1800
sorgo,1978,1978/1979,Buenos Aires,06,San Antonio de Areco,06735,3000,1000,2000,2000
sorgo,1978,1978/1979,Buenos Aires,06,San Cayetano,06742,1500,0,0,0
sorgo,1978,1978/1979,Buenos Aires,06,San Nicolás,06763,2000,1000,2100,2100
sorgo,1978,1978/1979,Buenos Aires,06,San Pedro,06770,4800,2000,2000,1000
sorgo,1978,1978/1979,Buenos Aires,06,San Vicente,06778,60,0,0,0
sorgo,1978,1978/1979,Buenos Aires,06,Suipacha,06784,2500,1000,2000,2000
sorgo,1978,1978/1979,Buenos Aires,06,Tandil,06791,3000,0,0,0
sorgo,1978,1978/1979,Buenos Aires,06,Tapalqué,06798,1500,1500,3750,2500
sorgo,1978,1978/1979,Buenos Aires,06,Tordillo,06812,200,0,0,0
sorgo,1978,1978/1979,Buenos Aires,06,Tornquist,06819,9000,3000,6900,2300
sorgo,1978,1978/1979,Buenos Aires,06,Trenque Lauquen,06826,39000,28000,95200,3400
sorgo,1978,1978/1979,Buenos Aires,06,Tres Arroyos,06833,4000,300,600,2000
sorgo,1978,1978/1979,Buenos Aires,06,Villarino,06875,4500,1450,3050,2103
sorgo,1978,1978/1979,Buenos Aires,06,Zárate,06882,3500,1000,2300,2300
sorgo,1978,1978/1979,Chaco,22,1° de Mayo,22126,250,250,450,1800
sorgo,1978,1978/1979,Chaco,22,12 de Octubre,22036,35000,30500,60000,1967
sorgo,1978,1978/1979,Chaco,22,25 de Mayo,22168,2000,1500,2500,1667
sorgo,1978,1978/1979,Chaco,22,9 de Julio,22105,7500,4700,8500,1809
sorgo,1978,1978/1979,Chaco,22,Almirante Brown,22007,4500,3000,4600,1533
sorgo,1978,1978/1979,Chaco,22,Bermejo,22014,4000,2800,7000,2500
sorgo,1978,1978/1979,Chaco,22,Chacabuco,22028,9000,6500,12500,1923
sorgo,1978,1978/1979,Chaco,22,Comandante Fernández,22021,3500,2500,4100,1640
sorgo,1978,1978/1979,Chaco,22,Fray Justo Santa María de Oro,22043,20000,16000,30000,1875
sorgo,1978,1978/1979,Chaco,22,General Belgrano,22049,10000,7000,12600,1800
sorgo,1978,1978/1979,Chaco,22,General Donovan,22056,800,600,1400,2333
sorgo,1978,1978/1979,Chaco,22,General Güemes,22063,1500,900,1400,1556
sorgo,1978,1978/1979,Chaco,22,Independencia,22070,4500,2500,4200,1680
sorgo,1978,1978/1979,Chaco,22,Libertad,22077,500,500,750,1500
sorgo,1978,1978/1979,Chaco,22,Libertador General San Martín,22084,15000,10500,23000,2190
sorgo,1978,1978/1979,Chaco,22,Maipú,22091,6650,3500,6800,1943
sorgo,1978,1978/1979,Chaco,22,Mayor Luis J. Fontana,22098,16000,12500,22000,1760
sorgo,1978,1978/1979,Chaco,22,O'Higgins,22112,3600,2600,4200,1615
sorgo,1978,1978/1979,Chaco,22,Presidencia de la Plaza,22119,450,250,400,1600
sorgo,1978,1978/1979,Chaco,22,Quitilipi,22133,2200,1500,2600,1733
sorgo,1978,1978/1979,Chaco,22,San Fernando,22140,2600,2600,6000,2308
sorgo,1978,1978/1979,Chaco,22,San Lorenzo,22147,1250,950,2200,2316
sorgo,1978,1978/1979,Chaco,22,Sargento Cabral,22154,500,350,550,1571
sorgo,1978,1978/1979,Chaco,22,Tapenagá,22161,700,500,950,1900
sorgo,1978,1978/1979,Córdoba,14,Calamuchita,14007,3600,3600,10800,3000
sorgo,1978,1978/1979,Córdoba,14,Capital,14014,1000,1000,3000,3000
sorgo,1978,1978/1979,Córdoba,14,Colón,14021,6000,5700,18000,3158
sorgo,1978,1978/1979,Córdoba,14,Cruz del Eje,14028,1000,1000,3000,3000
sorgo,1978,1978/1979,Córdoba,14,General Roca,14035,80000,68000,238000,3500
sorgo,1978,1978/1979,Córdoba,14,General San Martín,14042,24000,21800,77400,3550
sorgo,1978,1978/1979,Córdoba,14,Ischilín,14049,1500,1500,4800,3200
sorgo,1978,1978/1979,Córdoba,14,Juárez Celman,14056,55000,47000,165000,3511
sorgo,1978,1978/1979,Córdoba,14,Marcos Juárez,14063,37000,32000,130000,4063
sorgo,1978,1978/1979,Córdoba,14,Pocho,14077,1700,1700,5000,2941
sorgo,1978,1978/1979,Córdoba,14,Presidente Roque Sáenz Peña,14084,70000,60000,218000,3633
sorgo,1978,1978/1979,Córdoba,14,Punilla,14091,1000,1000,3000,3000
sorgo,1978,1978/1979,Córdoba,14,Río Cuarto,14098,130000,100000,359500,3595
sorgo,1978,1978/1979,Córdoba,14,Río Primero,14105,24000,23000,69000,3000
sorgo,1978,1978/1979,Córdoba,14,Río Seco,14112,1000,1000,2800,2800
sorgo,1978,1978/1979,Córdoba,14,Río Segundo,14119,60000,57000,192000,3368
sorgo,1978,1978/1979,Córdoba,14,San Alberto,14126,1000,1000,2800,2800
sorgo,1978,1978/1979,Córdoba,14,San Justo,14140,179500,172000,565000,3285
sorgo,1978,1978/1979,Córdoba,14,Santa María,14147,8000,8000,26000,3250
sorgo,1978,1978/1979,Córdoba,14,Sobremonte,14154,300,300,1000,3333
sorgo,1978,1978/1979,Córdoba,14,Tercero Arriba,14161,40000,39000,136000,3487
sorgo,1978,1978/1979,Córdoba,14,Totoral,14168,4100,4100,12400,3024
sorgo,1978,1978/1979,Córdoba,14,Tulumba,14175,3300,3300,9500,2879
sorgo,1978,1978/1979,Córdoba,14,Unión,14182,88000,84000,339000,4036
sorgo,1978,1978/1979,Corrientes,18,Bella Vista,18007,1500,1450,3480,2400
sorgo,1978,1978/1979,Corrientes,18,Berón de Astrada,18014,250,230,529,2300
sorgo,1978,1978/1979,Corrientes,18,Capital,18021,230,215,494,2298
sorgo,1978,1978/1979,Corrientes,18,Concepción,18028,1700,1640,4428,2700
sorgo,1978,1978/1979,Corrientes,18,Curuzu Cuatia,18035,1500,1450,3770,2600
sorgo,1978,1978/1979,Corrientes,18,Empedrado,18042,900,875,2100,2400
sorgo,1978,1978/1979,Corrientes,18,Esquina,18049,1000,900,2520,2800
sorgo,1978,1978/1979,Corrientes,18,General Alvear,18056,160,150,390,2600
sorgo,1978,1978/1979,Corrientes,18,General Paz,18063,90,85,229,2694
sorgo,1978,1978/1979,Corrientes,18,Goya,18070,500,430,1075,2500
sorgo,1978,1978/1979,Corrientes,18,Itatí,18077,50,48,125,2604
sorgo,1978,1978/1979,Corrientes,18,Ituzaingó,18084,200,185,481,2600
sorgo,1978,1978/1979,Corrientes,18,Lavalle,18091,700,640,1536,2400
sorgo,1978,1978/1979,Corrientes,18,Mburucuyá,18098,140,130,325,2500
sorgo,1978,1978/1979,Corrientes,18,Mercedes,18105,800,765,1989,2600
sorgo,1978,1978/1979,Corrientes,18,Monte Caseros,18112,1200,1150,2875,2500
sorgo,1978,1978/1979,Corrientes,18,Paso de los Libres,18119,380,365,876,2400
sorgo,1978,1978/1979,Corrientes,18,Saladas,18126,800,760,1976,2600
sorgo,1978,1978/1979,Corrientes,18,San Cosme,18133,60,58,133,2293
sorgo,1978,1978/1979,Corrientes,18,San Luis del Palmar,18140,180,175,420,2400
sorgo,1978,1978/1979,Corrientes,18,San Martín,18147,90,90,261,2900
sorgo,1978,1978/1979,Corrientes,18,San Miguel,18154,120,120,360,3000
sorgo,1978,1978/1979,Corrientes,18,San Roque,18161,300,285,684,2400
sorgo,1978,1978/1979,Corrientes,18,Santo Tomé,18168,2490,2364,5344,2261
sorgo,1978,1978/1979,Corrientes,18,Sauce,18175,260,240,600,2500
sorgo,1978,1978/1979,Entre Ríos,30,Colón,30008,3000,2700,4320,1600
sorgo,1978,1978/1979,Entre Ríos,30,Concordia,30015,600,550,880,1600
sorgo,1978,1978/1979,Entre Ríos,30,Diamante,30021,7000,5600,10080,1800
sorgo,1978,1978/1979,Entre Ríos,30,Federación,30028,500,450,720,1600
sorgo,1978,1978/1979,Entre Ríos,30,Federal,30035,800,750,1200,1600
sorgo,1978,1978/1979,Entre Ríos,30,Feliciano,30042,400,350,560,1600
sorgo,1978,1978/1979,Entre Ríos,30,Gualeguay,30049,11000,9350,15895,1700
sorgo,1978,1978/1979,Entre Ríos,30,Gualeguaychú,30056,16000,13600,21760,1600
sorgo,1978,1978/1979,Entre Ríos,30,La Paz,30070,5000,4250,7225,1700
sorgo,1978,1978/1979,Entre Ríos,30,Nogoyá,30077,8000,6500,11700,1800
sorgo,1978,1978/1979,Entre Ríos,30,Paraná,30084,9000,8500,15300,1800
sorgo,1978,1978/1979,Entre Ríos,30,Tala,30091,5500,4900,8330,1700
sorgo,1978,1978/1979,Entre Ríos,30,Uruguay,30098,11000,9500,14780,1556
sorgo,1978,1978/1979,Entre Ríos,30,Victoria,30105,17200,13600,27200,2000
sorgo,1978,1978/1979,Entre Ríos,30,Villaguay,30113,7000,6500,11050,1700
sorgo,1978,1978/1979,Formosa,34,Formosa,34014,2500,1500,3000,2000
sorgo,1978,1978/1979,Formosa,34,Laishí,34021,3500,1700,3740,2200
sorgo,1978,1978/1979,Formosa,34,Patiño,34035,4000,2000,4400,2200
sorgo,1978,1978/1979,Formosa,34,Pilagás,34042,2000,1300,3200,2462
sorgo,1978,1978/1979,Formosa,34,Pilcomayo,34049,1000,800,1760,2200
sorgo,1978,1978/1979,Formosa,34,Pirané,34056,24000,15000,36000,2400
sorgo,1978,1978/1979,Jujuy,38,El Carmen,38014,140,0,0,0
sorgo,1978,1978/1979,Jujuy,38,Ledesma,38035,50,0,0,0
sorgo,1978,1978/1979,Jujuy,38,San Pedro,38063,30,0,0,0
sorgo,1978,1978/1979,Jujuy,38,Santa Bárbara,38070,90,0,0,0
sorgo,1978,1978/1979,La Pampa,42,Atreucó,42007,15000,11000,31900,2900
sorgo,1978,1978/1979,La Pampa,42,Capital,42021,10000,6500,14950,2300
sorgo,1978,1978/1979,La Pampa,42,Catriló,42028,13000,9000,30600,3400
sorgo,1978,1978/1979,La Pampa,42,Chapaleufú,42056,35000,26000,85430,3286
sorgo,1978,1978/1979,La Pampa,42,Conhelo,42035,35000,25000,77500,3100
sorgo,1978,1978/1979,La Pampa,42,Guatraché,42070,5000,4500,12600,2800
sorgo,1978,1978/1979,La Pampa,42,Hucal,42077,1000,300,630,2100
sorgo,1978,1978/1979,La Pampa,42,Maracó,42105,23000,14000,44800,3200
sorgo,1978,1978/1979,La Pampa,42,Quemú Quemú,42119,27000,23000,78200,3400
sorgo,1978,1978/1979,La Pampa,42,Rancul,42126,27000,24000,76800,3200
sorgo,1978,1978/1979,La Pampa,42,Realicó,42133,30000,25000,81250,3250
sorgo,1978,1978/1979,La Pampa,42,Toay,42140,1200,800,2240,2800
sorgo,1978,1978/1979,La Pampa,42,Trenel,42147,20000,17000,54400,3200
sorgo,1978,1978/1979,La Pampa,42,Utracán,42154,3800,3000,8700,2900
sorgo,1978,1978/1979,Misiones,54,Apóstoles,54007,300,300,1020,3400
sorgo,1978,1978/1979,Misiones,54,Candelaria,54021,80,80,272,3400
sorgo,1978,1978/1979,Misiones,54,Capital,54028,300,300,1028,3427
sorgo,1978,1978/1979,Misiones,54,Leandro N. Alem,54070,20,20,70,3500
sorgo,1978,1978/1979,Misiones,54,San Javier,54105,60,60,210,3500
sorgo,1978,1978/1979,Río Negro,62,Adolfo Alsina,62007,350,150,225,1500
sorgo,1978,1978/1979,Río Negro,62,Avellaneda,62014,100,0,0,0
sorgo,1978,1978/1979,Río Negro,62,Conesa,62028,150,50,80,1600
sorgo,1978,1978/1979,Río Negro,62,General Roca,62042,150,100,140,1400
sorgo,1978,1978/1979,Río Negro,62,Pichi Mahuida,62063,250,100,155,1550
sorgo,1978,1978/1979,Salta,66,Anta,66007,1500,1230,3915,3183
sorgo,1978,1978/1979,Salta,66,Cerrillos,66035,300,50,125,2500
sorgo,1978,1978/1979,Salta,66,General Güemes,66049,50,20,60,3000
sorgo,1978,1978/1979,Salta,66,General José de San Martín,66056,2000,1500,4800,3200
sorgo,1978,1978/1979,Salta,66,La Candelaria,66084,300,100,300,3000
sorgo,1978,1978/1979,Salta,66,La Viña,66098,50,0,0,0
sorgo,1978,1978/1979,Salta,66,Metán,66112,700,500,1500,3000
sorgo,1978,1978/1979,Salta,66,Orán,66126,350,200,600,3000
sorgo,1978,1978/1979,Salta,66,Rosario de la Frontera,66140,650,500,1500,3000
sorgo,1978,1978/1979,San Luis,74,Chacabuco,74028,4000,3800,9120,2400
sorgo,1978,1978/1979,San Luis,74,Coronel Pringles,74021,2700,2500,5500,2200
sorgo,1978,1978/1979,San Luis,74,General Pedernera,74035,14000,13500,32400,2400
sorgo,1978,1978/1979,San Luis,74,Gobernador Dupuy,74042,16000,14200,31240,2200
sorgo,1978,1978/1979,San Luis,74,Juan Martín de Pueyrredón,74056,1500,1400,3360,2400
sorgo,1978,1978/1979,San Luis,74,Junín,74049,1000,1000,2200,2200
sorgo,1978,1978/1979,San Luis,74,Libertador General San Martín,74063,800,800,1780,2225
sorgo,1978,1978/1979,Santa Fe,82,9 de Julio,82077,70000,63500,146000,2299
sorgo,1978,1978/1979,Santa Fe,82,Belgrano,82007,8000,7300,25550,3500
sorgo,1978,1978/1979,Santa Fe,82,Caseros,82014,500,300,900,3000
sorgo,1978,1978/1979,Santa Fe,82,Castellanos,82021,95000,77000,193000,2506
sorgo,1978,1978/1979,Santa Fe,82,Garay,82035,3000,1900,4600,2421
sorgo,1978,1978/1979,Santa Fe,82,General López,82042,36000,29000,92800,3200
sorgo,1978,1978/1979,Santa Fe,82,General Obligado,82049,7000,6500,14950,2300
sorgo,1978,1978/1979,Santa Fe,82,Iriondo,82056,3000,2500,8500,3400
sorgo,1978,1978/1979,Santa Fe,82,La Capital,82063,4000,3300,8600,2606
sorgo,1978,1978/1979,Santa Fe,82,Las Colonias,82070,45000,38800,97000,2500
sorgo,1978,1978/1979,Santa Fe,82,Rosario,82084,200,100,300,3000
sorgo,1978,1978/1979,Santa Fe,82,San Cristóbal,82091,111000,94000,226000,2404
sorgo,1978,1978/1979,Santa Fe,82,San Javier,82098,4000,3600,8280,2300
sorgo,1978,1978/1979,Santa Fe,82,San Jerónimo,82105,12000,10000,32000,3200
sorgo,1978,1978/1979,Santa Fe,82,San Justo,82112,20000,16400,43000,2622
sorgo,1978,1978/1979,Santa Fe,82,San Lorenzo,82119,800,600,2140,3567
sorgo,1978,1978/1979,Santa Fe,82,San Martín,82126,50200,38000,133000,3500
sorgo,1978,1978/1979,Santa Fe,82,Vera,82133,10000,9400,20680,2200
sorgo,1978,1978/1979,Santa Fe,82,Villa Constitución,82028,300,200,700,3500
sorgo,1978,1978/1979,Santiago del Estero,86,Aguirre,86007,900,840,1512,1800
sorgo,1978,1978/1979,Santiago del Estero,86,Alberdi,86014,1250,1050,1890,1800
sorgo,1978,1978/1979,Santiago del Estero,86,Avellaneda,86028,2000,1500,2700,1800
sorgo,1978,1978/1979,Santiago del Estero,86,Banda,86035,1200,900,1530,1700
sorgo,1978,1978/1979,Santiago del Estero,86,Belgrano,86042,10000,9000,18000,2000
sorgo,1978,1978/1979,Santiago del Estero,86,Capital,86049,270,270,459,1700
sorgo,1978,1978/1979,Santiago del Estero,86,Figueroa,86070,160,160,288,1800
sorgo,1978,1978/1979,Santiago del Estero,86,General Taboada,86077,7000,6250,12500,2000
sorgo,1978,1978/1979,Santiago del Estero,86,Jiménez,86091,1000,1000,1900,1900
sorgo,1978,1978/1979,Santiago del Estero,86,Juan F. Ibarra,86098,3000,2700,4860,1800
sorgo,1978,1978/1979,Santiago del Estero,86,Loreto,86105,350,350,630,1800
sorgo,1978,1978/1979,Santiago del Estero,86,Moreno,86119,2600,2200,4180,1900
sorgo,1978,1978/1979,Santiago del Estero,86,Pellegrini,86133,450,450,810,1800
sorgo,1978,1978/1979,Santiago del Estero,86,Quebrachos,86140,200,200,340,1700
sorgo,1978,1978/1979,Santiago del Estero,86,Río Hondo,86147,120,120,217,1808
sorgo,1978,1978/1979,Santiago del Estero,86,Rivadavia,86154,18000,15955,31900,1999
sorgo,1978,1978/1979,Santiago del Estero,86,Robles,86161,800,650,1235,1900
sorgo,1978,1978/1979,Santiago del Estero,86,San Martín,86175,250,200,340,1700
sorgo,1978,1978/1979,Santiago del Estero,86,Sarmiento,86182,200,200,360,1800
sorgo,1978,1978/1979,Santiago del Estero,86,Silípica,86189,250,205,349,1702
sorgo,1978,1978/1979,Tucumán,90,Burruyacú,90007,1500,1400,3010,2150
sorgo,1978,1978/1979,Tucumán,90,Cruz Alta,90014,200,100,210,2100
sorgo,1978,1978/1979,Tucumán,90,Leales,90056,700,640,1380,2156
sorgo,1979,1979/1980,Buenos Aires,06,25 de Mayo,06854,2500,1800,6480,3600
sorgo,1979,1979/1980,Buenos Aires,06,9 de Julio,06588,4000,3000,6600,2200
sorgo,1979,1979/1980,Buenos Aires,06,Adolfo Alsina,06007,10000,8000,16800,2100
sorgo,1979,1979/1980,Buenos Aires,06,Adolfo Gonzales Chaves,06014,2000,0,0,0
sorgo,1979,1979/1980,Buenos Aires,06,Alberti,06021,400,400,1160,2900
sorgo,1979,1979/1980,Buenos Aires,06,Arrecifes,06077,700,700,2100,3000
sorgo,1979,1979/1980,Buenos Aires,06,Ayacucho,06042,1800,0,0,0
sorgo,1979,1979/1980,Buenos Aires,06,Azul,06049,1500,0,0,0
sorgo,1979,1979/1980,Buenos Aires,06,Bahía Blanca,06056,6000,500,250,500
sorgo,1979,1979/1980,Buenos Aires,06,Balcarce,06063,2200,320,700,2188
sorgo,1979,1979/1980,Buenos Aires,06,Baradero,06070,800,800,1840,2300
sorgo,1979,1979/1980,Buenos Aires,06,Benito Juárez,06084,800,0,0,0
sorgo,1979,1979/1980,Buenos Aires,06,Berazategui,06091,250,100,170,1700
sorgo,1979,1979/1980,Buenos Aires,06,Berisso,06098,50,0,0,0
sorgo,1979,1979/1980,Buenos Aires,06,Bolívar,06105,4000,0,0,0
sorgo,1979,1979/1980,Buenos Aires,06,Bragado,06112,1300,1200,3480,2900
sorgo,1979,1979/1980,Buenos Aires,06,Brandsen,06119,350,50,75,1500
sorgo,1979,1979/1980,Buenos Aires,06,Campana,06126,300,300,600,2000
sorgo,1979,1979/1980,Buenos Aires,06,Cañuelas,06134,450,150,230,1533
sorgo,1979,1979/1980,Buenos Aires,06,Capitán Sarmiento,06140,700,650,1950,3000
sorgo,1979,1979/1980,Buenos Aires,06,Carlos Casares,06147,12000,2000,3800,1900
sorgo,1979,1979/1980,Buenos Aires,06,Carlos Tejedor,06154,14000,7500,18000,2400
sorgo,1979,1979/1980,Buenos Aires,06,Carmen de Areco,06161,800,750,2175,2900
sorgo,1979,1979/1980,Buenos Aires,06,Castelli,06168,500,0,0,0
sorgo,1979,1979/1980,Buenos Aires,06,Chacabuco,06210,1500,1420,4260,3000
sorgo,1979,1979/1980,Buenos Aires,06,Chascomús,06217,2200,0,0,0
sorgo,1979,1979/1980,Buenos Aires,06,Chivilcoy,06224,800,800,2480,3100
sorgo,1979,1979/1980,Buenos Aires,06,Colón,06175,200,200,680,3400
sorgo,1979,1979/1980,Buenos Aires,06,Coronel de Marina Leonardo Rosales,06182,5000,200,100,500
sorgo,1979,1979/1980,Buenos Aires,06,Coronel Dorrego,06189,2500,0,0,0
sorgo,1979,1979/1980,Buenos Aires,06,Coronel Pringles,06196,2000,0,0,0
sorgo,1979,1979/1980,Buenos Aires,06,Coronel Suárez,06203,5000,5000,11500,2300
sorgo,1979,1979/1980,Buenos Aires,06,Daireaux,06231,8000,7000,18200,2600
sorgo,1979,1979/1980,Buenos Aires,06,Dolores,06238,100,0,0,0
sorgo,1979,1979/1980,Buenos Aires,06,Esteban Echeverría,06260,50,0,0,0
sorgo,1979,1979/1980,Buenos Aires,06,Exaltación de la Cruz,06266,800,800,1760,2200
sorgo,1979,1979/1980,Buenos Aires,06,General Alvarado,06280,1000,0,0,0
sorgo,1979,1979/1980,Buenos Aires,06,General Alvear,06287,1500,1200,3600,3000
sorgo,1979,1979/1980,Buenos Aires,06,General Arenales,06294,200,200,680,3400
sorgo,1979,1979/1980,Buenos Aires,06,General Belgrano,06301,600,0,0,0
sorgo,1979,1979/1980,Buenos Aires,06,General Guido,06308,700,0,0,0
sorgo,1979,1979/1980,Buenos Aires,06,General Juan Madariaga,06315,1000,0,0,0
sorgo,1979,1979/1980,Buenos Aires,06,General La Madrid,06322,4000,3000,6000,2000
sorgo,1979,1979/1980,Buenos Aires,06,General Las Heras,06329,500,500,900,1800
sorgo,1979,1979/1980,Buenos Aires,06,General Lavalle,06336,350,0,0,0
sorgo,1979,1979/1980,Buenos Aires,06,General Paz,06343,600,100,150,1500
sorgo,1979,1979/1980,Buenos Aires,06,General Pinto,06351,18000,12410,31250,2518
sorgo,1979,1979/1980,Buenos Aires,06,General Pueyrredón,06357,1600,252,580,2302
sorgo,1979,1979/1980,Buenos Aires,06,General Rodríguez,06364,100,100,180,1800
sorgo,1979,1979/1980,Buenos Aires,06,General Viamonte,06385,500,500,1800,3600
sorgo,1979,1979/1980,Buenos Aires,06,General Villegas,06392,58000,30000,74607,2487
sorgo,1979,1979/1980,Buenos Aires,06,Guaminí,06399,12400,10000,23000,2300
sorgo,1979,1979/1980,Buenos Aires,06,Hipólito Yrigoyen,06406,1500,700,1540,2200
sorgo,1979,1979/1980,Buenos Aires,06,Junín,06413,2000,1800,6120,3400
sorgo,1979,1979/1980,Buenos Aires,06,La Matanza,06427,100,100,200,2000
sorgo,1979,1979/1980,Buenos Aires,06,La Plata,06441,450,100,160,1600
sorgo,1979,1979/1980,Buenos Aires,06,Laprida,06448,500,0,0,0
sorgo,1979,1979/1980,Buenos Aires,06,Las Flores,06455,100,100,300,3000
sorgo,1979,1979/1980,Buenos Aires,06,Leandro N. Alem,06462,2600,2300,8280,3600
sorgo,1979,1979/1980,Buenos Aires,06,Lincoln,06469,16000,12000,28800,2400
sorgo,1979,1979/1980,Buenos Aires,06,Lobería,06476,4000,948,1821,1921
sorgo,1979,1979/1980,Buenos Aires,06,Lobos,06483,1600,500,650,1300
sorgo,1979,1979/1980,Buenos Aires,06,Luján,06497,300,300,600,2000
sorgo,1979,1979/1980,Buenos Aires,06,Magdalena,06505,2100,400,600,1500
sorgo,1979,1979/1980,Buenos Aires,06,Maipú,06511,1500,160,259,1619
sorgo,1979,1979/1980,Buenos Aires,06,Mar Chiquita,06518,3000,0,0,0
sorgo,1979,1979/1980,Buenos Aires,06,Marcos Paz,06525,400,400,720,1800
sorgo,1979,1979/1980,Buenos Aires,06,Mercedes,06532,500,500,900,1800
sorgo,1979,1979/1980,Buenos Aires,06,Monte,06547,600,50,65,1300
sorgo,1979,1979/1980,Buenos Aires,06,Navarro,06574,500,500,1100,2200
sorgo,1979,1979/1980,Buenos Aires,06,Necochea,06581,2000,0,0,0
sorgo,1979,1979/1980,Buenos Aires,06,Olavarría,06595,3000,0,0,0
sorgo,1979,1979/1980,Buenos Aires,06,Patagones,06602,2000,0,0,0
sorgo,1979,1979/1980,Buenos Aires,06,Pehuajó,06609,20000,11000,26400,2400
sorgo,1979,1979/1980,Buenos Aires,06,Pellegrini,06616,10000,8000,17600,2200
sorgo,1979,1979/1980,Buenos Aires,06,Pergamino,06623,1600,1480,4588,3100
sorgo,1979,1979/1980,Buenos Aires,06,Pila,06630,450,0,0,0
sorgo,1979,1979/1980,Buenos Aires,06,Pilar,06638,100,100,200,2000
sorgo,1979,1979/1980,Buenos Aires,06,Puán,06651,12000,5000,3500,700
sorgo,1979,1979/1980,Buenos Aires,06,Ramallo,06665,700,700,1430,2043
sorgo,1979,1979/1980,Buenos Aires,06,Rauch,06672,500,500,1700,3400
sorgo,1979,1979/1980,Buenos Aires,06,Rivadavia,06679,14000,8000,20000,2500
sorgo,1979,1979/1980,Buenos Aires,06,Rojas,06686,500,400,1360,3400
sorgo,1979,1979/1980,Buenos Aires,06,Roque Pérez,06693,1500,1300,3900,3000
sorgo,1979,1979/1980,Buenos Aires,06,Saavedra,06700,6000,4000,8800,2200
sorgo,1979,1979/1980,Buenos Aires,06,Saladillo,06707,2000,1300,4680,3600
sorgo,1979,1979/1980,Buenos Aires,06,Salliqueló,06721,2000,2000,4400,2200
sorgo,1979,1979/1980,Buenos Aires,06,Salto,06714,700,660,1980,3000
sorgo,1979,1979/1980,Buenos Aires,06,San Andrés de Giles,06728,800,800,1440,1800
sorgo,1979,1979/1980,Buenos Aires,06,San Antonio de Areco,06735,900,900,1800,2000
sorgo,1979,1979/1980,Buenos Aires,06,San Cayetano,06742,1500,0,0,0
sorgo,1979,1979/1980,Buenos Aires,06,San Nicolás,06763,500,500,1050,2100
sorgo,1979,1979/1980,Buenos Aires,06,San Pedro,06770,400,400,800,2000
sorgo,1979,1979/1980,Buenos Aires,06,San Vicente,06778,50,0,0,0
sorgo,1979,1979/1980,Buenos Aires,06,Suipacha,06784,600,600,1080,1800
sorgo,1979,1979/1980,Buenos Aires,06,Tandil,06791,3000,0,0,0
sorgo,1979,1979/1980,Buenos Aires,06,Tapalqué,06798,200,200,640,3200
sorgo,1979,1979/1980,Buenos Aires,06,Tordillo,06812,250,0,0,0
sorgo,1979,1979/1980,Buenos Aires,06,Tornquist,06819,15000,8000,5600,700
sorgo,1979,1979/1980,Buenos Aires,06,Trenque Lauquen,06826,17000,9000,22500,2500
sorgo,1979,1979/1980,Buenos Aires,06,Tres Arroyos,06833,4000,0,0,0
sorgo,1979,1979/1980,Buenos Aires,06,Villarino,06875,7000,1000,500,500
sorgo,1979,1979/1980,Buenos Aires,06,Zárate,06882,400,400,800,2000
sorgo,1979,1979/1980,Chaco,22,1° de Mayo,22126,150,150,250,1667
sorgo,1979,1979/1980,Chaco,22,12 de Octubre,22036,33150,33150,90300,2724
sorgo,1979,1979/1980,Chaco,22,25 de Mayo,22168,1600,1600,3600,2250
sorgo,1979,1979/1980,Chaco,22,9 de Julio,22105,7500,7500,17000,2267
sorgo,1979,1979/1980,Chaco,22,Almirante Brown,22007,5000,5000,11500,2300
sorgo,1979,1979/1980,Chaco,22,Bermejo,22014,6000,6000,20000,3333
sorgo,1979,1979/1980,Chaco,22,Chacabuco,22028,7000,7000,17000,2429
sorgo,1979,1979/1980,Chaco,22,Comandante Fernández,22021,3000,3000,8000,2667
sorgo,1979,1979/1980,Chaco,22,Fray Justo Santa María de Oro,22043,18000,18000,45000,2500
sorgo,1979,1979/1980,Chaco,22,General Belgrano,22049,8000,8000,21000,2625
sorgo,1979,1979/1980,Chaco,22,General Donovan,22056,600,600,1750,2917
sorgo,1979,1979/1980,Chaco,22,General Güemes,22063,1300,1300,2500,1923
sorgo,1979,1979/1980,Chaco,22,Independencia,22070,4000,4000,11000,2750
sorgo,1979,1979/1980,Chaco,22,Libertad,22077,400,400,1200,3000
sorgo,1979,1979/1980,Chaco,22,Libertador General San Martín,22084,23000,23000,70000,3043
sorgo,1979,1979/1980,Chaco,22,Maipú,22091,6500,6500,14500,2231
sorgo,1979,1979/1980,Chaco,22,Mayor Luis J. Fontana,22098,15000,15000,39000,2600
sorgo,1979,1979/1980,Chaco,22,O'Higgins,22112,2800,2800,6000,2143
sorgo,1979,1979/1980,Chaco,22,Presidencia de la Plaza,22119,500,500,1100,2200
sorgo,1979,1979/1980,Chaco,22,Quitilipi,22133,2000,2000,5200,2600
sorgo,1979,1979/1980,Chaco,22,San Fernando,22140,2000,2000,5700,2850
sorgo,1979,1979/1980,Chaco,22,San Lorenzo,22147,1100,1100,2300,2091
sorgo,1979,1979/1980,Chaco,22,Sargento Cabral,22154,400,400,1000,2500
sorgo,1979,1979/1980,Chaco,22,Tapenagá,22161,500,500,1100,2200
sorgo,1979,1979/1980,Chubut,26,Cushamen,26014,20,15,20,1333
sorgo,1979,1979/1980,Chubut,26,Futaleufú,26035,28,20,28,1400
sorgo,1979,1979/1980,Chubut,26,Gaiman,26042,27,20,28,1400
sorgo,1979,1979/1980,Chubut,26,Rawson,26077,20,20,27,1350
sorgo,1979,1979/1980,Chubut,26,Sarmiento,26091,5,5,7,1400
sorgo,1979,1979/1980,Córdoba,14,Calamuchita,14007,2500,2100,5000,2381
sorgo,1979,1979/1980,Córdoba,14,Capital,14014,300,250,500,2000
sorgo,1979,1979/1980,Córdoba,14,Colón,14021,1500,1100,2500,2273
sorgo,1979,1979/1980,Córdoba,14,Cruz del Eje,14028,400,200,500,2500
sorgo,1979,1979/1980,Córdoba,14,General Roca,14035,70000,40000,92000,2300
sorgo,1979,1979/1980,Córdoba,14,General San Martín,14042,20000,15000,27000,1800
sorgo,1979,1979/1980,Córdoba,14,Ischilín,14049,1000,800,1600,2000
sorgo,1979,1979/1980,Córdoba,14,Juárez Celman,14056,45000,25000,50000,2000
sorgo,1979,1979/1980,Córdoba,14,Marcos Juárez,14063,15000,8000,16000,2000
sorgo,1979,1979/1980,Córdoba,14,Pocho,14077,1000,800,1850,2313
sorgo,1979,1979/1980,Córdoba,14,Presidente Roque Sáenz Peña,14084,62000,30000,75000,2500
sorgo,1979,1979/1980,Córdoba,14,Punilla,14091,200,150,350,2333
sorgo,1979,1979/1980,Córdoba,14,Río Cuarto,14098,86000,46000,129000,2804
sorgo,1979,1979/1980,Córdoba,14,Río Primero,14105,18000,13000,26000,2000
sorgo,1979,1979/1980,Córdoba,14,Río Seco,14112,400,200,400,2000
sorgo,1979,1979/1980,Córdoba,14,Río Segundo,14119,50000,40000,100000,2500
sorgo,1979,1979/1980,Córdoba,14,San Alberto,14126,700,500,1100,2200
sorgo,1979,1979/1980,Córdoba,14,San Justo,14140,120200,70000,154000,2200
sorgo,1979,1979/1980,Córdoba,14,Santa María,14147,5000,4200,10000,2381
sorgo,1979,1979/1980,Córdoba,14,Tercero Arriba,14161,29000,21000,42200,2010
sorgo,1979,1979/1980,Córdoba,14,Totoral,14168,1000,600,1200,2000
sorgo,1979,1979/1980,Córdoba,14,Tulumba,14175,800,500,800,1600
sorgo,1979,1979/1980,Córdoba,14,Unión,14182,36000,20000,40000,2000
sorgo,1979,1979/1980,Corrientes,18,Bella Vista,18007,500,450,1125,2500
sorgo,1979,1979/1980,Corrientes,18,Berón de Astrada,18014,100,95,209,2200
sorgo,1979,1979/1980,Corrientes,18,Capital,18021,90,85,178,2094
sorgo,1979,1979/1980,Corrientes,18,Concepción,18028,520,460,1012,2200
sorgo,1979,1979/1980,Corrientes,18,Curuzu Cuatia,18035,400,400,1000,2500
sorgo,1979,1979/1980,Corrientes,18,Empedrado,18042,200,180,369,2050
sorgo,1979,1979/1980,Corrientes,18,Esquina,18049,300,300,825,2750
sorgo,1979,1979/1980,Corrientes,18,General Alvear,18056,150,145,348,2400
sorgo,1979,1979/1980,Corrientes,18,General Paz,18063,100,100,240,2400
sorgo,1979,1979/1980,Corrientes,18,Goya,18070,100,90,198,2200
sorgo,1979,1979/1980,Corrientes,18,Itatí,18077,60,60,126,2100
sorgo,1979,1979/1980,Corrientes,18,Ituzaingó,18084,200,185,370,2000
sorgo,1979,1979/1980,Corrientes,18,Lavalle,18091,200,190,342,1800
sorgo,1979,1979/1980,Corrientes,18,Mburucuyá,18098,50,50,130,2600
sorgo,1979,1979/1980,Corrientes,18,Mercedes,18105,150,145,333,2297
sorgo,1979,1979/1980,Corrientes,18,Monte Caseros,18112,300,300,800,2667
sorgo,1979,1979/1980,Corrientes,18,Paso de los Libres,18119,250,250,650,2600
sorgo,1979,1979/1980,Corrientes,18,Saladas,18126,300,280,672,2400
sorgo,1979,1979/1980,Corrientes,18,San Cosme,18133,60,60,132,2200
sorgo,1979,1979/1980,Corrientes,18,San Luis del Palmar,18140,170,160,368,2300
sorgo,1979,1979/1980,Corrientes,18,San Martín,18147,100,95,209,2200
sorgo,1979,1979/1980,Corrientes,18,San Miguel,18154,150,150,360,2400
sorgo,1979,1979/1980,Corrientes,18,San Roque,18161,250,240,504,2100
sorgo,1979,1979/1980,Corrientes,18,Santo Tomé,18168,1800,1730,3740,2162
sorgo,1979,1979/1980,Corrientes,18,Sauce,18175,200,200,460,2300
sorgo,1979,1979/1980,Entre Ríos,30,Colón,30008,1500,1010,1470,1455
sorgo,1979,1979/1980,Entre Ríos,30,Concordia,30015,200,140,210,1500
sorgo,1979,1979/1980,Entre Ríos,30,Diamante,30021,3000,2100,3780,1800
sorgo,1979,1979/1980,Entre Ríos,30,Federación,30028,300,200,300,1500
sorgo,1979,1979/1980,Entre Ríos,30,Federal,30035,500,350,490,1400
sorgo,1979,1979/1980,Entre Ríos,30,Feliciano,30042,150,100,150,1500
sorgo,1979,1979/1980,Entre Ríos,30,Gualeguay,30049,8000,6000,10200,1700
sorgo,1979,1979/1980,Entre Ríos,30,Gualeguaychú,30056,17000,13000,22500,1731
sorgo,1979,1979/1980,Entre Ríos,30,La Paz,30070,4000,2500,3750,1500
sorgo,1979,1979/1980,Entre Ríos,30,Nogoyá,30077,6000,4000,6000,1500
sorgo,1979,1979/1980,Entre Ríos,30,Paraná,30084,7000,5000,8500,1700
sorgo,1979,1979/1980,Entre Ríos,30,Tala,30091,9000,6500,9750,1500
sorgo,1979,1979/1980,Entre Ríos,30,Uruguay,30098,8000,5800,9280,1600
sorgo,1979,1979/1980,Entre Ríos,30,Victoria,30105,11000,7500,13500,1800
sorgo,1979,1979/1980,Entre Ríos,30,Villaguay,30113,4500,3200,5120,1600
sorgo,1979,1979/1980,Formosa,34,Formosa,34014,2000,1800,4500,2500
sorgo,1979,1979/1980,Formosa,34,Laishí,34021,4000,3700,10780,2914
sorgo,1979,1979/1980,Formosa,34,Patiño,34035,6000,5700,15960,2800
sorgo,1979,1979/1980,Formosa,34,Pilagás,34042,2500,2200,6160,2800
sorgo,1979,1979/1980,Formosa,34,Pilcomayo,34049,2000,2000,5600,2800
sorgo,1979,1979/1980,Formosa,34,Pirané,34056,24000,22000,66000,3000
sorgo,1979,1979/1980,Jujuy,38,El Carmen,38014,150,0,0,0
sorgo,1979,1979/1980,Jujuy,38,Ledesma,38035,200,0,0,0
sorgo,1979,1979/1980,Jujuy,38,San Pedro,38063,30,0,0,0
sorgo,1979,1979/1980,Jujuy,38,Santa Bárbara,38070,240,0,0,0
sorgo,1979,1979/1980,La Pampa,42,Atreucó,42007,18000,6000,10200,1700
sorgo,1979,1979/1980,La Pampa,42,Capital,42021,8500,4000,6400,1600
sorgo,1979,1979/1980,La Pampa,42,Catriló,42028,10000,7000,14000,2000
sorgo,1979,1979/1980,La Pampa,42,Chapaleufú,42056,27000,15000,30000,2000
sorgo,1979,1979/1980,La Pampa,42,Conhelo,42035,19600,12000,21600,1800
sorgo,1979,1979/1980,La Pampa,42,Guatraché,42070,6000,500,500,1000
sorgo,1979,1979/1980,La Pampa,42,Hucal,42077,4000,0,0,0
sorgo,1979,1979/1980,La Pampa,42,Loventué,42098,500,0,0,0
sorgo,1979,1979/1980,La Pampa,42,Maracó,42105,18000,12000,24000,2000
sorgo,1979,1979/1980,La Pampa,42,Quemú Quemú,42119,18000,12000,24000,2000
sorgo,1979,1979/1980,La Pampa,42,Rancul,42126,20000,12500,22500,1800
sorgo,1979,1979/1980,La Pampa,42,Realicó,42133,20000,18000,36000,2000
sorgo,1979,1979/1980,La Pampa,42,Toay,42140,1000,400,640,1600
sorgo,1979,1979/1980,La Pampa,42,Trenel,42147,14000,11000,24660,2242
sorgo,1979,1979/1980,La Pampa,42,Utracán,42154,3000,1000,1500,1500
sorgo,1979,1979/1980,Misiones,54,Apóstoles,54007,450,20,70,3500
sorgo,1979,1979/1980,Misiones,54,Candelaria,54021,100,0,0,0
sorgo,1979,1979/1980,Misiones,54,Capital,54028,655,50,170,3400
sorgo,1979,1979/1980,Misiones,54,Eldorado,54042,50,0,0,0
sorgo,1979,1979/1980,Misiones,54,Leandro N. Alem,54070,45,0,0,0
sorgo,1979,1979/1980,Misiones,54,Montecarlo,54084,90,0,0,0
sorgo,1979,1979/1980,Misiones,54,San Javier,54105,10,0,0,0
sorgo,1979,1979/1980,Río Negro,62,Adolfo Alsina,62007,350,100,140,1400
sorgo,1979,1979/1980,Río Negro,62,Avellaneda,62014,100,0,0,0
sorgo,1979,1979/1980,Río Negro,62,Conesa,62028,150,50,70,1400
sorgo,1979,1979/1980,Río Negro,62,General Roca,62042,150,100,140,1400
sorgo,1979,1979/1980,Río Negro,62,Pichi Mahuida,62063,250,0,0,0
sorgo,1979,1979/1980,Salta,66,Anta,66007,1870,970,2766,2852
sorgo,1979,1979/1980,Salta,66,Cerrillos,66035,300,50,125,2500
sorgo,1979,1979/1980,Salta,66,Chicoana,66042,30,30,69,2300
sorgo,1979,1979/1980,Salta,66,General Güemes,66049,300,100,280,2800
sorgo,1979,1979/1980,Salta,66,General José de San Martín,66056,600,200,600,3000
sorgo,1979,1979/1980,Salta,66,La Candelaria,66084,300,100,280,2800
sorgo,1979,1979/1980,Salta,66,La Viña,66098,50,0,0,0
sorgo,1979,1979/1980,Salta,66,Metán,66112,700,200,560,2800
sorgo,1979,1979/1980,Salta,66,Orán,66126,500,200,600,3000
sorgo,1979,1979/1980,Salta,66,Rosario de la Frontera,66140,650,150,420,2800
sorgo,1979,1979/1980,San Luis,74,Chacabuco,74028,3800,1100,1320,1200
sorgo,1979,1979/1980,San Luis,74,Coronel Pringles,74021,2300,500,800,1600
sorgo,1979,1979/1980,San Luis,74,General Pedernera,74035,10000,3000,6000,2000
sorgo,1979,1979/1980,San Luis,74,Gobernador Dupuy,74042,10000,3000,4800,1600
sorgo,1979,1979/1980,San Luis,74,Juan Martín de Pueyrredón,74056,1300,300,600,2000
sorgo,1979,1979/1980,San Luis,74,Junín,74049,1200,200,280,1400
sorgo,1979,1979/1980,San Luis,74,Libertador General San Martín,74063,900,200,300,1500
sorgo,1979,1979/1980,Santa Fe,82,9 de Julio,82077,80000,60000,162000,2700
sorgo,1979,1979/1980,Santa Fe,82,Belgrano,82007,6000,5500,16500,3000
sorgo,1979,1979/1980,Santa Fe,82,Caseros,82014,400,300,630,2100
sorgo,1979,1979/1980,Santa Fe,82,Castellanos,82021,80000,62500,156000,2496
sorgo,1979,1979/1980,Santa Fe,82,Garay,82035,2000,1400,3400,2429
sorgo,1979,1979/1980,Santa Fe,82,General López,82042,29600,27600,57960,2100
sorgo,1979,1979/1980,Santa Fe,82,General Obligado,82049,7000,6000,13200,2200
sorgo,1979,1979/1980,Santa Fe,82,Iriondo,82056,2000,1400,2940,2100
sorgo,1979,1979/1980,Santa Fe,82,La Capital,82063,3000,2300,5700,2478
sorgo,1979,1979/1980,Santa Fe,82,Las Colonias,82070,38000,33000,86000,2606
sorgo,1979,1979/1980,Santa Fe,82,Rosario,82084,300,200,400,2000
sorgo,1979,1979/1980,Santa Fe,82,San Cristóbal,82091,60000,50000,120000,2400
sorgo,1979,1979/1980,Santa Fe,82,San Javier,82098,5000,4200,9450,2250
sorgo,1979,1979/1980,Santa Fe,82,San Jerónimo,82105,9000,8300,20750,2500
sorgo,1979,1979/1980,Santa Fe,82,San Justo,82112,15000,12500,32000,2560
sorgo,1979,1979/1980,Santa Fe,82,San Lorenzo,82119,500,300,630,2100
sorgo,1979,1979/1980,Santa Fe,82,San Martín,82126,45000,42500,90000,2118
sorgo,1979,1979/1980,Santa Fe,82,Vera,82133,11000,9000,18220,2024
sorgo,1979,1979/1980,Santa Fe,82,Villa Constitución,82028,200,100,220,2200
sorgo,1979,1979/1980,Santiago del Estero,86,Aguirre,86007,1000,940,1700,1809
sorgo,1979,1979/1980,Santiago del Estero,86,Alberdi,86014,1400,1200,2200,1833
sorgo,1979,1979/1980,Santiago del Estero,86,Avellaneda,86028,2200,1700,3100,1824
sorgo,1979,1979/1980,Santiago del Estero,86,Banda,86035,1400,1100,2000,1818
sorgo,1979,1979/1980,Santiago del Estero,86,Belgrano,86042,10000,9000,18000,2000
sorgo,1979,1979/1980,Santiago del Estero,86,Capital,86049,350,350,600,1714
sorgo,1979,1979/1980,Santiago del Estero,86,Figueroa,86070,300,300,540,1800
sorgo,1979,1979/1980,Santiago del Estero,86,General Taboada,86077,7000,6250,12500,2000
sorgo,1979,1979/1980,Santiago del Estero,86,Jiménez,86091,1800,1800,3420,1900
sorgo,1979,1979/1980,Santiago del Estero,86,Juan F. Ibarra,86098,3500,3200,5800,1813
sorgo,1979,1979/1980,Santiago del Estero,86,Loreto,86105,500,500,900,1800
sorgo,1979,1979/1980,Santiago del Estero,86,Moreno,86119,4200,3800,7300,1921
sorgo,1979,1979/1980,Santiago del Estero,86,Pellegrini,86133,1000,1000,1800,1800
sorgo,1979,1979/1980,Santiago del Estero,86,Quebrachos,86140,500,500,900,1800
sorgo,1979,1979/1980,Santiago del Estero,86,Río Hondo,86147,200,200,360,1800
sorgo,1979,1979/1980,Santiago del Estero,86,Rivadavia,86154,18000,16000,32000,2000
sorgo,1979,1979/1980,Santiago del Estero,86,Robles,86161,1300,1150,2185,1900
sorgo,1979,1979/1980,Santiago del Estero,86,San Martín,86175,300,250,435,1740
sorgo,1979,1979/1980,Santiago del Estero,86,Sarmiento,86182,400,400,720,1800
sorgo,1979,1979/1980,Santiago del Estero,86,Silípica,86189,350,310,540,1742
sorgo,1979,1979/1980,Tucumán,90,Burruyacú,90007,600,500,1200,2400
sorgo,1979,1979/1980,Tucumán,90,Cruz Alta,90014,200,170,408,2400
sorgo,1979,1979/1980,Tucumán,90,Leales,90056,100,80,192,2400
sorgo,1980,1980/1981,Buenos Aires,06,25 de Mayo,06854,3000,3000,9000,3000
sorgo,1980,1980/1981,Buenos Aires,06,9 de Julio,06588,6000,5700,29640,5200
sorgo,1980,1980/1981,Buenos Aires,06,Adolfo Alsina,06007,18000,16000,35000,2188
sorgo,1980,1980/1981,Buenos Aires,06,Adolfo Gonzales Chaves,06014,2000,1200,3000,2500
sorgo,1980,1980/1981,Buenos Aires,06,Alberti,06021,1000,1000,5500,5500
sorgo,1980,1980/1981,Buenos Aires,06,Arrecifes,06077,1000,1000,6000,6000
sorgo,1980,1980/1981,Buenos Aires,06,Ayacucho,06042,1000,1000,3000,3000
sorgo,1980,1980/1981,Buenos Aires,06,Azul,06049,1100,1100,3300,3000
sorgo,1980,1980/1981,Buenos Aires,06,Bahía Blanca,06056,3000,1000,1400,1400
sorgo,1980,1980/1981,Buenos Aires,06,Balcarce,06063,2000,2000,7000,3500
sorgo,1980,1980/1981,Buenos Aires,06,Baradero,06070,5035,5035,22657,4500
sorgo,1980,1980/1981,Buenos Aires,06,Benito Juárez,06084,600,600,1500,2500
sorgo,1980,1980/1981,Buenos Aires,06,Berazategui,06091,200,100,300,3000
sorgo,1980,1980/1981,Buenos Aires,06,Berisso,06098,70,0,0,0
sorgo,1980,1980/1981,Buenos Aires,06,Bolívar,06105,6000,6000,30000,5000
sorgo,1980,1980/1981,Buenos Aires,06,Bragado,06112,2000,2000,11000,5500
sorgo,1980,1980/1981,Buenos Aires,06,Brandsen,06119,330,100,300,3000
sorgo,1980,1980/1981,Buenos Aires,06,Campana,06126,350,350,1365,3900
sorgo,1980,1980/1981,Buenos Aires,06,Cañuelas,06134,1000,1000,3500,3500
sorgo,1980,1980/1981,Buenos Aires,06,Capitán Sarmiento,06140,2000,2000,11000,5500
sorgo,1980,1980/1981,Buenos Aires,06,Carlos Casares,06147,16000,15600,79560,5100
sorgo,1980,1980/1981,Buenos Aires,06,Carlos Tejedor,06154,19000,18300,91500,5000
sorgo,1980,1980/1981,Buenos Aires,06,Carmen de Areco,06161,1000,1000,5500,5500
sorgo,1980,1980/1981,Buenos Aires,06,Castelli,06168,1000,700,2100,3000
sorgo,1980,1980/1981,Buenos Aires,06,Chacabuco,06210,1500,1400,7000,5000
sorgo,1980,1980/1981,Buenos Aires,06,Chascomús,06217,2000,1700,5100,3000
sorgo,1980,1980/1981,Buenos Aires,06,Chivilcoy,06224,2000,2000,9600,4800
sorgo,1980,1980/1981,Buenos Aires,06,Colón,06175,200,200,900,4500
sorgo,1980,1980/1981,Buenos Aires,06,Coronel de Marina Leonardo Rosales,06182,3000,1000,1500,1500
sorgo,1980,1980/1981,Buenos Aires,06,Coronel Dorrego,06189,2000,1000,1900,1900
sorgo,1980,1980/1981,Buenos Aires,06,Coronel Pringles,06196,2000,1500,3750,2500
sorgo,1980,1980/1981,Buenos Aires,06,Coronel Suárez,06203,5000,5000,14000,2800
sorgo,1980,1980/1981,Buenos Aires,06,Daireaux,06231,6000,6000,30000,5000
sorgo,1980,1980/1981,Buenos Aires,06,Dolores,06238,50,0,0,0
sorgo,1980,1980/1981,Buenos Aires,06,Esteban Echeverría,06260,70,0,0,0
sorgo,1980,1980/1981,Buenos Aires,06,Exaltación de la Cruz,06266,1475,1475,6047,4100
sorgo,1980,1980/1981,Buenos Aires,06,General Alvarado,06280,1000,1000,4000,4000
sorgo,1980,1980/1981,Buenos Aires,06,General Alvear,06287,2000,2000,5200,2600
sorgo,1980,1980/1981,Buenos Aires,06,General Arenales,06294,500,500,2250,4500
sorgo,1980,1980/1981,Buenos Aires,06,General Belgrano,06301,1000,900,3150,3500
sorgo,1980,1980/1981,Buenos Aires,06,General Guido,06308,500,500,1500,3000
sorgo,1980,1980/1981,Buenos Aires,06,General La Madrid,06322,2500,2100,4000,1905
sorgo,1980,1980/1981,Buenos Aires,06,General Las Heras,06329,300,300,1230,4100
sorgo,1980,1980/1981,Buenos Aires,06,General Lavalle,06336,300,50,150,3000
sorgo,1980,1980/1981,Buenos Aires,06,General Paz,06343,630,500,1500,3000
sorgo,1980,1980/1981,Buenos Aires,06,General Pinto,06351,22000,22000,99000,4500
sorgo,1980,1980/1981,Buenos Aires,06,General Pueyrredón,06357,2000,2000,8000,4000
sorgo,1980,1980/1981,Buenos Aires,06,General Rodríguez,06364,200,200,820,4100
sorgo,1980,1980/1981,Buenos Aires,06,General Viamonte,06385,500,500,2250,4500
sorgo,1980,1980/1981,Buenos Aires,06,General Villegas,06392,70000,69100,341115,4937
sorgo,1980,1980/1981,Buenos Aires,06,Guaminí,06399,12600,12600,46600,3698
sorgo,1980,1980/1981,Buenos Aires,06,Hipólito Yrigoyen,06406,3000,2700,13500,5000
sorgo,1980,1980/1981,Buenos Aires,06,Junín,06413,2000,2000,9000,4500
sorgo,1980,1980/1981,Buenos Aires,06,La Plata,06441,500,500,1500,3000
sorgo,1980,1980/1981,Buenos Aires,06,Laprida,06448,400,200,380,1900
sorgo,1980,1980/1981,Buenos Aires,06,Las Flores,06455,150,150,405,2700
sorgo,1980,1980/1981,Buenos Aires,06,Leandro N. Alem,06462,2600,2600,12480,4800
sorgo,1980,1980/1981,Buenos Aires,06,Lincoln,06469,28000,28000,134400,4800
sorgo,1980,1980/1981,Buenos Aires,06,Lobería,06476,4000,4000,15200,3800
sorgo,1980,1980/1981,Buenos Aires,06,Lobos,06483,5050,4500,15750,3500
sorgo,1980,1980/1981,Buenos Aires,06,Luján,06497,2315,2315,9260,4000
sorgo,1980,1980/1981,Buenos Aires,06,Magdalena,06505,2350,2000,6000,3000
sorgo,1980,1980/1981,Buenos Aires,06,Maipú,06511,1000,1000,3000,3000
sorgo,1980,1980/1981,Buenos Aires,06,Mar Chiquita,06518,2000,2000,7000,3500
sorgo,1980,1980/1981,Buenos Aires,06,Marcos Paz,06525,400,400,1560,3900
sorgo,1980,1980/1981,Buenos Aires,06,Mercedes,06532,1340,1340,5092,3800
sorgo,1980,1980/1981,Buenos Aires,06,Monte,06547,2900,2500,8750,3500
sorgo,1980,1980/1981,Buenos Aires,06,Navarro,06574,1590,1590,7314,4600
sorgo,1980,1980/1981,Buenos Aires,06,Necochea,06581,2000,1500,5250,3500
sorgo,1980,1980/1981,Buenos Aires,06,Olavarría,06595,2000,2000,6000,3000
sorgo,1980,1980/1981,Buenos Aires,06,Patagones,06602,1000,0,0,0
sorgo,1980,1980/1981,Buenos Aires,06,Pehuajó,06609,27000,26300,131500,5000
sorgo,1980,1980/1981,Buenos Aires,06,Pellegrini,06616,10000,10000,45000,4500
sorgo,1980,1980/1981,Buenos Aires,06,Pergamino,06623,2000,2000,10000,5000
sorgo,1980,1980/1981,Buenos Aires,06,Pila,06630,100,100,300,3000
sorgo,1980,1980/1981,Buenos Aires,06,Pilar,06638,100,100,420,4200
sorgo,1980,1980/1981,Buenos Aires,06,Puán,06651,5000,3000,4500,1500
sorgo,1980,1980/1981,Buenos Aires,06,Ramallo,06665,2250,2250,10000,4444
sorgo,1980,1980/1981,Buenos Aires,06,Rauch,06672,200,200,520,2600
sorgo,1980,1980/1981,Buenos Aires,06,Rivadavia,06679,21000,20100,100500,5000
sorgo,1980,1980/1981,Buenos Aires,06,Rojas,06686,500,500,2250,4500
sorgo,1980,1980/1981,Buenos Aires,06,Roque Pérez,06693,1500,1500,3900,2600
sorgo,1980,1980/1981,Buenos Aires,06,Saavedra,06700,6000,4000,5650,1413
sorgo,1980,1980/1981,Buenos Aires,06,Saladillo,06707,1500,1500,4500,3000
sorgo,1980,1980/1981,Buenos Aires,06,Salliqueló,06721,6000,6000,21600,3600
sorgo,1980,1980/1981,Buenos Aires,06,Salto,06714,1500,1500,8200,5467
sorgo,1980,1980/1981,Buenos Aires,06,San Andrés de Giles,06728,1620,1620,6318,3900
sorgo,1980,1980/1981,Buenos Aires,06,San Antonio de Areco,06735,3260,3260,13040,4000
sorgo,1980,1980/1981,Buenos Aires,06,San Cayetano,06742,1500,1200,3600,3000
sorgo,1980,1980/1981,Buenos Aires,06,San Nicolás,06763,750,750,3600,4800
sorgo,1980,1980/1981,Buenos Aires,06,San Pedro,06770,2800,2800,13539,4835
sorgo,1980,1980/1981,Buenos Aires,06,San Vicente,06778,60,0,0,0
sorgo,1980,1980/1981,Buenos Aires,06,Suipacha,06784,500,500,1950,3900
sorgo,1980,1980/1981,Buenos Aires,06,Tandil,06791,2000,2000,6000,3000
sorgo,1980,1980/1981,Buenos Aires,06,Tapalqué,06798,300,300,750,2500
sorgo,1980,1980/1981,Buenos Aires,06,Tordillo,06812,140,0,0,0
sorgo,1980,1980/1981,Buenos Aires,06,Tornquist,06819,8000,4500,6800,1511
sorgo,1980,1980/1981,Buenos Aires,06,Trenque Lauquen,06826,25000,24200,121000,5000
sorgo,1980,1980/1981,Buenos Aires,06,Tres Arroyos,06833,4000,2600,6250,2404
sorgo,1980,1980/1981,Buenos Aires,06,Villarino,06875,1500,0,0,0
sorgo,1980,1980/1981,Buenos Aires,06,Zárate,06882,715,715,2788,3899
sorgo,1980,1980/1981,Chaco,22,1° de Mayo,22126,200,150,250,1667
sorgo,1980,1980/1981,Chaco,22,12 de Octubre,22036,50000,40000,60000,1500
sorgo,1980,1980/1981,Chaco,22,25 de Mayo,22168,4000,3350,6000,1791
sorgo,1980,1980/1981,Chaco,22,9 de Julio,22105,10000,9500,16000,1684
sorgo,1980,1980/1981,Chaco,22,Almirante Brown,22007,7000,7000,22000,3143
sorgo,1980,1980/1981,Chaco,22,Bermejo,22014,3500,2950,8500,2881
sorgo,1980,1980/1981,Chaco,22,Chacabuco,22028,22000,20500,43000,2098
sorgo,1980,1980/1981,Chaco,22,Comandante Fernández,22021,6500,5500,11500,2091
sorgo,1980,1980/1981,Chaco,22,Fray Justo Santa María de Oro,22043,16000,4000,4800,1200
sorgo,1980,1980/1981,Chaco,22,General Belgrano,22049,15000,14900,41700,2799
sorgo,1980,1980/1981,Chaco,22,General Donovan,22056,1000,900,2700,3000
sorgo,1980,1980/1981,Chaco,22,General Güemes,22063,6000,4400,7300,1659
sorgo,1980,1980/1981,Chaco,22,Independencia,22070,11000,10150,26000,2562
sorgo,1980,1980/1981,Chaco,22,Libertad,22077,450,400,950,2375
sorgo,1980,1980/1981,Chaco,22,Libertador General San Martín,22084,15000,12000,30000,2500
sorgo,1980,1980/1981,Chaco,22,Maipú,22091,6000,4200,6800,1619
sorgo,1980,1980/1981,Chaco,22,Mayor Luis J. Fontana,22098,20000,17500,25000,1429
sorgo,1980,1980/1981,Chaco,22,O'Higgins,22112,4000,3500,6700,1914
sorgo,1980,1980/1981,Chaco,22,Presidencia de la Plaza,22119,1000,800,1200,1500
sorgo,1980,1980/1981,Chaco,22,Quitilipi,22133,6000,4600,8500,1848
sorgo,1980,1980/1981,Chaco,22,San Fernando,22140,3500,3200,9500,2969
sorgo,1980,1980/1981,Chaco,22,San Lorenzo,22147,3000,2500,6500,2600
sorgo,1980,1980/1981,Chaco,22,Sargento Cabral,22154,1000,750,1700,2267
sorgo,1980,1980/1981,Chaco,22,Tapenagá,22161,350,250,400,1600
sorgo,1980,1980/1981,Chubut,26,Cushamen,26014,15,9,8,889
sorgo,1980,1980/1981,Chubut,26,Futaleufú,26035,20,14,12,857
sorgo,1980,1980/1981,Chubut,26,Gaiman,26042,19,13,12,923
sorgo,1980,1980/1981,Chubut,26,Rawson,26077,13,7,6,857
sorgo,1980,1980/1981,Chubut,26,Sarmiento,26091,3,3,2,667
sorgo,1980,1980/1981,Córdoba,14,Calamuchita,14007,2500,2500,10750,4300
sorgo,1980,1980/1981,Córdoba,14,Capital,14014,200,200,680,3400
sorgo,1980,1980/1981,Córdoba,14,Colón,14021,4000,4000,14000,3500
sorgo,1980,1980/1981,Córdoba,14,Cruz del Eje,14028,200,0,0,0
sorgo,1980,1980/1981,Córdoba,14,General Roca,14035,85000,84000,285600,3400
sorgo,1980,1980/1981,Córdoba,14,General San Martín,14042,23000,23000,108100,4700
sorgo,1980,1980/1981,Córdoba,14,Ischilín,14049,2000,2000,5400,2700
sorgo,1980,1980/1981,Córdoba,14,Juárez Celman,14056,55000,54200,184200,3399
sorgo,1980,1980/1981,Córdoba,14,Marcos Juárez,14063,20000,20000,100000,5000
sorgo,1980,1980/1981,Córdoba,14,Minas,14070,200,0,0,0
sorgo,1980,1980/1981,Córdoba,14,Presidente Roque Sáenz Peña,14084,75000,73900,251260,3400
sorgo,1980,1980/1981,Córdoba,14,Río Cuarto,14098,105000,102200,347480,3400
sorgo,1980,1980/1981,Córdoba,14,Río Primero,14105,24000,24000,100800,4200
sorgo,1980,1980/1981,Córdoba,14,Río Seco,14112,600,600,1800,3000
sorgo,1980,1980/1981,Córdoba,14,Río Segundo,14119,70000,70000,329000,4700
sorgo,1980,1980/1981,Córdoba,14,San Alberto,14126,1000,1000,3000,3000
sorgo,1980,1980/1981,Córdoba,14,San Javier,14133,300,300,900,3000
sorgo,1980,1980/1981,Córdoba,14,San Justo,14140,157200,146300,686510,4692
sorgo,1980,1980/1981,Córdoba,14,Santa María,14147,6000,6000,25800,4300
sorgo,1980,1980/1981,Córdoba,14,Tercero Arriba,14161,60000,60000,288000,4800
sorgo,1980,1980/1981,Córdoba,14,Totoral,14168,2800,2800,9520,3400
sorgo,1980,1980/1981,Córdoba,14,Tulumba,14175,2000,2000,5200,2600
sorgo,1980,1980/1981,Córdoba,14,Unión,14182,36000,36000,162000,4500
sorgo,1980,1980/1981,Corrientes,18,Bella Vista,18007,550,544,1632,3000
sorgo,1980,1980/1981,Corrientes,18,Berón de Astrada,18014,150,148,414,2797
sorgo,1980,1980/1981,Corrientes,18,Capital,18021,50,49,127,2592
sorgo,1980,1980/1981,Corrientes,18,Concepción,18028,450,447,1252,2801
sorgo,1980,1980/1981,Corrientes,18,Curuzu Cuatia,18035,450,447,1162,2600
sorgo,1980,1980/1981,Corrientes,18,Empedrado,18042,180,178,463,2601
sorgo,1980,1980/1981,Corrientes,18,Esquina,18049,250,246,664,2699
sorgo,1980,1980/1981,Corrientes,18,General Alvear,18056,200,196,529,2699
sorgo,1980,1980/1981,Corrientes,18,General Paz,18063,150,148,385,2601
sorgo,1980,1980/1981,Corrientes,18,Goya,18070,80,78,218,2795
sorgo,1980,1980/1981,Corrientes,18,Itatí,18077,80,78,195,2500
sorgo,1980,1980/1981,Corrientes,18,Ituzaingó,18084,1800,1775,5672,3195
sorgo,1980,1980/1981,Corrientes,18,Lavalle,18091,100,98,294,3000
sorgo,1980,1980/1981,Corrientes,18,Mburucuyá,18098,50,49,137,2796
sorgo,1980,1980/1981,Corrientes,18,Mercedes,18105,200,198,554,2798
sorgo,1980,1980/1981,Corrientes,18,Monte Caseros,18112,350,346,900,2601
sorgo,1980,1980/1981,Corrientes,18,Paso de los Libres,18119,200,198,515,2601
sorgo,1980,1980/1981,Corrientes,18,Saladas,18126,250,245,613,2502
sorgo,1980,1980/1981,Corrientes,18,San Cosme,18133,50,49,132,2694
sorgo,1980,1980/1981,Corrientes,18,San Luis del Palmar,18140,100,98,245,2500
sorgo,1980,1980/1981,Corrientes,18,San Martín,18147,300,296,770,2601
sorgo,1980,1980/1981,Corrientes,18,San Miguel,18154,120,118,330,2797
sorgo,1980,1980/1981,Corrientes,18,San Roque,18161,140,137,342,2496
sorgo,1980,1980/1981,Corrientes,18,Santo Tomé,18168,3760,3720,11900,3199
sorgo,1980,1980/1981,Corrientes,18,Sauce,18175,100,98,255,2602
sorgo,1980,1980/1981,Entre Ríos,30,Colón,30008,6000,5700,18240,3200
sorgo,1980,1980/1981,Entre Ríos,30,Concordia,30015,4000,3700,11100,3000
sorgo,1980,1980/1981,Entre Ríos,30,Diamante,30021,9500,8900,38270,4300
sorgo,1980,1980/1981,Entre Ríos,30,Federación,30028,300,300,900,3000
sorgo,1980,1980/1981,Entre Ríos,30,Federal,30035,1800,1600,4960,3100
sorgo,1980,1980/1981,Entre Ríos,30,Feliciano,30042,500,450,1485,3300
sorgo,1980,1980/1981,Entre Ríos,30,Gualeguay,30049,14000,13100,44540,3400
sorgo,1980,1980/1981,Entre Ríos,30,Gualeguaychú,30056,18000,16500,54450,3300
sorgo,1980,1980/1981,Entre Ríos,30,La Paz,30070,10800,10550,31715,3006
sorgo,1980,1980/1981,Entre Ríos,30,Nogoyá,30077,12000,11400,37620,3300
sorgo,1980,1980/1981,Entre Ríos,30,Paraná,30084,15000,13800,41400,3000
sorgo,1980,1980/1981,Entre Ríos,30,Tala,30091,9000,8600,29240,3400
sorgo,1980,1980/1981,Entre Ríos,30,Uruguay,30098,13000,12500,42500,3400
sorgo,1980,1980/1981,Entre Ríos,30,Victoria,30105,22000,20500,86100,4200
sorgo,1980,1980/1981,Entre Ríos,30,Villaguay,30113,15500,14600,55480,3800
sorgo,1980,1980/1981,Formosa,34,Formosa,34014,2500,2000,4000,2000
sorgo,1980,1980/1981,Formosa,34,Laishí,34021,4000,3000,7500,2500
sorgo,1980,1980/1981,Formosa,34,Patiño,34035,7000,5500,11000,2000
sorgo,1980,1980/1981,Formosa,34,Pilagás,34042,3500,3000,7500,2500
sorgo,1980,1980/1981,Formosa,34,Pilcomayo,34049,3500,2500,5000,2000
sorgo,1980,1980/1981,Formosa,34,Pirané,34056,21900,17000,35800,2106
sorgo,1980,1980/1981,Jujuy,38,El Carmen,38014,150,50,110,2200
sorgo,1980,1980/1981,Jujuy,38,Ledesma,38035,150,50,110,2200
sorgo,1980,1980/1981,Jujuy,38,San Pedro,38063,30,0,0,0
sorgo,1980,1980/1981,Jujuy,38,Santa Bárbara,38070,300,200,460,2300
sorgo,1980,1980/1981,La Pampa,42,Atreucó,42007,15000,9000,13500,1500
sorgo,1980,1980/1981,La Pampa,42,Capital,42021,12000,8400,14280,1700
sorgo,1980,1980/1981,La Pampa,42,Catriló,42028,15000,11250,21375,1900
sorgo,1980,1980/1981,La Pampa,42,Chapaleufú,42056,20000,19500,57000,2923
sorgo,1980,1980/1981,La Pampa,42,Conhelo,42035,29000,26600,75690,2845
sorgo,1980,1980/1981,La Pampa,42,Guatraché,42070,5000,3000,4320,1440
sorgo,1980,1980/1981,La Pampa,42,Hucal,42077,1000,650,910,1400
sorgo,1980,1980/1981,La Pampa,42,Loventué,42098,1000,850,2125,2500
sorgo,1980,1980/1981,La Pampa,42,Maracó,42105,17500,17000,47850,2815
sorgo,1980,1980/1981,La Pampa,42,Quemú Quemú,42119,20500,19300,57750,2992
sorgo,1980,1980/1981,La Pampa,42,Rancul,42126,31500,29500,76700,2600
sorgo,1980,1980/1981,La Pampa,42,Realicó,42133,20000,18400,47840,2600
sorgo,1980,1980/1981,La Pampa,42,Toay,42140,4500,3150,5040,1600
sorgo,1980,1980/1981,La Pampa,42,Trenel,42147,19500,18500,51300,2773
sorgo,1980,1980/1981,La Pampa,42,Utracán,42154,6500,5200,8320,1600
sorgo,1980,1980/1981,Misiones,54,Apóstoles,54007,870,100,320,3200
sorgo,1980,1980/1981,Misiones,54,Candelaria,54021,150,0,0,0
sorgo,1980,1980/1981,Misiones,54,Capital,54028,1000,200,680,3400
sorgo,1980,1980/1981,Misiones,54,Eldorado,54042,200,0,0,0
sorgo,1980,1980/1981,Misiones,54,Leandro N. Alem,54070,110,0,0,0
sorgo,1980,1980/1981,Misiones,54,Montecarlo,54084,160,0,0,0
sorgo,1980,1980/1981,Misiones,54,San Javier,54105,10,0,0,0
sorgo,1980,1980/1981,Río Negro,62,Adolfo Alsina,62007,350,50,75,1500
sorgo,1980,1980/1981,Río Negro,62,Avellaneda,62014,150,50,80,1600
sorgo,1980,1980/1981,Río Negro,62,Conesa,62028,150,50,80,1600
sorgo,1980,1980/1981,Río Negro,62,General Roca,62042,150,50,75,1500
sorgo,1980,1980/1981,Río Negro,62,Pichi Mahuida,62063,300,50,70,1400
sorgo,1980,1980/1981,Salta,66,Anta,66007,8500,8000,20800,2600
sorgo,1980,1980/1981,Salta,66,Capital,66028,250,250,625,2500
sorgo,1980,1980/1981,Salta,66,Cerrillos,66035,200,200,500,2500
sorgo,1980,1980/1981,Salta,66,General Güemes,66049,450,450,1125,2500
sorgo,1980,1980/1981,Salta,66,General José de San Martín,66056,4500,4500,15750,3500
sorgo,1980,1980/1981,Salta,66,La Viña,66098,50,50,125,2500
sorgo,1980,1980/1981,Salta,66,Metán,66112,150,150,375,2500
sorgo,1980,1980/1981,Salta,66,Orán,66126,1500,1300,3250,2500
sorgo,1980,1980/1981,Salta,66,Rosario de la Frontera,66140,300,300,750,2500
sorgo,1980,1980/1981,San Luis,74,Chacabuco,74028,6000,5800,17100,2948
sorgo,1980,1980/1981,San Luis,74,Coronel Pringles,74021,3500,3400,10200,3000
sorgo,1980,1980/1981,San Luis,74,General Pedernera,74035,14900,14500,42900,2959
sorgo,1980,1980/1981,San Luis,74,Gobernador Dupuy,74042,14000,13600,40200,2956
sorgo,1980,1980/1981,San Luis,74,Juan Martín de Pueyrredón,74056,2100,2100,6300,3000
sorgo,1980,1980/1981,San Luis,74,Junín,74049,2000,2000,6000,3000
sorgo,1980,1980/1981,San Luis,74,Libertador General San Martín,74063,1300,1300,3900,3000
sorgo,1980,1980/1981,Santa Fe,82,9 de Julio,82077,80000,35000,105000,3000
sorgo,1980,1980/1981,Santa Fe,82,Belgrano,82007,6800,6600,29700,4500
sorgo,1980,1980/1981,Santa Fe,82,Caseros,82014,800,800,3840,4800
sorgo,1980,1980/1981,Santa Fe,82,Castellanos,82021,85000,57300,194950,3402
sorgo,1980,1980/1981,Santa Fe,82,Garay,82035,2000,1500,4800,3200
sorgo,1980,1980/1981,Santa Fe,82,General López,82042,33000,32300,156655,4850
sorgo,1980,1980/1981,Santa Fe,82,General Obligado,82049,8000,7000,16800,2400
sorgo,1980,1980/1981,Santa Fe,82,Iriondo,82056,3000,2300,9660,4200
sorgo,1980,1980/1981,Santa Fe,82,La Capital,82063,3000,1600,5600,3500
sorgo,1980,1980/1981,Santa Fe,82,Las Colonias,82070,39000,32000,112000,3500
sorgo,1980,1980/1981,Santa Fe,82,Rosario,82084,700,500,2091,4182
sorgo,1980,1980/1981,Santa Fe,82,San Cristóbal,82091,65000,47000,164000,3489
sorgo,1980,1980/1981,Santa Fe,82,San Javier,82098,5000,4000,9200,2300
sorgo,1980,1980/1981,Santa Fe,82,San Jerónimo,82105,11000,10700,44940,4200
sorgo,1980,1980/1981,Santa Fe,82,San Justo,82112,16000,13500,45994,3407
sorgo,1980,1980/1981,Santa Fe,82,San Lorenzo,82119,1000,700,2590,3700
sorgo,1980,1980/1981,Santa Fe,82,San Martín,82126,46000,44000,184800,4200
sorgo,1980,1980/1981,Santa Fe,82,Vera,82133,10000,9000,19800,2200
sorgo,1980,1980/1981,Santa Fe,82,Villa Constitución,82028,700,600,2580,4300
sorgo,1980,1980/1981,Santiago del Estero,86,Aguirre,86007,1750,581,1164,2003
sorgo,1980,1980/1981,Santiago del Estero,86,Alberdi,86014,2676,2275,4450,1956
sorgo,1980,1980/1981,Santiago del Estero,86,Avellaneda,86028,350,89,160,1798
sorgo,1980,1980/1981,Santiago del Estero,86,Banda,86035,18,5,8,1600
sorgo,1980,1980/1981,Santiago del Estero,86,Belgrano,86042,19470,4965,12400,2497
sorgo,1980,1980/1981,Santiago del Estero,86,Copo,86056,390,300,600,2000
sorgo,1980,1980/1981,Santiago del Estero,86,General Taboada,86077,28693,7433,18520,2492
sorgo,1980,1980/1981,Santiago del Estero,86,Guasayán,86084,1200,1020,2040,2000
sorgo,1980,1980/1981,Santiago del Estero,86,Jiménez,86091,1145,1000,2500,2500
sorgo,1980,1980/1981,Santiago del Estero,86,Juan F. Ibarra,86098,19677,16725,33450,2000
sorgo,1980,1980/1981,Santiago del Estero,86,Mitre,86112,80,24,48,2000
sorgo,1980,1980/1981,Santiago del Estero,86,Moreno,86119,20730,17620,49330,2800
sorgo,1980,1980/1981,Santiago del Estero,86,Ojo de Agua,86126,45,0,0,0
sorgo,1980,1980/1981,Santiago del Estero,86,Pellegrini,86133,3000,3000,6600,2200
sorgo,1980,1980/1981,Santiago del Estero,86,Quebrachos,86140,35,0,0,0
sorgo,1980,1980/1981,Santiago del Estero,86,Río Hondo,86147,30,30,60,2000
sorgo,1980,1980/1981,Santiago del Estero,86,Rivadavia,86154,11711,2993,5970,1995
sorgo,1980,1980/1981,Tucumán,90,Burruyacú,90007,2730,2730,6275,2299
sorgo,1980,1980/1981,Tucumán,90,Cruz Alta,90014,2490,2490,5478,2200
sorgo,1980,1980/1981,Tucumán,90,Graneros,90035,450,450,1035,2300
sorgo,1980,1980/1981,Tucumán,90,Leales,90056,140,140,322,2300
sorgo,1980,1980/1981,Tucumán,90,Río Chico,90077,150,150,330,2200
sorgo,1980,1980/1981,Tucumán,90,Trancas,90112,1200,1200,2760,2300
sorgo,1981,1981/1982,Buenos Aires,06,25 de Mayo,06854,3500,3500,12600,3600
sorgo,1981,1981/1982,Buenos Aires,06,9 de Julio,06588,6000,5700,23520,4126
sorgo,1981,1981/1982,Buenos Aires,06,Adolfo Alsina,06007,14500,13000,44500,3423
sorgo,1981,1981/1982,Buenos Aires,06,Adolfo Gonzales Chaves,06014,2000,1000,2200,2200
sorgo,1981,1981/1982,Buenos Aires,06,Alberti,06021,1000,1000,4900,4900
sorgo,1981,1981/1982,Buenos Aires,06,Arrecifes,06077,1000,1000,4800,4800
sorgo,1981,1981/1982,Buenos Aires,06,Ayacucho,06042,1000,1000,3500,3500
sorgo,1981,1981/1982,Buenos Aires,06,Azul,06049,900,0,0,0
sorgo,1981,1981/1982,Buenos Aires,06,Bahía Blanca,06056,1000,200,260,1300
sorgo,1981,1981/1982,Buenos Aires,06,Balcarce,06063,2000,2000,7000,3500
sorgo,1981,1981/1982,Buenos Aires,06,Baradero,06070,1500,1500,6000,4000
sorgo,1981,1981/1982,Buenos Aires,06,Benito Juárez,06084,450,0,0,0
sorgo,1981,1981/1982,Buenos Aires,06,Berazategui,06091,200,200,600,3000
sorgo,1981,1981/1982,Buenos Aires,06,Berisso,06098,70,0,0,0
sorgo,1981,1981/1982,Buenos Aires,06,Bolívar,06105,6000,5000,15000,3000
sorgo,1981,1981/1982,Buenos Aires,06,Bragado,06112,1500,1500,8400,5600
sorgo,1981,1981/1982,Buenos Aires,06,Brandsen,06119,330,320,990,3094
sorgo,1981,1981/1982,Buenos Aires,06,Campana,06126,250,250,1000,4000
sorgo,1981,1981/1982,Buenos Aires,06,Cañuelas,06134,1000,700,2450,3500
sorgo,1981,1981/1982,Buenos Aires,06,Capitán Sarmiento,06140,1500,1500,6900,4600
sorgo,1981,1981/1982,Buenos Aires,06,Carlos Casares,06147,20000,18300,62300,3404
sorgo,1981,1981/1982,Buenos Aires,06,Carlos Tejedor,06154,24000,20000,65280,3264
sorgo,1981,1981/1982,Buenos Aires,06,Carmen de Areco,06161,1000,1000,4500,4500
sorgo,1981,1981/1982,Buenos Aires,06,Castelli,06168,2000,1000,4000,4000
sorgo,1981,1981/1982,Buenos Aires,06,Chacabuco,06210,1000,1000,6000,6000
sorgo,1981,1981/1982,Buenos Aires,06,Chascomús,06217,2000,1000,3000,3000
sorgo,1981,1981/1982,Buenos Aires,06,Chivilcoy,06224,1500,1500,7000,4667
sorgo,1981,1981/1982,Buenos Aires,06,Colón,06175,200,200,840,4200
sorgo,1981,1981/1982,Buenos Aires,06,Coronel de Marina Leonardo Rosales,06182,1000,200,260,1300
sorgo,1981,1981/1982,Buenos Aires,06,Coronel Dorrego,06189,500,200,380,1900
sorgo,1981,1981/1982,Buenos Aires,06,Coronel Pringles,06196,2000,1000,2000,2000
sorgo,1981,1981/1982,Buenos Aires,06,Coronel Suárez,06203,4000,4000,11000,2750
sorgo,1981,1981/1982,Buenos Aires,06,Daireaux,06231,5000,4300,12900,3000
sorgo,1981,1981/1982,Buenos Aires,06,Dolores,06238,50,50,150,3000
sorgo,1981,1981/1982,Buenos Aires,06,Esteban Echeverría,06260,70,0,0,0
sorgo,1981,1981/1982,Buenos Aires,06,Exaltación de la Cruz,06266,1000,1000,4500,4500
sorgo,1981,1981/1982,Buenos Aires,06,General Alvarado,06280,1000,1000,3500,3500
sorgo,1981,1981/1982,Buenos Aires,06,General Alvear,06287,3000,3000,9000,3000
sorgo,1981,1981/1982,Buenos Aires,06,General Arenales,06294,500,500,2250,4500
sorgo,1981,1981/1982,Buenos Aires,06,General Belgrano,06301,1000,1000,4200,4200
sorgo,1981,1981/1982,Buenos Aires,06,General Guido,06308,500,500,1750,3500
sorgo,1981,1981/1982,Buenos Aires,06,General La Madrid,06322,2000,2000,3000,1500
sorgo,1981,1981/1982,Buenos Aires,06,General Las Heras,06329,300,300,1200,4000
sorgo,1981,1981/1982,Buenos Aires,06,General Lavalle,06336,300,300,900,3000
sorgo,1981,1981/1982,Buenos Aires,06,General Paz,06343,630,630,1910,3032
sorgo,1981,1981/1982,Buenos Aires,06,General Pinto,06351,23000,23000,103500,4500
sorgo,1981,1981/1982,Buenos Aires,06,General Pueyrredón,06357,2000,2000,7000,3500
sorgo,1981,1981/1982,Buenos Aires,06,General Rodríguez,06364,100,100,400,4000
sorgo,1981,1981/1982,Buenos Aires,06,General Viamonte,06385,1000,1000,4500,4500
sorgo,1981,1981/1982,Buenos Aires,06,General Villegas,06392,74000,73000,237700,3256
sorgo,1981,1981/1982,Buenos Aires,06,Guaminí,06399,11800,11300,39000,3451
sorgo,1981,1981/1982,Buenos Aires,06,Hipólito Yrigoyen,06406,4000,3110,9600,3087
sorgo,1981,1981/1982,Buenos Aires,06,Junín,06413,2000,2000,9000,4500
sorgo,1981,1981/1982,Buenos Aires,06,La Plata,06441,500,200,600,3000
sorgo,1981,1981/1982,Buenos Aires,06,Laprida,06448,350,0,0,0
sorgo,1981,1981/1982,Buenos Aires,06,Las Flores,06455,200,200,600,3000
sorgo,1981,1981/1982,Buenos Aires,06,Leandro N. Alem,06462,3500,3500,15750,4500
sorgo,1981,1981/1982,Buenos Aires,06,Lincoln,06469,29000,29000,130500,4500
sorgo,1981,1981/1982,Buenos Aires,06,Lobería,06476,3000,3000,10500,3500
sorgo,1981,1981/1982,Buenos Aires,06,Lobos,06483,5000,4000,16000,4000
sorgo,1981,1981/1982,Buenos Aires,06,Luján,06497,1500,1500,6750,4500
sorgo,1981,1981/1982,Buenos Aires,06,Magdalena,06505,1500,1500,4500,3000
sorgo,1981,1981/1982,Buenos Aires,06,Maipú,06511,1000,1000,3500,3500
sorgo,1981,1981/1982,Buenos Aires,06,Mar Chiquita,06518,2000,2000,7000,3500
sorgo,1981,1981/1982,Buenos Aires,06,Marcos Paz,06525,200,200,900,4500
sorgo,1981,1981/1982,Buenos Aires,06,Mercedes,06532,1000,1000,4000,4000
sorgo,1981,1981/1982,Buenos Aires,06,Monte,06547,3000,2000,6600,3300
sorgo,1981,1981/1982,Buenos Aires,06,Necochea,06581,2000,800,2000,2500
sorgo,1981,1981/1982,Buenos Aires,06,Olavarría,06595,1600,1600,1920,1200
sorgo,1981,1981/1982,Buenos Aires,06,Patagones,06602,600,0,0,0
sorgo,1981,1981/1982,Buenos Aires,06,Pehuajó,06609,34000,31700,104720,3303
sorgo,1981,1981/1982,Buenos Aires,06,Pellegrini,06616,11600,11000,38550,3505
sorgo,1981,1981/1982,Buenos Aires,06,Pergamino,06623,1500,1500,7500,5000
sorgo,1981,1981/1982,Buenos Aires,06,Pila,06630,100,100,300,3000
sorgo,1981,1981/1982,Buenos Aires,06,Puán,06651,1710,600,900,1500
sorgo,1981,1981/1982,Buenos Aires,06,Ramallo,06665,1000,1000,4500,4500
sorgo,1981,1981/1982,Buenos Aires,06,Rauch,06672,200,200,640,3200
sorgo,1981,1981/1982,Buenos Aires,06,Rivadavia,06679,32000,27800,91800,3302
sorgo,1981,1981/1982,Buenos Aires,06,Rojas,06686,800,800,3600,4500
sorgo,1981,1981/1982,Buenos Aires,06,Roque Pérez,06693,1500,1500,4500,3000
sorgo,1981,1981/1982,Buenos Aires,06,Saavedra,06700,2970,1000,2000,2000
sorgo,1981,1981/1982,Buenos Aires,06,Saladillo,06707,1000,1000,3600,3600
sorgo,1981,1981/1982,Buenos Aires,06,Salliqueló,06721,6400,5300,17490,3300
sorgo,1981,1981/1982,Buenos Aires,06,Salto,06714,1500,1500,7500,5000
sorgo,1981,1981/1982,Buenos Aires,06,San Andrés de Giles,06728,1000,1000,4000,4000
sorgo,1981,1981/1982,Buenos Aires,06,San Antonio de Areco,06735,1500,1500,6750,4500
sorgo,1981,1981/1982,Buenos Aires,06,San Cayetano,06742,1500,700,1680,2400
sorgo,1981,1981/1982,Buenos Aires,06,San Nicolás,06763,200,200,900,4500
sorgo,1981,1981/1982,Buenos Aires,06,San Pedro,06770,2000,2000,7710,3855
sorgo,1981,1981/1982,Buenos Aires,06,San Vicente,06778,110,0,0,0
sorgo,1981,1981/1982,Buenos Aires,06,Suipacha,06784,1000,1000,4500,4500
sorgo,1981,1981/1982,Buenos Aires,06,Tandil,06791,1300,0,0,0
sorgo,1981,1981/1982,Buenos Aires,06,Tapalqué,06798,500,500,1360,2720
sorgo,1981,1981/1982,Buenos Aires,06,Tordillo,06812,240,200,800,4000
sorgo,1981,1981/1982,Buenos Aires,06,Tornquist,06819,4320,590,885,1500
sorgo,1981,1981/1982,Buenos Aires,06,Trenque Lauquen,06826,36000,32100,107665,3354
sorgo,1981,1981/1982,Buenos Aires,06,Tres Arroyos,06833,4000,2500,6000,2400
sorgo,1981,1981/1982,Buenos Aires,06,Villarino,06875,2500,0,0,0
sorgo,1981,1981/1982,Buenos Aires,06,Zárate,06882,450,450,1890,4200
sorgo,1981,1981/1982,Chaco,22,1° de Mayo,22126,300,300,600,2000
sorgo,1981,1981/1982,Chaco,22,12 de Octubre,22036,80000,77000,230000,2987
sorgo,1981,1981/1982,Chaco,22,25 de Mayo,22168,5000,5000,13000,2600
sorgo,1981,1981/1982,Chaco,22,9 de Julio,22105,20000,20000,53000,2650
sorgo,1981,1981/1982,Chaco,22,Almirante Brown,22007,8000,8000,24000,3000
sorgo,1981,1981/1982,Chaco,22,Bermejo,22014,3000,2800,8500,3036
sorgo,1981,1981/1982,Chaco,22,Chacabuco,22028,28000,28000,80000,2857
sorgo,1981,1981/1982,Chaco,22,Comandante Fernández,22021,17000,17000,47000,2765
sorgo,1981,1981/1982,Chaco,22,Fray Justo Santa María de Oro,22043,27000,27000,74000,2741
sorgo,1981,1981/1982,Chaco,22,General Belgrano,22049,26000,26000,78000,3000
sorgo,1981,1981/1982,Chaco,22,General Donovan,22056,2000,2000,5500,2750
sorgo,1981,1981/1982,Chaco,22,General Güemes,22063,11000,10330,22500,2178
sorgo,1981,1981/1982,Chaco,22,Independencia,22070,16000,16000,47700,2981
sorgo,1981,1981/1982,Chaco,22,Libertad,22077,500,500,1500,3000
sorgo,1981,1981/1982,Chaco,22,Libertador General San Martín,22084,24000,19000,54000,2842
sorgo,1981,1981/1982,Chaco,22,Maipú,22091,10500,8500,17000,2000
sorgo,1981,1981/1982,Chaco,22,Mayor Luis J. Fontana,22098,20000,20000,57000,2850
sorgo,1981,1981/1982,Chaco,22,O'Higgins,22112,6500,6500,16500,2538
sorgo,1981,1981/1982,Chaco,22,Presidencia de la Plaza,22119,1200,1200,3000,2500
sorgo,1981,1981/1982,Chaco,22,Quitilipi,22133,10000,10000,26000,2600
sorgo,1981,1981/1982,Chaco,22,San Fernando,22140,4500,4500,12000,2667
sorgo,1981,1981/1982,Chaco,22,San Lorenzo,22147,5000,4700,13000,2766
sorgo,1981,1981/1982,Chaco,22,Sargento Cabral,22154,3000,2800,8000,2857
sorgo,1981,1981/1982,Chaco,22,Tapenagá,22161,500,470,1200,2553
sorgo,1981,1981/1982,Chubut,26,Cushamen,26014,15,15,6,400
sorgo,1981,1981/1982,Chubut,26,Futaleufú,26035,20,20,8,400
sorgo,1981,1981/1982,Chubut,26,Gaiman,26042,19,19,9,474
sorgo,1981,1981/1982,Chubut,26,Rawson,26077,13,13,5,385
sorgo,1981,1981/1982,Chubut,26,Sarmiento,26091,3,3,2,667
sorgo,1981,1981/1982,Córdoba,14,Calamuchita,14007,7000,7000,21000,3000
sorgo,1981,1981/1982,Córdoba,14,Capital,14014,200,200,640,3200
sorgo,1981,1981/1982,Córdoba,14,Colón,14021,3000,2000,6000,3000
sorgo,1981,1981/1982,Córdoba,14,Cruz del Eje,14028,2500,2500,7500,3000
sorgo,1981,1981/1982,Córdoba,14,General Roca,14035,85000,80000,262000,3275
sorgo,1981,1981/1982,Córdoba,14,General San Martín,14042,24000,19000,57000,3000
sorgo,1981,1981/1982,Córdoba,14,Ischilín,14049,2000,1000,3000,3000
sorgo,1981,1981/1982,Córdoba,14,Juárez Celman,14056,56000,52400,149340,2850
sorgo,1981,1981/1982,Córdoba,14,Marcos Juárez,14063,20000,20000,80000,4000
sorgo,1981,1981/1982,Córdoba,14,Minas,14070,500,0,0,0
sorgo,1981,1981/1982,Córdoba,14,Pocho,14077,1000,500,1250,2500
sorgo,1981,1981/1982,Córdoba,14,Presidente Roque Sáenz Peña,14084,75000,70000,217200,3103
sorgo,1981,1981/1982,Córdoba,14,Punilla,14091,300,0,0,0
sorgo,1981,1981/1982,Córdoba,14,Río Cuarto,14098,105000,98000,284000,2898
sorgo,1981,1981/1982,Córdoba,14,Río Primero,14105,10000,8600,24080,2800
sorgo,1981,1981/1982,Córdoba,14,Río Seco,14112,600,600,1620,2700
sorgo,1981,1981/1982,Córdoba,14,Río Segundo,14119,70000,67000,271400,4051
sorgo,1981,1981/1982,Córdoba,14,San Alberto,14126,1000,0,0,0
sorgo,1981,1981/1982,Córdoba,14,San Javier,14133,500,0,0,0
sorgo,1981,1981/1982,Córdoba,14,San Justo,14140,190000,174600,567700,3251
sorgo,1981,1981/1982,Córdoba,14,Santa María,14147,12000,12000,39600,3300
sorgo,1981,1981/1982,Córdoba,14,Sobremonte,14154,500,200,470,2350
sorgo,1981,1981/1982,Córdoba,14,Tercero Arriba,14161,56000,54000,178200,3300
sorgo,1981,1981/1982,Córdoba,14,Totoral,14168,2500,2000,6000,3000
sorgo,1981,1981/1982,Córdoba,14,Tulumba,14175,3500,0,0,0
sorgo,1981,1981/1982,Córdoba,14,Unión,14182,40000,40000,152000,3800
sorgo,1981,1981/1982,Corrientes,18,Bella Vista,18007,500,490,1372,2800
sorgo,1981,1981/1982,Corrientes,18,Berón de Astrada,18014,140,137,411,3000
sorgo,1981,1981/1982,Corrientes,18,Capital,18021,60,59,159,2695
sorgo,1981,1981/1982,Corrientes,18,Concepción,18028,800,785,2512,3200
sorgo,1981,1981/1982,Corrientes,18,Curuzu Cuatia,18035,400,393,1179,3000
sorgo,1981,1981/1982,Corrientes,18,Empedrado,18042,160,157,455,2898
sorgo,1981,1981/1982,Corrientes,18,Esquina,18049,260,252,832,3302
sorgo,1981,1981/1982,Corrientes,18,General Alvear,18056,200,195,565,2897
sorgo,1981,1981/1982,Corrientes,18,General Paz,18063,140,136,394,2897
sorgo,1981,1981/1982,Corrientes,18,Goya,18070,50,48,130,2708
sorgo,1981,1981/1982,Corrientes,18,Itatí,18077,70,67,188,2806
sorgo,1981,1981/1982,Corrientes,18,Ituzaingó,18084,600,570,1767,3100
sorgo,1981,1981/1982,Corrientes,18,Lavalle,18091,20,20,56,2800
sorgo,1981,1981/1982,Corrientes,18,Mburucuyá,18098,60,56,168,3000
sorgo,1981,1981/1982,Corrientes,18,Mercedes,18105,150,144,432,3000
sorgo,1981,1981/1982,Corrientes,18,Monte Caseros,18112,500,492,1427,2900
sorgo,1981,1981/1982,Corrientes,18,Paso de los Libres,18119,160,156,437,2801
sorgo,1981,1981/1982,Corrientes,18,Saladas,18126,400,393,1179,3000
sorgo,1981,1981/1982,Corrientes,18,San Cosme,18133,60,58,168,2897
sorgo,1981,1981/1982,Corrientes,18,San Luis del Palmar,18140,90,88,255,2898
sorgo,1981,1981/1982,Corrientes,18,San Martín,18147,200,195,585,3000
sorgo,1981,1981/1982,Corrientes,18,San Miguel,18154,100,100,310,3100
sorgo,1981,1981/1982,Corrientes,18,San Roque,18161,120,119,345,2899
sorgo,1981,1981/1982,Corrientes,18,Santo Tomé,18168,1560,1492,4040,2708
sorgo,1981,1981/1982,Corrientes,18,Sauce,18175,200,198,634,3202
sorgo,1981,1981/1982,Entre Ríos,30,Colón,30008,9000,8500,19550,2300
sorgo,1981,1981/1982,Entre Ríos,30,Concordia,30015,4000,3600,7960,2211
sorgo,1981,1981/1982,Entre Ríos,30,Diamante,30021,16000,15000,49500,3300
sorgo,1981,1981/1982,Entre Ríos,30,Federación,30028,1000,950,1440,1516
sorgo,1981,1981/1982,Entre Ríos,30,Federal,30035,2300,2300,5290,2300
sorgo,1981,1981/1982,Entre Ríos,30,Feliciano,30042,500,500,1000,2000
sorgo,1981,1981/1982,Entre Ríos,30,Gualeguay,30049,21000,19500,62400,3200
sorgo,1981,1981/1982,Entre Ríos,30,Gualeguaychú,30056,32000,30000,87000,2900
sorgo,1981,1981/1982,Entre Ríos,30,La Paz,30070,14000,13200,30360,2300
sorgo,1981,1981/1982,Entre Ríos,30,Nogoyá,30077,18000,17100,53010,3100
sorgo,1981,1981/1982,Entre Ríos,30,Paraná,30084,25000,23450,58400,2490
sorgo,1981,1981/1982,Entre Ríos,30,Tala,30091,16000,15200,50160,3300
sorgo,1981,1981/1982,Entre Ríos,30,Uruguay,30098,19000,18100,52500,2901
sorgo,1981,1981/1982,Entre Ríos,30,Victoria,30105,24000,22700,65830,2900
sorgo,1981,1981/1982,Entre Ríos,30,Villaguay,30113,20000,19000,45600,2400
sorgo,1981,1981/1982,Formosa,34,Formosa,34014,2500,2500,5500,2200
sorgo,1981,1981/1982,Formosa,34,Laishí,34021,4000,3500,8050,2300
sorgo,1981,1981/1982,Formosa,34,Patiño,34035,6400,5400,11880,2200
sorgo,1981,1981/1982,Formosa,34,Pilagás,34042,3800,3000,7200,2400
sorgo,1981,1981/1982,Formosa,34,Pilcomayo,34049,4600,3600,7920,2200
sorgo,1981,1981/1982,Formosa,34,Pirané,34056,22500,21000,48350,2302
sorgo,1981,1981/1982,Jujuy,38,El Carmen,38014,180,180,450,2500
sorgo,1981,1981/1982,Jujuy,38,Ledesma,38035,180,180,450,2500
sorgo,1981,1981/1982,Jujuy,38,San Pedro,38063,30,30,75,2500
sorgo,1981,1981/1982,Jujuy,38,Santa Bárbara,38070,350,350,870,2486
sorgo,1981,1981/1982,La Pampa,42,Atreucó,42007,18500,14800,30000,2027
sorgo,1981,1981/1982,La Pampa,42,Capital,42021,15800,11060,24000,2170
sorgo,1981,1981/1982,La Pampa,42,Catriló,42028,20000,17000,36000,2118
sorgo,1981,1981/1982,La Pampa,42,Chapaleufú,42056,25000,22500,69750,3100
sorgo,1981,1981/1982,La Pampa,42,Conhelo,42035,36000,32400,77800,2401
sorgo,1981,1981/1982,La Pampa,42,Guatraché,42070,4250,3185,6700,2104
sorgo,1981,1981/1982,La Pampa,42,Hucal,42077,500,325,608,1871
sorgo,1981,1981/1982,La Pampa,42,Loventué,42098,1100,880,2132,2423
sorgo,1981,1981/1982,La Pampa,42,Maracó,42105,21875,19690,55200,2803
sorgo,1981,1981/1982,La Pampa,42,Quemú Quemú,42119,25650,23105,66000,2857
sorgo,1981,1981/1982,La Pampa,42,Rancul,42126,38400,32640,89760,2750
sorgo,1981,1981/1982,La Pampa,42,Realicó,42133,25000,22500,65250,2900
sorgo,1981,1981/1982,La Pampa,42,Toay,42140,5625,3940,8000,2030
sorgo,1981,1981/1982,La Pampa,42,Trenel,42147,24500,22050,56800,2576
sorgo,1981,1981/1982,La Pampa,42,Utracán,42154,7500,5625,12000,2133
sorgo,1981,1981/1982,Mendoza,50,General Alvear,50014,300,0,0,0
sorgo,1981,1981/1982,Misiones,54,Apóstoles,54007,300,260,720,2769
sorgo,1981,1981/1982,Misiones,54,Candelaria,54021,80,0,0,0
sorgo,1981,1981/1982,Misiones,54,Capital,54028,353,270,780,2889
sorgo,1981,1981/1982,Misiones,54,Concepción,54035,100,0,0,0
sorgo,1981,1981/1982,Misiones,54,Eldorado,54042,60,0,0,0
sorgo,1981,1981/1982,Misiones,54,Iguazú,54063,30,0,0,0
sorgo,1981,1981/1982,Misiones,54,Montecarlo,54084,30,0,0,0
sorgo,1981,1981/1982,Misiones,54,San Javier,54105,7,0,0,0
sorgo,1981,1981/1982,Río Negro,62,Adolfo Alsina,62007,300,140,200,1429
sorgo,1981,1981/1982,Río Negro,62,Avellaneda,62014,100,20,36,1800
sorgo,1981,1981/1982,Río Negro,62,Conesa,62028,90,50,77,1540
sorgo,1981,1981/1982,Río Negro,62,General Roca,62042,80,30,47,1567
sorgo,1981,1981/1982,Río Negro,62,Pichi Mahuida,62063,230,60,90,1500
sorgo,1981,1981/1982,Salta,66,Anta,66007,8500,8500,23955,2818
sorgo,1981,1981/1982,Salta,66,Capital,66028,120,100,270,2700
sorgo,1981,1981/1982,Salta,66,Cerrillos,66035,300,300,810,2700
sorgo,1981,1981/1982,Salta,66,General Güemes,66049,500,500,1350,2700
sorgo,1981,1981/1982,Salta,66,General José de San Martín,66056,12530,12300,35000,2846
sorgo,1981,1981/1982,Salta,66,La Candelaria,66084,300,300,840,2800
sorgo,1981,1981/1982,Salta,66,La Viña,66098,100,100,270,2700
sorgo,1981,1981/1982,Salta,66,Metán,66112,2000,2000,5600,2800
sorgo,1981,1981/1982,Salta,66,Orán,66126,3000,3000,8400,2800
sorgo,1981,1981/1982,Salta,66,Rosario de la Frontera,66140,1700,1700,4760,2800
sorgo,1981,1981/1982,Salta,66,Rosario de Lerma,66147,350,350,945,2700
sorgo,1981,1981/1982,San Luis,74,Chacabuco,74028,6500,6400,16000,2500
sorgo,1981,1981/1982,San Luis,74,Coronel Pringles,74021,3700,3700,9250,2500
sorgo,1981,1981/1982,San Luis,74,General Pedernera,74035,16000,15500,38500,2484
sorgo,1981,1981/1982,San Luis,74,Gobernador Dupuy,74042,15000,14500,36250,2500
sorgo,1981,1981/1982,San Luis,74,Juan Martín de Pueyrredón,74056,2300,2300,5750,2500
sorgo,1981,1981/1982,San Luis,74,Junín,74049,2200,2200,5500,2500
sorgo,1981,1981/1982,San Luis,74,Libertador General San Martín,74063,1500,1500,3750,2500
sorgo,1981,1981/1982,Santa Fe,82,9 de Julio,82077,40000,37000,111000,3000
sorgo,1981,1981/1982,Santa Fe,82,Belgrano,82007,6500,6500,32500,5000
sorgo,1981,1981/1982,Santa Fe,82,Caseros,82014,1300,1300,6500,5000
sorgo,1981,1981/1982,Santa Fe,82,Castellanos,82021,85000,77000,346000,4494
sorgo,1981,1981/1982,Santa Fe,82,Garay,82035,2500,2200,7500,3409
sorgo,1981,1981/1982,Santa Fe,82,General López,82042,20800,20800,104000,5000
sorgo,1981,1981/1982,Santa Fe,82,General Obligado,82049,10000,9500,28500,3000
sorgo,1981,1981/1982,Santa Fe,82,Iriondo,82056,2400,2400,11520,4800
sorgo,1981,1981/1982,Santa Fe,82,La Capital,82063,5500,5000,20000,4000
sorgo,1981,1981/1982,Santa Fe,82,Las Colonias,82070,45000,42500,183000,4306
sorgo,1981,1981/1982,Santa Fe,82,Rosario,82084,1000,1000,4400,4400
sorgo,1981,1981/1982,Santa Fe,82,San Cristóbal,82091,75000,68000,238000,3500
sorgo,1981,1981/1982,Santa Fe,82,San Javier,82098,6000,5700,17100,3000
sorgo,1981,1981/1982,Santa Fe,82,San Jerónimo,82105,13000,13000,58500,4500
sorgo,1981,1981/1982,Santa Fe,82,San Justo,82112,25000,23500,78000,3319
sorgo,1981,1981/1982,Santa Fe,82,San Lorenzo,82119,1200,1200,5760,4800
sorgo,1981,1981/1982,Santa Fe,82,San Martín,82126,43000,43000,189200,4400
sorgo,1981,1981/1982,Santa Fe,82,Vera,82133,12000,11300,31640,2800
sorgo,1981,1981/1982,Santa Fe,82,Villa Constitución,82028,800,800,3880,4850
sorgo,1981,1981/1982,Santiago del Estero,86,Aguirre,86007,440,440,968,2200
sorgo,1981,1981/1982,Santiago del Estero,86,Alberdi,86014,4500,4500,9900,2200
sorgo,1981,1981/1982,Santiago del Estero,86,Avellaneda,86028,350,350,700,2000
sorgo,1981,1981/1982,Santiago del Estero,86,Banda,86035,1250,1250,2375,1900
sorgo,1981,1981/1982,Santiago del Estero,86,Belgrano,86042,15960,15960,43084,2700
sorgo,1981,1981/1982,Santiago del Estero,86,Choya,86063,1055,1055,2321,2200
sorgo,1981,1981/1982,Santiago del Estero,86,Copo,86056,800,800,1760,2200
sorgo,1981,1981/1982,Santiago del Estero,86,General Taboada,86077,25366,25366,68488,2700
sorgo,1981,1981/1982,Santiago del Estero,86,Guasayán,86084,1200,1200,2640,2200
sorgo,1981,1981/1982,Santiago del Estero,86,Jiménez,86091,8760,8760,23652,2700
sorgo,1981,1981/1982,Santiago del Estero,86,Juan F. Ibarra,86098,25042,25042,55092,2200
sorgo,1981,1981/1982,Santiago del Estero,86,Mitre,86112,110,110,242,2200
sorgo,1981,1981/1982,Santiago del Estero,86,Moreno,86119,39840,39840,113887,2859
sorgo,1981,1981/1982,Santiago del Estero,86,Ojo de Agua,86126,45,45,90,2000
sorgo,1981,1981/1982,Santiago del Estero,86,Pellegrini,86133,3241,3241,7778,2400
sorgo,1981,1981/1982,Santiago del Estero,86,Quebrachos,86140,35,35,70,2000
sorgo,1981,1981/1982,Santiago del Estero,86,Río Hondo,86147,30,30,66,2200
sorgo,1981,1981/1982,Santiago del Estero,86,Rivadavia,86154,7676,7676,16887,2200
sorgo,1981,1981/1982,Tucumán,90,Burruyacú,90007,6300,5500,18000,3273
sorgo,1981,1981/1982,Tucumán,90,Cruz Alta,90014,1800,1540,5000,3247
sorgo,1981,1981/1982,Tucumán,90,Graneros,90035,3000,2260,9500,4204
sorgo,1981,1981/1982,Tucumán,90,Leales,90056,2830,2010,5900,2935
sorgo,1981,1981/1982,Tucumán,90,Trancas,90112,470,470,1600,3404
sorgo,1982,1982/1983,Buenos Aires,06,25 de Mayo,06854,4000,4000,14400,3600
sorgo,1982,1982/1983,Buenos Aires,06,9 de Julio,06588,3000,3000,9000,3000
sorgo,1982,1982/1983,Buenos Aires,06,Adolfo Alsina,06007,15000,12000,24000,2000
sorgo,1982,1982/1983,Buenos Aires,06,Adolfo Gonzales Chaves,06014,2000,500,1750,3500
sorgo,1982,1982/1983,Buenos Aires,06,Alberti,06021,900,900,3780,4200
sorgo,1982,1982/1983,Buenos Aires,06,Arrecifes,06077,600,600,2100,3500
sorgo,1982,1982/1983,Buenos Aires,06,Ayacucho,06042,1000,1000,1500,1500
sorgo,1982,1982/1983,Buenos Aires,06,Azul,06049,1000,1000,3500,3500
sorgo,1982,1982/1983,Buenos Aires,06,Bahía Blanca,06056,2000,2000,4000,2000
sorgo,1982,1982/1983,Buenos Aires,06,Balcarce,06063,2000,2000,7400,3700
sorgo,1982,1982/1983,Buenos Aires,06,Baradero,06070,1500,1500,6000,4000
sorgo,1982,1982/1983,Buenos Aires,06,Benito Juárez,06084,500,500,1750,3500
sorgo,1982,1982/1983,Buenos Aires,06,Berazategui,06091,100,100,320,3200
sorgo,1982,1982/1983,Buenos Aires,06,Berisso,06098,20,20,50,2500
sorgo,1982,1982/1983,Buenos Aires,06,Bolívar,06105,8100,4000,15600,3900
sorgo,1982,1982/1983,Buenos Aires,06,Bragado,06112,1000,1000,4200,4200
sorgo,1982,1982/1983,Buenos Aires,06,Brandsen,06119,200,200,600,3000
sorgo,1982,1982/1983,Buenos Aires,06,Campana,06126,500,500,1350,2700
sorgo,1982,1982/1983,Buenos Aires,06,Cañuelas,06134,800,800,2400,3000
sorgo,1982,1982/1983,Buenos Aires,06,Capitán Sarmiento,06140,1000,1000,4500,4500
sorgo,1982,1982/1983,Buenos Aires,06,Carlos Casares,06147,6000,6000,21600,3600
sorgo,1982,1982/1983,Buenos Aires,06,Carlos Tejedor,06154,21350,20750,78850,3800
sorgo,1982,1982/1983,Buenos Aires,06,Carmen de Areco,06161,2000,2000,9000,4500
sorgo,1982,1982/1983,Buenos Aires,06,Castelli,06168,500,500,1750,3500
sorgo,1982,1982/1983,Buenos Aires,06,Chacabuco,06210,1000,1000,5000,5000
sorgo,1982,1982/1983,Buenos Aires,06,Chascomús,06217,800,800,2400,3000
sorgo,1982,1982/1983,Buenos Aires,06,Chivilcoy,06224,1100,1100,4620,4200
sorgo,1982,1982/1983,Buenos Aires,06,Colón,06175,200,200,800,4000
sorgo,1982,1982/1983,Buenos Aires,06,Coronel de Marina Leonardo Rosales,06182,900,200,190,950
sorgo,1982,1982/1983,Buenos Aires,06,Coronel Dorrego,06189,700,400,1000,2500
sorgo,1982,1982/1983,Buenos Aires,06,Coronel Pringles,06196,2000,500,1500,3000
sorgo,1982,1982/1983,Buenos Aires,06,Coronel Suárez,06203,3000,2000,6000,3000
sorgo,1982,1982/1983,Buenos Aires,06,Daireaux,06231,4000,3500,14000,4000
sorgo,1982,1982/1983,Buenos Aires,06,Dolores,06238,300,300,900,3000
sorgo,1982,1982/1983,Buenos Aires,06,Esteban Echeverría,06260,50,50,150,3000
sorgo,1982,1982/1983,Buenos Aires,06,Exaltación de la Cruz,06266,1800,1000,2800,2800
sorgo,1982,1982/1983,Buenos Aires,06,General Alvarado,06280,1000,1000,3700,3700
sorgo,1982,1982/1983,Buenos Aires,06,General Alvear,06287,3500,3500,7000,2000
sorgo,1982,1982/1983,Buenos Aires,06,General Arenales,06294,300,300,1200,4000
sorgo,1982,1982/1983,Buenos Aires,06,General Belgrano,06301,3000,2000,5600,2800
sorgo,1982,1982/1983,Buenos Aires,06,General Guido,06308,500,500,1500,3000
sorgo,1982,1982/1983,Buenos Aires,06,General La Madrid,06322,1000,1000,4000,4000
sorgo,1982,1982/1983,Buenos Aires,06,General Las Heras,06329,100,100,300,3000
sorgo,1982,1982/1983,Buenos Aires,06,General Lavalle,06336,200,200,600,3000
sorgo,1982,1982/1983,Buenos Aires,06,General Paz,06343,800,800,2800,3500
sorgo,1982,1982/1983,Buenos Aires,06,General Pinto,06351,26000,24600,123000,5000
sorgo,1982,1982/1983,Buenos Aires,06,General Pueyrredón,06357,2000,2000,7400,3700
sorgo,1982,1982/1983,Buenos Aires,06,General Rodríguez,06364,600,450,1710,3800
sorgo,1982,1982/1983,Buenos Aires,06,General Viamonte,06385,1000,1000,4000,4000
sorgo,1982,1982/1983,Buenos Aires,06,General Villegas,06392,68000,68000,319620,4700
sorgo,1982,1982/1983,Buenos Aires,06,Guaminí,06399,15000,13000,26000,2000
sorgo,1982,1982/1983,Buenos Aires,06,Hipólito Yrigoyen,06406,2000,1600,5760,3600
sorgo,1982,1982/1983,Buenos Aires,06,Junín,06413,2000,2000,9000,4500
sorgo,1982,1982/1983,Buenos Aires,06,La Plata,06441,380,380,1140,3000
sorgo,1982,1982/1983,Buenos Aires,06,Laprida,06448,400,100,600,6000
sorgo,1982,1982/1983,Buenos Aires,06,Las Flores,06455,200,200,600,3000
sorgo,1982,1982/1983,Buenos Aires,06,Leandro N. Alem,06462,2500,2100,8820,4200
sorgo,1982,1982/1983,Buenos Aires,06,Lincoln,06469,31000,27500,128100,4658
sorgo,1982,1982/1983,Buenos Aires,06,Lobería,06476,3000,3000,11100,3700
sorgo,1982,1982/1983,Buenos Aires,06,Lobos,06483,4000,4000,14000,3500
sorgo,1982,1982/1983,Buenos Aires,06,Luján,06497,800,800,2800,3500
sorgo,1982,1982/1983,Buenos Aires,06,Magdalena,06505,500,500,1500,3000
sorgo,1982,1982/1983,Buenos Aires,06,Maipú,06511,1000,1000,3000,3000
sorgo,1982,1982/1983,Buenos Aires,06,Mar Chiquita,06518,2000,1100,2750,2500
sorgo,1982,1982/1983,Buenos Aires,06,Marcos Paz,06525,150,150,420,2800
sorgo,1982,1982/1983,Buenos Aires,06,Mercedes,06532,1500,1100,2640,2400
sorgo,1982,1982/1983,Buenos Aires,06,Monte,06547,3000,2000,5600,2800
sorgo,1982,1982/1983,Buenos Aires,06,Necochea,06581,1500,1500,5550,3700
sorgo,1982,1982/1983,Buenos Aires,06,Olavarría,06595,2500,2500,8750,3500
sorgo,1982,1982/1983,Buenos Aires,06,Patagones,06602,400,0,0,0
sorgo,1982,1982/1983,Buenos Aires,06,Pehuajó,06609,35000,34500,124200,3600
sorgo,1982,1982/1983,Buenos Aires,06,Pellegrini,06616,12000,11600,41760,3600
sorgo,1982,1982/1983,Buenos Aires,06,Pergamino,06623,500,500,1500,3000
sorgo,1982,1982/1983,Buenos Aires,06,Pila,06630,200,0,0,0
sorgo,1982,1982/1983,Buenos Aires,06,Puán,06651,3200,3000,2400,800
sorgo,1982,1982/1983,Buenos Aires,06,Ramallo,06665,1500,1500,5850,3900
sorgo,1982,1982/1983,Buenos Aires,06,Rauch,06672,400,400,1200,3000
sorgo,1982,1982/1983,Buenos Aires,06,Rivadavia,06679,26500,26000,98800,3800
sorgo,1982,1982/1983,Buenos Aires,06,Rojas,06686,500,500,2000,4000
sorgo,1982,1982/1983,Buenos Aires,06,Roque Pérez,06693,1500,1500,4500,3000
sorgo,1982,1982/1983,Buenos Aires,06,Saavedra,06700,3500,1000,2000,2000
sorgo,1982,1982/1983,Buenos Aires,06,Saladillo,06707,1500,1500,4500,3000
sorgo,1982,1982/1983,Buenos Aires,06,Salliqueló,06721,5500,5200,18720,3600
sorgo,1982,1982/1983,Buenos Aires,06,Salto,06714,500,500,2000,4000
sorgo,1982,1982/1983,Buenos Aires,06,San Andrés de Giles,06728,900,900,2700,3000
sorgo,1982,1982/1983,Buenos Aires,06,San Antonio de Areco,06735,3300,3300,13200,4000
sorgo,1982,1982/1983,Buenos Aires,06,San Cayetano,06742,1500,0,0,0
sorgo,1982,1982/1983,Buenos Aires,06,San Nicolás,06763,900,900,3600,4000
sorgo,1982,1982/1983,Buenos Aires,06,San Pedro,06770,1500,1500,6000,4000
sorgo,1982,1982/1983,Buenos Aires,06,San Vicente,06778,50,0,0,0
sorgo,1982,1982/1983,Buenos Aires,06,Suipacha,06784,500,500,1500,3000
sorgo,1982,1982/1983,Buenos Aires,06,Tapalqué,06798,800,0,0,0
sorgo,1982,1982/1983,Buenos Aires,06,Tordillo,06812,200,0,0,0
sorgo,1982,1982/1983,Buenos Aires,06,Tornquist,06819,5000,3500,8400,2400
sorgo,1982,1982/1983,Buenos Aires,06,Trenque Lauquen,06826,33000,32300,122740,3800
sorgo,1982,1982/1983,Buenos Aires,06,Tres Arroyos,06833,4000,500,1750,3500
sorgo,1982,1982/1983,Buenos Aires,06,Villarino,06875,500,100,200,2000
sorgo,1982,1982/1983,Buenos Aires,06,Zárate,06882,800,800,2160,2700
sorgo,1982,1982/1983,Catamarca,10,El Alto,10056,750,750,2000,2667
sorgo,1982,1982/1983,Catamarca,10,La Paz,10070,3800,3800,10800,2842
sorgo,1982,1982/1983,Catamarca,10,Santa Rosa,10098,2300,2300,6200,2696
sorgo,1982,1982/1983,Chaco,22,12 de Octubre,22036,45100,43900,95000,2164
sorgo,1982,1982/1983,Chaco,22,25 de Mayo,22168,2800,2800,3200,1143
sorgo,1982,1982/1983,Chaco,22,9 de Julio,22105,13000,13000,16600,1277
sorgo,1982,1982/1983,Chaco,22,Almirante Brown,22007,6000,6000,7450,1242
sorgo,1982,1982/1983,Chaco,22,Bermejo,22014,1800,1500,2000,1333
sorgo,1982,1982/1983,Chaco,22,Chacabuco,22028,20000,20000,29000,1450
sorgo,1982,1982/1983,Chaco,22,Comandante Fernández,22021,13000,13000,18000,1385
sorgo,1982,1982/1983,Chaco,22,Fray Justo Santa María de Oro,22043,17000,13300,16000,1203
sorgo,1982,1982/1983,Chaco,22,General Belgrano,22049,10000,10000,14000,1400
sorgo,1982,1982/1983,Chaco,22,General Donovan,22056,1500,1500,2100,1400
sorgo,1982,1982/1983,Chaco,22,General Güemes,22063,6000,6000,7000,1167
sorgo,1982,1982/1983,Chaco,22,Independencia,22070,9000,9000,12400,1378
sorgo,1982,1982/1983,Chaco,22,Libertad,22077,300,300,450,1500
sorgo,1982,1982/1983,Chaco,22,Libertador General San Martín,22084,18000,16500,22300,1352
sorgo,1982,1982/1983,Chaco,22,Maipú,22091,9000,9000,12000,1333
sorgo,1982,1982/1983,Chaco,22,Mayor Luis J. Fontana,22098,16000,12000,14500,1208
sorgo,1982,1982/1983,Chaco,22,O'Higgins,22112,4500,4200,5000,1190
sorgo,1982,1982/1983,Chaco,22,Presidencia de la Plaza,22119,1500,1500,3000,2000
sorgo,1982,1982/1983,Chaco,22,Quitilipi,22133,7000,7000,9000,1286
sorgo,1982,1982/1983,Chaco,22,San Fernando,22140,3000,3000,4400,1467
sorgo,1982,1982/1983,Chaco,22,San Lorenzo,22147,3000,3000,3500,1167
sorgo,1982,1982/1983,Chaco,22,Sargento Cabral,22154,2000,1900,2800,1474
sorgo,1982,1982/1983,Chaco,22,Tapenagá,22161,200,200,300,1500
sorgo,1982,1982/1983,Córdoba,14,Calamuchita,14007,2000,2000,6400,3200
sorgo,1982,1982/1983,Córdoba,14,Capital,14014,200,200,720,3600
sorgo,1982,1982/1983,Córdoba,14,Colón,14021,2000,2000,7200,3600
sorgo,1982,1982/1983,Córdoba,14,Cruz del Eje,14028,500,350,875,2500
sorgo,1982,1982/1983,Córdoba,14,General Roca,14035,87000,85000,306000,3600
sorgo,1982,1982/1983,Córdoba,14,General San Martín,14042,28000,28000,112000,4000
sorgo,1982,1982/1983,Córdoba,14,Ischilín,14049,2500,2500,6450,2580
sorgo,1982,1982/1983,Córdoba,14,Juárez Celman,14056,60000,59000,212400,3600
sorgo,1982,1982/1983,Córdoba,14,Marcos Juárez,14063,20000,20000,70000,3500
sorgo,1982,1982/1983,Córdoba,14,Minas,14070,100,50,125,2500
sorgo,1982,1982/1983,Córdoba,14,Presidente Roque Sáenz Peña,14084,78000,77000,277200,3600
sorgo,1982,1982/1983,Córdoba,14,Río Cuarto,14098,110000,108000,388800,3600
sorgo,1982,1982/1983,Córdoba,14,Río Primero,14105,10000,10000,38000,3800
sorgo,1982,1982/1983,Córdoba,14,Río Seco,14112,15000,15000,42500,2833
sorgo,1982,1982/1983,Córdoba,14,Río Segundo,14119,75000,75000,337500,4500
sorgo,1982,1982/1983,Córdoba,14,San Justo,14140,195000,194000,873000,4500
sorgo,1982,1982/1983,Córdoba,14,Santa María,14147,5000,5000,21000,4200
sorgo,1982,1982/1983,Córdoba,14,Sobremonte,14154,500,500,1250,2500
sorgo,1982,1982/1983,Córdoba,14,Tercero Arriba,14161,50000,46500,195300,4200
sorgo,1982,1982/1983,Córdoba,14,Totoral,14168,1500,1500,5480,3653
sorgo,1982,1982/1983,Córdoba,14,Tulumba,14175,500,500,1400,2800
sorgo,1982,1982/1983,Córdoba,14,Unión,14182,50000,50000,196400,3928
sorgo,1982,1982/1983,Corrientes,18,Bella Vista,18007,250,230,500,2174
sorgo,1982,1982/1983,Corrientes,18,Berón de Astrada,18014,160,160,480,3000
sorgo,1982,1982/1983,Corrientes,18,Capital,18021,50,50,150,3000
sorgo,1982,1982/1983,Corrientes,18,Concepción,18028,1600,1600,3200,2000
sorgo,1982,1982/1983,Corrientes,18,Curuzu Cuatia,18035,200,200,600,3000
sorgo,1982,1982/1983,Corrientes,18,Empedrado,18042,150,150,400,2667
sorgo,1982,1982/1983,Corrientes,18,Esquina,18049,250,240,630,2625
sorgo,1982,1982/1983,Corrientes,18,General Alvear,18056,300,300,900,3000
sorgo,1982,1982/1983,Corrientes,18,General Paz,18063,150,150,450,3000
sorgo,1982,1982/1983,Corrientes,18,Goya,18070,100,90,200,2222
sorgo,1982,1982/1983,Corrientes,18,Itatí,18077,50,50,140,2800
sorgo,1982,1982/1983,Corrientes,18,Ituzaingó,18084,1800,1800,4000,2222
sorgo,1982,1982/1983,Corrientes,18,Lavalle,18091,30,27,60,2222
sorgo,1982,1982/1983,Corrientes,18,Mburucuyá,18098,50,50,140,2800
sorgo,1982,1982/1983,Corrientes,18,Mercedes,18105,150,145,420,2897
sorgo,1982,1982/1983,Corrientes,18,Monte Caseros,18112,300,285,720,2526
sorgo,1982,1982/1983,Corrientes,18,Paso de los Libres,18119,200,200,610,3050
sorgo,1982,1982/1983,Corrientes,18,Saladas,18126,500,500,1500,3000
sorgo,1982,1982/1983,Corrientes,18,San Cosme,18133,80,80,200,2500
sorgo,1982,1982/1983,Corrientes,18,San Luis del Palmar,18140,100,100,300,3000
sorgo,1982,1982/1983,Corrientes,18,San Martín,18147,350,350,900,2571
sorgo,1982,1982/1983,Corrientes,18,San Miguel,18154,200,200,500,2500
sorgo,1982,1982/1983,Corrientes,18,San Roque,18161,130,130,400,3077
sorgo,1982,1982/1983,Corrientes,18,Santo Tomé,18168,2700,2668,7200,2699
sorgo,1982,1982/1983,Corrientes,18,Sauce,18175,150,145,400,2759
sorgo,1982,1982/1983,Entre Ríos,30,Colón,30008,10000,9500,19000,2000
sorgo,1982,1982/1983,Entre Ríos,30,Concordia,30015,6000,5700,10830,1900
sorgo,1982,1982/1983,Entre Ríos,30,Diamante,30021,16000,15200,30400,2000
sorgo,1982,1982/1983,Entre Ríos,30,Federación,30028,1000,800,1280,1600
sorgo,1982,1982/1983,Entre Ríos,30,Federal,30035,3500,3300,6600,2000
sorgo,1982,1982/1983,Entre Ríos,30,Feliciano,30042,500,500,900,1800
sorgo,1982,1982/1983,Entre Ríos,30,Gualeguay,30049,16000,15100,33220,2200
sorgo,1982,1982/1983,Entre Ríos,30,Gualeguaychú,30056,24000,22800,52440,2300
sorgo,1982,1982/1983,Entre Ríos,30,La Paz,30070,14000,13300,30590,2300
sorgo,1982,1982/1983,Entre Ríos,30,Nogoyá,30077,16000,15000,30000,2000
sorgo,1982,1982/1983,Entre Ríos,30,Paraná,30084,21000,20000,44000,2200
sorgo,1982,1982/1983,Entre Ríos,30,Tala,30091,15000,14400,33120,2300
sorgo,1982,1982/1983,Entre Ríos,30,Uruguay,30098,18000,17200,39560,2300
sorgo,1982,1982/1983,Entre Ríos,30,Victoria,30105,18000,17200,48160,2800
sorgo,1982,1982/1983,Entre Ríos,30,Villaguay,30113,18000,17100,33900,1982
sorgo,1982,1982/1983,Formosa,34,Formosa,34014,1500,1200,2400,2000
sorgo,1982,1982/1983,Formosa,34,Laishí,34021,3000,2000,6250,3125
sorgo,1982,1982/1983,Formosa,34,Patiño,34035,5000,3600,10000,2778
sorgo,1982,1982/1983,Formosa,34,Pilagás,34042,3800,2900,9880,3407
sorgo,1982,1982/1983,Formosa,34,Pilcomayo,34049,3500,2700,9770,3619
sorgo,1982,1982/1983,Formosa,34,Pirané,34056,18000,14500,42500,2931
sorgo,1982,1982/1983,Jujuy,38,El Carmen,38014,200,200,400,2000
sorgo,1982,1982/1983,Jujuy,38,Ledesma,38035,200,200,400,2000
sorgo,1982,1982/1983,Jujuy,38,San Pedro,38063,300,300,600,2000
sorgo,1982,1982/1983,Jujuy,38,Santa Bárbara,38070,400,400,800,2000
sorgo,1982,1982/1983,La Pampa,42,Atreucó,42007,15000,13500,28350,2100
sorgo,1982,1982/1983,La Pampa,42,Capital,42021,13000,11700,24570,2100
sorgo,1982,1982/1983,La Pampa,42,Catriló,42028,20000,18000,45000,2500
sorgo,1982,1982/1983,La Pampa,42,Chapaleufú,42056,24000,21600,69120,3200
sorgo,1982,1982/1983,La Pampa,42,Conhelo,42035,35000,31500,85050,2700
sorgo,1982,1982/1983,La Pampa,42,Guatraché,42070,3500,3150,6930,2200
sorgo,1982,1982/1983,La Pampa,42,Hucal,42077,500,400,800,2000
sorgo,1982,1982/1983,La Pampa,42,Loventué,42098,1200,1100,2750,2500
sorgo,1982,1982/1983,La Pampa,42,Maracó,42105,20500,18450,53505,2900
sorgo,1982,1982/1983,La Pampa,42,Quemú Quemú,42119,22000,19800,59400,3000
sorgo,1982,1982/1983,La Pampa,42,Rancul,42126,38000,32300,90440,2800
sorgo,1982,1982/1983,La Pampa,42,Realicó,42133,37500,33900,101535,2995
sorgo,1982,1982/1983,La Pampa,42,Toay,42140,4500,4050,7695,1900
sorgo,1982,1982/1983,La Pampa,42,Trenel,42147,19500,17550,50895,2900
sorgo,1982,1982/1983,La Pampa,42,Utracán,42154,8000,7200,12960,1800
sorgo,1982,1982/1983,Mendoza,50,General Alvear,50014,100,100,250,2500
sorgo,1982,1982/1983,Misiones,54,Apóstoles,54007,250,78,260,3333
sorgo,1982,1982/1983,Misiones,54,Candelaria,54021,80,31,100,3226
sorgo,1982,1982/1983,Misiones,54,Capital,54028,350,235,820,3489
sorgo,1982,1982/1983,Misiones,54,Concepción,54035,200,125,416,3328
sorgo,1982,1982/1983,Misiones,54,Eldorado,54042,60,31,104,3355
sorgo,1982,1982/1983,Misiones,54,Leandro N. Alem,54070,30,0,0,0
sorgo,1982,1982/1983,Misiones,54,Montecarlo,54084,30,0,0,0
sorgo,1982,1982/1983,Río Negro,62,Adolfo Alsina,62007,200,110,184,1673
sorgo,1982,1982/1983,Río Negro,62,Avellaneda,62014,80,32,60,1875
sorgo,1982,1982/1983,Río Negro,62,Conesa,62028,60,28,49,1750
sorgo,1982,1982/1983,Río Negro,62,General Roca,62042,70,30,57,1900
sorgo,1982,1982/1983,Río Negro,62,Pichi Mahuida,62063,90,0,0,0
sorgo,1982,1982/1983,Salta,66,Anta,66007,14000,14000,42000,3000
sorgo,1982,1982/1983,Salta,66,Capital,66028,350,350,380,1086
sorgo,1982,1982/1983,Salta,66,Cerrillos,66035,300,300,600,2000
sorgo,1982,1982/1983,Salta,66,Chicoana,66042,100,100,270,2700
sorgo,1982,1982/1983,Salta,66,General Güemes,66049,1000,1000,2000,2000
sorgo,1982,1982/1983,Salta,66,General José de San Martín,66056,8000,8000,16000,2000
sorgo,1982,1982/1983,Salta,66,La Candelaria,66084,600,600,1200,2000
sorgo,1982,1982/1983,Salta,66,La Viña,66098,100,100,150,1500
sorgo,1982,1982/1983,Salta,66,Metán,66112,3500,3500,7000,2000
sorgo,1982,1982/1983,Salta,66,Orán,66126,6000,6000,15000,2500
sorgo,1982,1982/1983,Salta,66,Rosario de la Frontera,66140,3500,3500,7000,2000
sorgo,1982,1982/1983,Salta,66,Rosario de Lerma,66147,350,350,700,2000
sorgo,1982,1982/1983,San Luis,74,Chacabuco,74028,6800,6800,17000,2500
sorgo,1982,1982/1983,San Luis,74,Coronel Pringles,74021,4000,4000,10500,2625
sorgo,1982,1982/1983,San Luis,74,General Pedernera,74035,17000,15000,39000,2600
sorgo,1982,1982/1983,San Luis,74,Gobernador Dupuy,74042,16500,16500,44250,2682
sorgo,1982,1982/1983,San Luis,74,Juan Martín de Pueyrredón,74056,2500,2500,6250,2500
sorgo,1982,1982/1983,San Luis,74,Junín,74049,2200,2200,5500,2500
sorgo,1982,1982/1983,San Luis,74,Libertador General San Martín,74063,1800,1800,4500,2500
sorgo,1982,1982/1983,Santa Fe,82,9 de Julio,82077,60000,57700,208000,3605
sorgo,1982,1982/1983,Santa Fe,82,Belgrano,82007,6500,6500,19500,3000
sorgo,1982,1982/1983,Santa Fe,82,Caseros,82014,800,800,2400,3000
sorgo,1982,1982/1983,Santa Fe,82,Castellanos,82021,90000,82900,265000,3197
sorgo,1982,1982/1983,Santa Fe,82,Garay,82035,2500,2200,6600,3000
sorgo,1982,1982/1983,Santa Fe,82,General López,82042,18000,18000,71000,3944
sorgo,1982,1982/1983,Santa Fe,82,General Obligado,82049,11000,9800,25500,2602
sorgo,1982,1982/1983,Santa Fe,82,Iriondo,82056,2600,2000,6410,3205
sorgo,1982,1982/1983,Santa Fe,82,La Capital,82063,6500,5700,20000,3509
sorgo,1982,1982/1983,Santa Fe,82,Las Colonias,82070,50000,47000,132000,2809
sorgo,1982,1982/1983,Santa Fe,82,Rosario,82084,1000,700,3090,4414
sorgo,1982,1982/1983,Santa Fe,82,San Cristóbal,82091,85000,77900,250000,3209
sorgo,1982,1982/1983,Santa Fe,82,San Javier,82098,8000,7400,23700,3203
sorgo,1982,1982/1983,Santa Fe,82,San Jerónimo,82105,13000,13000,39000,3000
sorgo,1982,1982/1983,Santa Fe,82,San Justo,82112,30000,28500,100000,3509
sorgo,1982,1982/1983,Santa Fe,82,San Lorenzo,82119,1400,800,2400,3000
sorgo,1982,1982/1983,Santa Fe,82,San Martín,82126,42000,42000,126000,3000
sorgo,1982,1982/1983,Santa Fe,82,Vera,82133,12000,11000,27500,2500
sorgo,1982,1982/1983,Santa Fe,82,Villa Constitución,82028,700,500,1900,3800
sorgo,1982,1982/1983,Santiago del Estero,86,Aguirre,86007,506,506,1113,2200
sorgo,1982,1982/1983,Santiago del Estero,86,Alberdi,86014,8000,8000,17600,2200
sorgo,1982,1982/1983,Santiago del Estero,86,Avellaneda,86028,402,402,804,2000
sorgo,1982,1982/1983,Santiago del Estero,86,Banda,86035,3000,3000,6600,2200
sorgo,1982,1982/1983,Santiago del Estero,86,Belgrano,86042,20000,20000,54000,2700
sorgo,1982,1982/1983,Santiago del Estero,86,Choya,86063,1213,1213,2669,2200
sorgo,1982,1982/1983,Santiago del Estero,86,Copo,86056,920,920,2024,2200
sorgo,1982,1982/1983,Santiago del Estero,86,General Taboada,86077,29170,29170,78761,2700
sorgo,1982,1982/1983,Santiago del Estero,86,Guasayán,86084,1380,1380,3036,2200
sorgo,1982,1982/1983,Santiago del Estero,86,Jiménez,86091,10064,10064,27173,2700
sorgo,1982,1982/1983,Santiago del Estero,86,Juan F. Ibarra,86098,30000,30000,66000,2200
sorgo,1982,1982/1983,Santiago del Estero,86,Mitre,86112,126,126,277,2198
sorgo,1982,1982/1983,Santiago del Estero,86,Moreno,86119,60000,60000,180000,3000
sorgo,1982,1982/1983,Santiago del Estero,86,Ojo de Agua,86126,52,52,104,2000
sorgo,1982,1982/1983,Santiago del Estero,86,Pellegrini,86133,3765,3765,8963,2381
sorgo,1982,1982/1983,Santiago del Estero,86,Quebrachos,86140,40,40,80,2000
sorgo,1982,1982/1983,Santiago del Estero,86,Río Hondo,86147,35,35,77,2200
sorgo,1982,1982/1983,Santiago del Estero,86,Rivadavia,86154,8827,8827,19419,2200
sorgo,1982,1982/1983,Tucumán,90,Burruyacú,90007,5900,5750,20100,3496
sorgo,1982,1982/1983,Tucumán,90,Cruz Alta,90014,2000,1940,5900,3041
sorgo,1982,1982/1983,Tucumán,90,Graneros,90035,4000,3897,13700,3516
sorgo,1982,1982/1983,Tucumán,90,Leales,90056,3000,2535,5900,2327
sorgo,1982,1982/1983,Tucumán,90,Río Chico,90077,300,290,1000,3448
sorgo,1982,1982/1983,Tucumán,90,Trancas,90112,600,588,2000,3401
sorgo,1983,1983/1984,Buenos Aires,06,25 de Mayo,06854,4000,4000,14400,3600
sorgo,1983,1983/1984,Buenos Aires,06,9 de Julio,06588,3000,3000,11400,3800
sorgo,1983,1983/1984,Buenos Aires,06,Adolfo Alsina,06007,12000,12000,30000,2500
sorgo,1983,1983/1984,Buenos Aires,06,Adolfo Gonzales Chaves,06014,1000,0,0,0
sorgo,1983,1983/1984,Buenos Aires,06,Alberti,06021,900,900,3200,3556
sorgo,1983,1983/1984,Buenos Aires,06,Arrecifes,06077,300,300,1050,3500
sorgo,1983,1983/1984,Buenos Aires,06,Ayacucho,06042,2500,2500,4500,1800
sorgo,1983,1983/1984,Buenos Aires,06,Azul,06049,920,920,4000,4348
sorgo,1983,1983/1984,Buenos Aires,06,Bahía Blanca,06056,500,400,520,1300
sorgo,1983,1983/1984,Buenos Aires,06,Balcarce,06063,2000,2000,5000,2500
sorgo,1983,1983/1984,Buenos Aires,06,Baradero,06070,2000,2000,8000,4000
sorgo,1983,1983/1984,Buenos Aires,06,Benito Juárez,06084,500,500,1500,3000
sorgo,1983,1983/1984,Buenos Aires,06,Berazategui,06091,180,180,580,3222
sorgo,1983,1983/1984,Buenos Aires,06,Berisso,06098,60,60,180,3000
sorgo,1983,1983/1984,Buenos Aires,06,Bolívar,06105,5000,5000,14500,2900
sorgo,1983,1983/1984,Buenos Aires,06,Bragado,06112,1000,1000,4200,4200
sorgo,1983,1983/1984,Buenos Aires,06,Brandsen,06119,1550,1550,6200,4000
sorgo,1983,1983/1984,Buenos Aires,06,Campana,06126,700,700,2590,3700
sorgo,1983,1983/1984,Buenos Aires,06,Cañuelas,06134,2000,2000,7000,3500
sorgo,1983,1983/1984,Buenos Aires,06,Capitán Sarmiento,06140,500,500,2000,4000
sorgo,1983,1983/1984,Buenos Aires,06,Carlos Casares,06147,10000,10000,40000,4000
sorgo,1983,1983/1984,Buenos Aires,06,Carlos Tejedor,06154,18000,17500,70000,4000
sorgo,1983,1983/1984,Buenos Aires,06,Carmen de Areco,06161,1500,1500,6000,4000
sorgo,1983,1983/1984,Buenos Aires,06,Castelli,06168,2100,2100,8400,4000
sorgo,1983,1983/1984,Buenos Aires,06,Chacabuco,06210,1000,1000,4800,4800
sorgo,1983,1983/1984,Buenos Aires,06,Chascomús,06217,2200,2200,8580,3900
sorgo,1983,1983/1984,Buenos Aires,06,Chivilcoy,06224,1100,1100,4400,4000
sorgo,1983,1983/1984,Buenos Aires,06,Colón,06175,50,50,215,4300
sorgo,1983,1983/1984,Buenos Aires,06,Coronel de Marina Leonardo Rosales,06182,700,600,780,1300
sorgo,1983,1983/1984,Buenos Aires,06,Coronel Dorrego,06189,6000,5900,14750,2500
sorgo,1983,1983/1984,Buenos Aires,06,Coronel Pringles,06196,6000,5900,11800,2000
sorgo,1983,1983/1984,Buenos Aires,06,Coronel Suárez,06203,3600,3600,10800,3000
sorgo,1983,1983/1984,Buenos Aires,06,Daireaux,06231,4000,4000,14000,3500
sorgo,1983,1983/1984,Buenos Aires,06,Dolores,06238,30,30,100,3333
sorgo,1983,1983/1984,Buenos Aires,06,Escobar,06252,150,150,525,3500
sorgo,1983,1983/1984,Buenos Aires,06,Esteban Echeverría,06260,50,50,160,3200
sorgo,1983,1983/1984,Buenos Aires,06,Exaltación de la Cruz,06266,2300,2300,9200,4000
sorgo,1983,1983/1984,Buenos Aires,06,General Alvarado,06280,1000,1000,2500,2500
sorgo,1983,1983/1984,Buenos Aires,06,General Alvear,06287,3000,3000,9000,3000
sorgo,1983,1983/1984,Buenos Aires,06,General Arenales,06294,100,100,400,4000
sorgo,1983,1983/1984,Buenos Aires,06,General Belgrano,06301,500,500,1500,3000
sorgo,1983,1983/1984,Buenos Aires,06,General La Madrid,06322,600,600,1800,3000
sorgo,1983,1983/1984,Buenos Aires,06,General Las Heras,06329,200,200,600,3000
sorgo,1983,1983/1984,Buenos Aires,06,General Lavalle,06336,350,350,1120,3200
sorgo,1983,1983/1984,Buenos Aires,06,General Paz,06343,1160,1160,4400,3793
sorgo,1983,1983/1984,Buenos Aires,06,General Pinto,06351,19000,19000,89190,4694
sorgo,1983,1983/1984,Buenos Aires,06,General Pueyrredón,06357,1500,1500,3450,2300
sorgo,1983,1983/1984,Buenos Aires,06,General Rodríguez,06364,780,780,3120,4000
sorgo,1983,1983/1984,Buenos Aires,06,General Viamonte,06385,1000,1000,4000,4000
sorgo,1983,1983/1984,Buenos Aires,06,General Villegas,06392,56000,55200,256000,4638
sorgo,1983,1983/1984,Buenos Aires,06,Guaminí,06399,10000,9200,30000,3261
sorgo,1983,1983/1984,Buenos Aires,06,Hipólito Yrigoyen,06406,1700,1500,6750,4500
sorgo,1983,1983/1984,Buenos Aires,06,Junín,06413,1000,1000,4200,4200
sorgo,1983,1983/1984,Buenos Aires,06,La Plata,06441,600,600,2280,3800
sorgo,1983,1983/1984,Buenos Aires,06,Laprida,06448,100,0,0,0
sorgo,1983,1983/1984,Buenos Aires,06,Las Flores,06455,500,500,1500,3000
sorgo,1983,1983/1984,Buenos Aires,06,Leandro N. Alem,06462,1600,1600,8000,5000
sorgo,1983,1983/1984,Buenos Aires,06,Lincoln,06469,31000,30400,127680,4200
sorgo,1983,1983/1984,Buenos Aires,06,Lobería,06476,4000,4000,7200,1800
sorgo,1983,1983/1984,Buenos Aires,06,Lobos,06483,3000,3000,11400,3800
sorgo,1983,1983/1984,Buenos Aires,06,Luján,06497,1000,1000,3000,3000
sorgo,1983,1983/1984,Buenos Aires,06,Magdalena,06505,1600,1600,5920,3700
sorgo,1983,1983/1984,Buenos Aires,06,Marcos Paz,06525,200,200,700,3500
sorgo,1983,1983/1984,Buenos Aires,06,Mercedes,06532,1800,1800,6840,3800
sorgo,1983,1983/1984,Buenos Aires,06,Monte,06547,800,800,2240,2800
sorgo,1983,1983/1984,Buenos Aires,06,Navarro,06574,2000,2000,10000,5000
sorgo,1983,1983/1984,Buenos Aires,06,Necochea,06581,1500,1500,3750,2500
sorgo,1983,1983/1984,Buenos Aires,06,Olavarría,06595,1300,1300,6750,5192
sorgo,1983,1983/1984,Buenos Aires,06,Patagones,06602,100,0,0,0
sorgo,1983,1983/1984,Buenos Aires,06,Pehuajó,06609,26000,26000,124800,4800
sorgo,1983,1983/1984,Buenos Aires,06,Pellegrini,06616,10000,9300,41850,4500
sorgo,1983,1983/1984,Buenos Aires,06,Pergamino,06623,500,500,1500,3000
sorgo,1983,1983/1984,Buenos Aires,06,Pila,06630,200,200,500,2500
sorgo,1983,1983/1984,Buenos Aires,06,Puán,06651,3500,3500,7000,2000
sorgo,1983,1983/1984,Buenos Aires,06,Ramallo,06665,1000,1000,3500,3500
sorgo,1983,1983/1984,Buenos Aires,06,Rauch,06672,500,500,1500,3000
sorgo,1983,1983/1984,Buenos Aires,06,Rivadavia,06679,25000,24000,108000,4500
sorgo,1983,1983/1984,Buenos Aires,06,Rojas,06686,500,500,2000,4000
sorgo,1983,1983/1984,Buenos Aires,06,Roque Pérez,06693,1500,1500,4800,3200
sorgo,1983,1983/1984,Buenos Aires,06,Saavedra,06700,2500,2500,4500,1800
sorgo,1983,1983/1984,Buenos Aires,06,Saladillo,06707,1500,1500,5400,3600
sorgo,1983,1983/1984,Buenos Aires,06,Salliqueló,06721,5000,4500,18000,4000
sorgo,1983,1983/1984,Buenos Aires,06,Salto,06714,500,500,2500,5000
sorgo,1983,1983/1984,Buenos Aires,06,San Andrés de Giles,06728,800,800,3200,4000
sorgo,1983,1983/1984,Buenos Aires,06,San Antonio de Areco,06735,1500,1500,6000,4000
sorgo,1983,1983/1984,Buenos Aires,06,San Nicolás,06763,500,500,1750,3500
sorgo,1983,1983/1984,Buenos Aires,06,San Pedro,06770,2000,2000,7000,3500
sorgo,1983,1983/1984,Buenos Aires,06,San Vicente,06778,120,120,480,4000
sorgo,1983,1983/1984,Buenos Aires,06,Suipacha,06784,600,600,2100,3500
sorgo,1983,1983/1984,Buenos Aires,06,Tapalqué,06798,600,600,1800,3000
sorgo,1983,1983/1984,Buenos Aires,06,Tornquist,06819,3600,3600,5400,1500
sorgo,1983,1983/1984,Buenos Aires,06,Trenque Lauquen,06826,26000,25500,92530,3629
sorgo,1983,1983/1984,Buenos Aires,06,Tres Arroyos,06833,4000,3800,9500,2500
sorgo,1983,1983/1984,Buenos Aires,06,Villarino,06875,1700,300,570,1900
sorgo,1983,1983/1984,Buenos Aires,06,Zárate,06882,800,800,3200,4000
sorgo,1983,1983/1984,Catamarca,10,El Alto,10056,700,700,2000,2857
sorgo,1983,1983/1984,Catamarca,10,La Paz,10070,4000,4000,11200,2800
sorgo,1983,1983/1984,Catamarca,10,Santa Rosa,10098,2100,2100,5800,2762
sorgo,1983,1983/1984,Chaco,22,1° de Mayo,22126,220,220,421,1914
sorgo,1983,1983/1984,Chaco,22,12 de Octubre,22036,48750,38000,115600,3042
sorgo,1983,1983/1984,Chaco,22,25 de Mayo,22168,3250,3050,6950,2279
sorgo,1983,1983/1984,Chaco,22,9 de Julio,22105,11050,9000,19300,2144
sorgo,1983,1983/1984,Chaco,22,Almirante Brown,22007,5530,5030,9840,1956
sorgo,1983,1983/1984,Chaco,22,Bermejo,22014,2050,1950,3869,1984
sorgo,1983,1983/1984,Chaco,22,Chacabuco,22028,19500,16000,40600,2538
sorgo,1983,1983/1984,Chaco,22,Comandante Fernández,22021,11050,9000,18450,2050
sorgo,1983,1983/1984,Chaco,22,Fray Justo Santa María de Oro,22043,16250,13000,36000,2769
sorgo,1983,1983/1984,Chaco,22,General Belgrano,22049,11700,10000,25000,2500
sorgo,1983,1983/1984,Chaco,22,General Donovan,22056,1500,1500,3990,2660
sorgo,1983,1983/1984,Chaco,22,General Güemes,22063,7800,6600,18700,2833
sorgo,1983,1983/1984,Chaco,22,Independencia,22070,10400,6600,20000,3030
sorgo,1983,1983/1984,Chaco,22,Libertad,22077,400,400,850,2125
sorgo,1983,1983/1984,Chaco,22,Libertador General San Martín,22084,16250,10000,29300,2930
sorgo,1983,1983/1984,Chaco,22,Maipú,22091,9750,9350,20700,2214
sorgo,1983,1983/1984,Chaco,22,Mayor Luis J. Fontana,22098,13000,10000,25000,2500
sorgo,1983,1983/1984,Chaco,22,O'Higgins,22112,4200,4000,9760,2440
sorgo,1983,1983/1984,Chaco,22,Presidencia de la Plaza,22119,1300,1200,3360,2800
sorgo,1983,1983/1984,Chaco,22,Quitilipi,22133,7150,6800,15400,2265
sorgo,1983,1983/1984,Chaco,22,San Fernando,22140,3250,3000,6300,2100
sorgo,1983,1983/1984,Chaco,22,San Lorenzo,22147,3250,3000,5100,1700
sorgo,1983,1983/1984,Chaco,22,Sargento Cabral,22154,2150,2050,4980,2429
sorgo,1983,1983/1984,Chaco,22,Tapenagá,22161,250,250,530,2120
sorgo,1983,1983/1984,Córdoba,14,Calamuchita,14007,3500,3500,9800,2800
sorgo,1983,1983/1984,Córdoba,14,Colón,14021,1500,1500,5250,3500
sorgo,1983,1983/1984,Córdoba,14,Cruz del Eje,14028,500,500,1300,2600
sorgo,1983,1983/1984,Córdoba,14,General Roca,14035,74000,72000,216000,3000
sorgo,1983,1983/1984,Córdoba,14,General San Martín,14042,28000,27400,71240,2600
sorgo,1983,1983/1984,Córdoba,14,Ischilín,14049,2000,2000,5200,2600
sorgo,1983,1983/1984,Córdoba,14,Juárez Celman,14056,45000,43500,165300,3800
sorgo,1983,1983/1984,Córdoba,14,Marcos Juárez,14063,20000,18500,50000,2703
sorgo,1983,1983/1984,Córdoba,14,Minas,14070,100,0,0,0
sorgo,1983,1983/1984,Córdoba,14,Presidente Roque Sáenz Peña,14084,72300,70300,253000,3599
sorgo,1983,1983/1984,Córdoba,14,Río Cuarto,14098,95000,94100,340780,3621
sorgo,1983,1983/1984,Córdoba,14,Río Primero,14105,18000,16500,56100,3400
sorgo,1983,1983/1984,Córdoba,14,Río Segundo,14119,60000,59000,220000,3729
sorgo,1983,1983/1984,Córdoba,14,San Justo,14140,160000,140000,392000,2800
sorgo,1983,1983/1984,Córdoba,14,Santa María,14147,5000,5000,14500,2900
sorgo,1983,1983/1984,Córdoba,14,Sobremonte,14154,200,200,500,2500
sorgo,1983,1983/1984,Córdoba,14,Tercero Arriba,14161,48000,48000,168000,3500
sorgo,1983,1983/1984,Córdoba,14,Totoral,14168,1200,1200,4080,3400
sorgo,1983,1983/1984,Córdoba,14,Tulumba,14175,2000,2000,6800,3400
sorgo,1983,1983/1984,Córdoba,14,Unión,14182,47000,44500,120150,2700
sorgo,1983,1983/1984,Corrientes,18,Bella Vista,18007,400,400,1100,2750
sorgo,1983,1983/1984,Corrientes,18,Concepción,18028,600,600,1656,2760
sorgo,1983,1983/1984,Corrientes,18,Curuzu Cuatia,18035,300,300,816,2720
sorgo,1983,1983/1984,Corrientes,18,Empedrado,18042,800,800,2240,2800
sorgo,1983,1983/1984,Corrientes,18,Esquina,18049,280,280,756,2700
sorgo,1983,1983/1984,Corrientes,18,General Alvear,18056,400,400,1120,2800
sorgo,1983,1983/1984,Corrientes,18,Goya,18070,80,80,216,2700
sorgo,1983,1983/1984,Corrientes,18,Ituzaingó,18084,500,500,1400,2800
sorgo,1983,1983/1984,Corrientes,18,Lavalle,18091,20,20,54,2700
sorgo,1983,1983/1984,Corrientes,18,Mburucuyá,18098,500,500,1390,2780
sorgo,1983,1983/1984,Corrientes,18,Mercedes,18105,260,260,720,2769
sorgo,1983,1983/1984,Corrientes,18,Monte Caseros,18112,400,400,1120,2800
sorgo,1983,1983/1984,Corrientes,18,Paso de los Libres,18119,400,400,1100,2750
sorgo,1983,1983/1984,Corrientes,18,Saladas,18126,1600,800,2240,2800
sorgo,1983,1983/1984,Corrientes,18,San Cosme,18133,60,60,167,2783
sorgo,1983,1983/1984,Corrientes,18,San Martín,18147,500,500,1400,2800
sorgo,1983,1983/1984,Corrientes,18,San Miguel,18154,150,150,415,2767
sorgo,1983,1983/1984,Corrientes,18,San Roque,18161,600,600,1680,2800
sorgo,1983,1983/1984,Corrientes,18,Sauce,18175,150,150,410,2733
sorgo,1983,1983/1984,Entre Ríos,30,Colón,30008,11000,11000,25300,2300
sorgo,1983,1983/1984,Entre Ríos,30,Concordia,30015,6500,6500,14300,2200
sorgo,1983,1983/1984,Entre Ríos,30,Diamante,30021,19000,19000,46450,2445
sorgo,1983,1983/1984,Entre Ríos,30,Federación,30028,1500,1500,3300,2200
sorgo,1983,1983/1984,Entre Ríos,30,Federal,30035,4000,4000,8000,2000
sorgo,1983,1983/1984,Entre Ríos,30,Feliciano,30042,500,500,1000,2000
sorgo,1983,1983/1984,Entre Ríos,30,Gualeguay,30049,21000,21000,48300,2300
sorgo,1983,1983/1984,Entre Ríos,30,Gualeguaychú,30056,26000,26000,62400,2400
sorgo,1983,1983/1984,Entre Ríos,30,La Paz,30070,15000,15000,33000,2200
sorgo,1983,1983/1984,Entre Ríos,30,Nogoyá,30077,16500,16500,36300,2200
sorgo,1983,1983/1984,Entre Ríos,30,Paraná,30084,23000,23000,52900,2300
sorgo,1983,1983/1984,Entre Ríos,30,Tala,30091,15500,15500,35650,2300
sorgo,1983,1983/1984,Entre Ríos,30,Uruguay,30098,19000,19000,41800,2200
sorgo,1983,1983/1984,Entre Ríos,30,Victoria,30105,28000,28000,67500,2411
sorgo,1983,1983/1984,Entre Ríos,30,Villaguay,30113,19000,19000,41800,2200
sorgo,1983,1983/1984,Formosa,34,Formosa,34014,1500,1500,3150,2100
sorgo,1983,1983/1984,Formosa,34,Laishí,34021,3500,3500,8050,2300
sorgo,1983,1983/1984,Formosa,34,Patiño,34035,6000,4000,9200,2300
sorgo,1983,1983/1984,Formosa,34,Pilagás,34042,4000,3000,7500,2500
sorgo,1983,1983/1984,Formosa,34,Pilcomayo,34049,3500,2500,6000,2400
sorgo,1983,1983/1984,Formosa,34,Pirané,34056,22000,19000,47100,2479
sorgo,1983,1983/1984,Jujuy,38,El Carmen,38014,320,320,900,2813
sorgo,1983,1983/1984,Jujuy,38,Ledesma,38035,50,50,135,2700
sorgo,1983,1983/1984,Jujuy,38,San Antonio,38056,50,50,135,2700
sorgo,1983,1983/1984,Jujuy,38,San Pedro,38063,280,280,795,2839
sorgo,1983,1983/1984,Jujuy,38,Santa Bárbara,38070,150,150,400,2667
sorgo,1983,1983/1984,La Pampa,42,Atreucó,42007,8000,7500,17250,2300
sorgo,1983,1983/1984,La Pampa,42,Capital,42021,13000,12350,30875,2500
sorgo,1983,1983/1984,La Pampa,42,Catriló,42028,19000,18050,48735,2700
sorgo,1983,1983/1984,La Pampa,42,Chapaleufú,42056,24000,21120,55400,2623
sorgo,1983,1983/1984,La Pampa,42,Conhelo,42035,35000,29750,83300,2800
sorgo,1983,1983/1984,La Pampa,42,Guatraché,42070,3000,2800,6160,2200
sorgo,1983,1983/1984,La Pampa,42,Hucal,42077,200,150,270,1800
sorgo,1983,1983/1984,La Pampa,42,Loventué,42098,1200,1000,2700,2700
sorgo,1983,1983/1984,La Pampa,42,Maracó,42105,21000,19530,50296,2575
sorgo,1983,1983/1984,La Pampa,42,Quemú Quemú,42119,22000,19800,51160,2584
sorgo,1983,1983/1984,La Pampa,42,Rancul,42126,38000,34200,95760,2800
sorgo,1983,1983/1984,La Pampa,42,Realicó,42133,37600,33760,92324,2735
sorgo,1983,1983/1984,La Pampa,42,Toay,42140,4500,4200,9240,2200
sorgo,1983,1983/1984,La Pampa,42,Trenel,42147,23000,21390,51970,2430
sorgo,1983,1983/1984,La Pampa,42,Utracán,42154,4500,4200,7560,1800
sorgo,1983,1983/1984,Mendoza,50,General Alvear,50014,50,50,100,2000
sorgo,1983,1983/1984,Mendoza,50,San Rafael,50105,50,50,100,2000
sorgo,1983,1983/1984,Misiones,54,Apóstoles,54007,242,242,290,1198
sorgo,1983,1983/1984,Misiones,54,Candelaria,54021,70,0,0,0
sorgo,1983,1983/1984,Misiones,54,Capital,54028,365,365,438,1200
sorgo,1983,1983/1984,Misiones,54,Concepción,54035,181,181,232,1282
sorgo,1983,1983/1984,Misiones,54,Eldorado,54042,72,72,94,1306
sorgo,1983,1983/1984,Misiones,54,Montecarlo,54084,40,40,46,1150
sorgo,1983,1983/1984,Río Negro,62,Adolfo Alsina,62007,250,240,468,1950
sorgo,1983,1983/1984,Río Negro,62,Avellaneda,62014,124,114,166,1456
sorgo,1983,1983/1984,Río Negro,62,Pichi Mahuida,62063,156,146,266,1822
sorgo,1983,1983/1984,Salta,66,Anta,66007,13000,12450,34900,2803
sorgo,1983,1983/1984,Salta,66,Capital,66028,500,500,1250,2500
sorgo,1983,1983/1984,Salta,66,Cerrillos,66035,300,300,900,3000
sorgo,1983,1983/1984,Salta,66,Chicoana,66042,100,100,250,2500
sorgo,1983,1983/1984,Salta,66,General Güemes,66049,400,350,1050,3000
sorgo,1983,1983/1984,Salta,66,General José de San Martín,66056,5000,5000,15000,3000
sorgo,1983,1983/1984,Salta,66,La Candelaria,66084,100,100,300,3000
sorgo,1983,1983/1984,Salta,66,La Viña,66098,100,100,250,2500
sorgo,1983,1983/1984,Salta,66,Metán,66112,4000,3700,11100,3000
sorgo,1983,1983/1984,Salta,66,Orán,66126,3000,3000,9000,3000
sorgo,1983,1983/1984,Salta,66,Rosario de la Frontera,66140,2500,2500,7500,3000
sorgo,1983,1983/1984,Salta,66,Rosario de Lerma,66147,200,200,500,2500
sorgo,1983,1983/1984,San Luis,74,Chacabuco,74028,10570,6500,16250,2500
sorgo,1983,1983/1984,San Luis,74,Coronel Pringles,74021,7020,4300,10750,2500
sorgo,1983,1983/1984,San Luis,74,General Pedernera,74035,31000,19200,46600,2427
sorgo,1983,1983/1984,San Luis,74,Gobernador Dupuy,74042,28000,13700,27400,2000
sorgo,1983,1983/1984,San Luis,74,Juan Martín de Pueyrredón,74056,3510,1100,2500,2273
sorgo,1983,1983/1984,San Luis,74,Junín,74049,5270,3450,8000,2319
sorgo,1983,1983/1984,San Luis,74,Libertador General San Martín,74063,2630,1750,3500,2000
sorgo,1983,1983/1984,Santa Fe,82,9 de Julio,82077,65000,53960,106000,1964
sorgo,1983,1983/1984,Santa Fe,82,Belgrano,82007,4500,4500,15750,3500
sorgo,1983,1983/1984,Santa Fe,82,Caseros,82014,500,500,1750,3500
sorgo,1983,1983/1984,Santa Fe,82,Castellanos,82021,90000,87400,217600,2490
sorgo,1983,1983/1984,Santa Fe,82,Garay,82035,2500,2420,5800,2397
sorgo,1983,1983/1984,Santa Fe,82,General López,82042,20000,20000,58000,2900
sorgo,1983,1983/1984,Santa Fe,82,General Obligado,82049,10000,9800,22600,2306
sorgo,1983,1983/1984,Santa Fe,82,Iriondo,82056,1500,1500,5000,3333
sorgo,1983,1983/1984,Santa Fe,82,La Capital,82063,7500,7220,15900,2202
sorgo,1983,1983/1984,Santa Fe,82,Las Colonias,82070,50000,48400,115000,2376
sorgo,1983,1983/1984,Santa Fe,82,Rosario,82084,500,500,1500,3000
sorgo,1983,1983/1984,Santa Fe,82,San Cristóbal,82091,85000,76200,170000,2231
sorgo,1983,1983/1984,Santa Fe,82,San Javier,82098,7000,6800,18200,2676
sorgo,1983,1983/1984,Santa Fe,82,San Jerónimo,82105,12000,12000,42000,3500
sorgo,1983,1983/1984,Santa Fe,82,San Justo,82112,33000,32400,76700,2367
sorgo,1983,1983/1984,Santa Fe,82,San Lorenzo,82119,800,800,2000,2500
sorgo,1983,1983/1984,Santa Fe,82,San Martín,82126,37000,36200,100000,2762
sorgo,1983,1983/1984,Santa Fe,82,Vera,82133,11000,10800,24200,2241
sorgo,1983,1983/1984,Santa Fe,82,Villa Constitución,82028,600,600,2000,3333
sorgo,1983,1983/1984,Santiago del Estero,86,Aguirre,86007,506,506,1113,2200
sorgo,1983,1983/1984,Santiago del Estero,86,Alberdi,86014,8000,8000,17600,2200
sorgo,1983,1983/1984,Santiago del Estero,86,Avellaneda,86028,402,402,804,2000
sorgo,1983,1983/1984,Santiago del Estero,86,Banda,86035,3000,3000,6600,2200
sorgo,1983,1983/1984,Santiago del Estero,86,Belgrano,86042,20000,20000,54000,2700
sorgo,1983,1983/1984,Santiago del Estero,86,Choya,86063,1213,1213,2669,2200
sorgo,1983,1983/1984,Santiago del Estero,86,Copo,86056,920,920,2024,2200
sorgo,1983,1983/1984,Santiago del Estero,86,Figueroa,86070,126,126,277,2198
sorgo,1983,1983/1984,Santiago del Estero,86,General Taboada,86077,29170,29170,78761,2700
sorgo,1983,1983/1984,Santiago del Estero,86,Guasayán,86084,1380,1380,3036,2200
sorgo,1983,1983/1984,Santiago del Estero,86,Jiménez,86091,10102,10102,27318,2704
sorgo,1983,1983/1984,Santiago del Estero,86,Juan F. Ibarra,86098,30000,30000,66000,2200
sorgo,1983,1983/1984,Santiago del Estero,86,Moreno,86119,60000,60000,177473,2958
sorgo,1983,1983/1984,Santiago del Estero,86,Ojo de Agua,86126,52,52,104,2000
sorgo,1983,1983/1984,Santiago del Estero,86,Pellegrini,86133,3727,3727,8945,2400
sorgo,1983,1983/1984,Santiago del Estero,86,Quebrachos,86140,40,40,80,2000
sorgo,1983,1983/1984,Santiago del Estero,86,Río Hondo,86147,35,35,77,2200
sorgo,1983,1983/1984,Santiago del Estero,86,Rivadavia,86154,8827,8827,19419,2200
sorgo,1983,1983/1984,Tucumán,90,Burruyacú,90007,7100,7050,21200,3007
sorgo,1983,1983/1984,Tucumán,90,Cruz Alta,90014,2100,2080,6300,3029
sorgo,1983,1983/1984,Tucumán,90,Graneros,90035,4300,4270,12300,2881
sorgo,1983,1983/1984,Tucumán,90,Leales,90056,3100,3070,8600,2801
sorgo,1983,1983/1984,Tucumán,90,Río Chico,90077,300,280,800,2857
sorgo,1983,1983/1984,Tucumán,90,Trancas,90112,600,550,1800,3273
sorgo,1984,1984/1985,Buenos Aires,06,25 de Mayo,06854,3000,2600,9620,3700
sorgo,1984,1984/1985,Buenos Aires,06,9 de Julio,06588,2900,2900,12000,4138
sorgo,1984,1984/1985,Buenos Aires,06,Adolfo Alsina,06007,13000,12000,39600,3300
sorgo,1984,1984/1985,Buenos Aires,06,Adolfo Gonzales Chaves,06014,2600,2200,6860,3118
sorgo,1984,1984/1985,Buenos Aires,06,Alberti,06021,900,900,3690,4100
sorgo,1984,1984/1985,Buenos Aires,06,Arrecifes,06077,500,500,2050,4100
sorgo,1984,1984/1985,Buenos Aires,06,Ayacucho,06042,2000,2000,6200,3100
sorgo,1984,1984/1985,Buenos Aires,06,Azul,06049,900,900,2660,2956
sorgo,1984,1984/1985,Buenos Aires,06,Bahía Blanca,06056,1000,900,2700,3000
sorgo,1984,1984/1985,Buenos Aires,06,Balcarce,06063,2000,2000,6500,3250
sorgo,1984,1984/1985,Buenos Aires,06,Baradero,06070,900,900,4000,4444
sorgo,1984,1984/1985,Buenos Aires,06,Benito Juárez,06084,500,500,1500,3000
sorgo,1984,1984/1985,Buenos Aires,06,Berazategui,06091,180,180,540,3000
sorgo,1984,1984/1985,Buenos Aires,06,Berisso,06098,60,60,180,3000
sorgo,1984,1984/1985,Buenos Aires,06,Bolívar,06105,3700,3700,15540,4200
sorgo,1984,1984/1985,Buenos Aires,06,Bragado,06112,970,970,4124,4252
sorgo,1984,1984/1985,Buenos Aires,06,Brandsen,06119,1500,1500,4650,3100
sorgo,1984,1984/1985,Buenos Aires,06,Campana,06126,700,700,2100,3000
sorgo,1984,1984/1985,Buenos Aires,06,Cañuelas,06134,2000,2000,7000,3500
sorgo,1984,1984/1985,Buenos Aires,06,Capitán Sarmiento,06140,500,500,2000,4000
sorgo,1984,1984/1985,Buenos Aires,06,Carlos Casares,06147,7300,7300,22480,3079
sorgo,1984,1984/1985,Buenos Aires,06,Carlos Tejedor,06154,13600,13100,44550,3401
sorgo,1984,1984/1985,Buenos Aires,06,Carmen de Areco,06161,1000,1000,4000,4000
sorgo,1984,1984/1985,Buenos Aires,06,Castelli,06168,2000,2000,6300,3150
sorgo,1984,1984/1985,Buenos Aires,06,Chacabuco,06210,500,500,2500,5000
sorgo,1984,1984/1985,Buenos Aires,06,Chascomús,06217,2200,2200,7040,3200
sorgo,1984,1984/1985,Buenos Aires,06,Chivilcoy,06224,900,900,3800,4222
sorgo,1984,1984/1985,Buenos Aires,06,Colón,06175,50,50,211,4220
sorgo,1984,1984/1985,Buenos Aires,06,Coronel de Marina Leonardo Rosales,06182,900,900,3000,3333
sorgo,1984,1984/1985,Buenos Aires,06,Coronel Dorrego,06189,6000,3900,13300,3410
sorgo,1984,1984/1985,Buenos Aires,06,Coronel Pringles,06196,4000,3000,9600,3200
sorgo,1984,1984/1985,Buenos Aires,06,Coronel Suárez,06203,1400,900,2800,3111
sorgo,1984,1984/1985,Buenos Aires,06,Daireaux,06231,2300,2200,9100,4136
sorgo,1984,1984/1985,Buenos Aires,06,Dolores,06238,30,30,10,333
sorgo,1984,1984/1985,Buenos Aires,06,Escobar,06252,200,200,600,3000
sorgo,1984,1984/1985,Buenos Aires,06,Esteban Echeverría,06260,50,50,151,3020
sorgo,1984,1984/1985,Buenos Aires,06,Exaltación de la Cruz,06266,3300,3300,9900,3000
sorgo,1984,1984/1985,Buenos Aires,06,General Alvarado,06280,500,500,1600,3200
sorgo,1984,1984/1985,Buenos Aires,06,General Alvear,06287,1800,1800,7740,4300
sorgo,1984,1984/1985,Buenos Aires,06,General Arenales,06294,50,50,230,4600
sorgo,1984,1984/1985,Buenos Aires,06,General Belgrano,06301,3600,3600,11160,3100
sorgo,1984,1984/1985,Buenos Aires,06,General La Madrid,06322,350,350,1100,3143
sorgo,1984,1984/1985,Buenos Aires,06,General Las Heras,06329,400,400,1200,3000
sorgo,1984,1984/1985,Buenos Aires,06,General Lavalle,06336,350,350,1050,3000
sorgo,1984,1984/1985,Buenos Aires,06,General Paz,06343,1160,1160,3480,3000
sorgo,1984,1984/1985,Buenos Aires,06,General Pinto,06351,17000,15500,56100,3619
sorgo,1984,1984/1985,Buenos Aires,06,General Pueyrredón,06357,900,900,3000,3333
sorgo,1984,1984/1985,Buenos Aires,06,General Rodríguez,06364,800,800,2480,3100
sorgo,1984,1984/1985,Buenos Aires,06,General Viamonte,06385,970,970,4078,4204
sorgo,1984,1984/1985,Buenos Aires,06,General Villegas,06392,43500,42200,158600,3758
sorgo,1984,1984/1985,Buenos Aires,06,Guaminí,06399,6700,5600,17000,3036
sorgo,1984,1984/1985,Buenos Aires,06,Hipólito Yrigoyen,06406,2000,1800,6660,3700
sorgo,1984,1984/1985,Buenos Aires,06,Junín,06413,500,500,2050,4100
sorgo,1984,1984/1985,Buenos Aires,06,La Plata,06441,600,600,1860,3100
sorgo,1984,1984/1985,Buenos Aires,06,Laprida,06448,200,200,600,3000
sorgo,1984,1984/1985,Buenos Aires,06,Las Flores,06455,900,900,2700,3000
sorgo,1984,1984/1985,Buenos Aires,06,Leandro N. Alem,06462,1500,900,2790,3100
sorgo,1984,1984/1985,Buenos Aires,06,Lincoln,06469,20400,19000,66500,3500
sorgo,1984,1984/1985,Buenos Aires,06,Lobería,06476,2800,2800,9000,3214
sorgo,1984,1984/1985,Buenos Aires,06,Lobos,06483,3500,2500,8000,3200
sorgo,1984,1984/1985,Buenos Aires,06,Luján,06497,500,500,1500,3000
sorgo,1984,1984/1985,Buenos Aires,06,Magdalena,06505,1600,1600,4960,3100
sorgo,1984,1984/1985,Buenos Aires,06,Marcos Paz,06525,300,300,930,3100
sorgo,1984,1984/1985,Buenos Aires,06,Mercedes,06532,1700,1700,5400,3176
sorgo,1984,1984/1985,Buenos Aires,06,Monte,06547,1000,700,2170,3100
sorgo,1984,1984/1985,Buenos Aires,06,Navarro,06574,2300,2300,7500,3261
sorgo,1984,1984/1985,Buenos Aires,06,Olavarría,06595,1400,1400,4340,3100
sorgo,1984,1984/1985,Buenos Aires,06,Patagones,06602,500,500,1600,3200
sorgo,1984,1984/1985,Buenos Aires,06,Pehuajó,06609,21000,20000,73400,3670
sorgo,1984,1984/1985,Buenos Aires,06,Pellegrini,06616,7000,5700,19950,3500
sorgo,1984,1984/1985,Buenos Aires,06,Pergamino,06623,200,200,820,4100
sorgo,1984,1984/1985,Buenos Aires,06,Pila,06630,1000,1000,3100,3100
sorgo,1984,1984/1985,Buenos Aires,06,Pilar,06638,1500,1500,5250,3500
sorgo,1984,1984/1985,Buenos Aires,06,Puán,06651,4000,4000,12800,3200
sorgo,1984,1984/1985,Buenos Aires,06,Ramallo,06665,1000,1000,4000,4000
sorgo,1984,1984/1985,Buenos Aires,06,Rauch,06672,500,500,1550,3100
sorgo,1984,1984/1985,Buenos Aires,06,Rivadavia,06679,19400,18000,64470,3582
sorgo,1984,1984/1985,Buenos Aires,06,Rojas,06686,200,200,820,4100
sorgo,1984,1984/1985,Buenos Aires,06,Roque Pérez,06693,2000,2000,7400,3700
sorgo,1984,1984/1985,Buenos Aires,06,Saavedra,06700,3900,3900,12480,3200
sorgo,1984,1984/1985,Buenos Aires,06,Saladillo,06707,1800,1800,6480,3600
sorgo,1984,1984/1985,Buenos Aires,06,Salliqueló,06721,3000,2900,9570,3300
sorgo,1984,1984/1985,Buenos Aires,06,Salto,06714,100,100,410,4100
sorgo,1984,1984/1985,Buenos Aires,06,San Andrés de Giles,06728,900,900,3150,3500
sorgo,1984,1984/1985,Buenos Aires,06,San Antonio de Areco,06735,800,800,3280,4100
sorgo,1984,1984/1985,Buenos Aires,06,San Nicolás,06763,500,500,1920,3840
sorgo,1984,1984/1985,Buenos Aires,06,San Pedro,06770,1500,1500,6000,4000
sorgo,1984,1984/1985,Buenos Aires,06,San Vicente,06778,120,120,360,3000
sorgo,1984,1984/1985,Buenos Aires,06,Suipacha,06784,800,800,3200,4000
sorgo,1984,1984/1985,Buenos Aires,06,Tapalqué,06798,360,360,1296,3600
sorgo,1984,1984/1985,Buenos Aires,06,Tornquist,06819,2800,1800,1600,889
sorgo,1984,1984/1985,Buenos Aires,06,Trenque Lauquen,06826,18000,16600,59760,3600
sorgo,1984,1984/1985,Buenos Aires,06,Tres Arroyos,06833,500,500,1600,3200
sorgo,1984,1984/1985,Buenos Aires,06,Villarino,06875,1300,1000,3100,3100
sorgo,1984,1984/1985,Buenos Aires,06,Zárate,06882,500,500,2000,4000
sorgo,1984,1984/1985,Catamarca,10,El Alto,10056,1800,1800,3600,2000
sorgo,1984,1984/1985,Catamarca,10,La Paz,10070,10000,10000,20000,2000
sorgo,1984,1984/1985,Catamarca,10,Santa Rosa,10098,5200,5200,10400,2000
sorgo,1984,1984/1985,Chaco,22,12 de Octubre,22036,25000,25000,68000,2720
sorgo,1984,1984/1985,Chaco,22,25 de Mayo,22168,2500,2500,6000,2400
sorgo,1984,1984/1985,Chaco,22,9 de Julio,22105,7000,7000,17680,2526
sorgo,1984,1984/1985,Chaco,22,Almirante Brown,22007,4000,4000,9000,2250
sorgo,1984,1984/1985,Chaco,22,Bermejo,22014,100,100,280,2800
sorgo,1984,1984/1985,Chaco,22,Chacabuco,22028,15000,15000,39000,2600
sorgo,1984,1984/1985,Chaco,22,Comandante Fernández,22021,10000,9700,24000,2474
sorgo,1984,1984/1985,Chaco,22,Fray Justo Santa María de Oro,22043,10000,9900,24500,2475
sorgo,1984,1984/1985,Chaco,22,General Belgrano,22049,6000,6000,16000,2667
sorgo,1984,1984/1985,Chaco,22,General Donovan,22056,300,300,780,2600
sorgo,1984,1984/1985,Chaco,22,General Güemes,22063,4000,4000,9000,2250
sorgo,1984,1984/1985,Chaco,22,Independencia,22070,6500,6500,17000,2615
sorgo,1984,1984/1985,Chaco,22,Libertador General San Martín,22084,16000,16000,48460,3029
sorgo,1984,1984/1985,Chaco,22,Maipú,22091,7000,7000,17500,2500
sorgo,1984,1984/1985,Chaco,22,Mayor Luis J. Fontana,22098,17000,16700,41500,2485
sorgo,1984,1984/1985,Chaco,22,O'Higgins,22112,3000,2800,6600,2357
sorgo,1984,1984/1985,Chaco,22,Presidencia de la Plaza,22119,1000,1000,2200,2200
sorgo,1984,1984/1985,Chaco,22,Quitilipi,22133,7000,7000,17000,2429
sorgo,1984,1984/1985,Chaco,22,San Fernando,22140,1500,1500,3800,2533
sorgo,1984,1984/1985,Chaco,22,San Lorenzo,22147,3500,3500,9000,2571
sorgo,1984,1984/1985,Chaco,22,Sargento Cabral,22154,1000,1000,2700,2700
sorgo,1984,1984/1985,Córdoba,14,Calamuchita,14007,4000,4000,13600,3400
sorgo,1984,1984/1985,Córdoba,14,Colón,14021,1000,1000,3900,3900
sorgo,1984,1984/1985,Córdoba,14,Cruz del Eje,14028,500,500,1600,3200
sorgo,1984,1984/1985,Córdoba,14,General Roca,14035,71000,71000,298200,4200
sorgo,1984,1984/1985,Córdoba,14,General San Martín,14042,28000,28000,120400,4300
sorgo,1984,1984/1985,Córdoba,14,Ischilín,14049,1500,1500,3750,2500
sorgo,1984,1984/1985,Córdoba,14,Juárez Celman,14056,32000,32000,119200,3725
sorgo,1984,1984/1985,Córdoba,14,Marcos Juárez,14063,18000,18000,82800,4600
sorgo,1984,1984/1985,Córdoba,14,Presidente Roque Sáenz Peña,14084,51000,51000,214200,4200
sorgo,1984,1984/1985,Córdoba,14,Río Cuarto,14098,72000,72000,309600,4300
sorgo,1984,1984/1985,Córdoba,14,Río Primero,14105,18000,18000,79200,4400
sorgo,1984,1984/1985,Córdoba,14,Río Segundo,14119,32000,32000,124800,3900
sorgo,1984,1984/1985,Córdoba,14,San Justo,14140,140500,140500,504000,3587
sorgo,1984,1984/1985,Córdoba,14,Santa María,14147,6000,6000,23400,3900
sorgo,1984,1984/1985,Córdoba,14,Tercero Arriba,14161,30500,30500,140300,4600
sorgo,1984,1984/1985,Córdoba,14,Totoral,14168,1000,1000,3900,3900
sorgo,1984,1984/1985,Córdoba,14,Tulumba,14175,500,500,1950,3900
sorgo,1984,1984/1985,Córdoba,14,Unión,14182,28000,28000,95200,3400
sorgo,1984,1984/1985,Corrientes,18,Bella Vista,18007,300,250,575,2300
sorgo,1984,1984/1985,Corrientes,18,Berón de Astrada,18014,70,70,126,1800
sorgo,1984,1984/1985,Corrientes,18,Capital,18021,30,30,51,1700
sorgo,1984,1984/1985,Corrientes,18,Concepción,18028,400,400,920,2300
sorgo,1984,1984/1985,Corrientes,18,Curuzu Cuatia,18035,200,180,324,1800
sorgo,1984,1984/1985,Corrientes,18,Empedrado,18042,90,90,198,2200
sorgo,1984,1984/1985,Corrientes,18,Esquina,18049,220,210,357,1700
sorgo,1984,1984/1985,Corrientes,18,General Alvear,18056,210,210,315,1500
sorgo,1984,1984/1985,Corrientes,18,General Paz,18063,120,120,240,2000
sorgo,1984,1984/1985,Corrientes,18,Goya,18070,150,150,315,2100
sorgo,1984,1984/1985,Corrientes,18,Itatí,18077,40,40,76,1900
sorgo,1984,1984/1985,Corrientes,18,Ituzaingó,18084,1500,1350,2565,1900
sorgo,1984,1984/1985,Corrientes,18,Lavalle,18091,50,50,100,2000
sorgo,1984,1984/1985,Corrientes,18,Mburucuyá,18098,80,80,144,1800
sorgo,1984,1984/1985,Corrientes,18,Mercedes,18105,120,120,216,1800
sorgo,1984,1984/1985,Corrientes,18,Monte Caseros,18112,160,150,255,1700
sorgo,1984,1984/1985,Corrientes,18,Paso de los Libres,18119,50,50,90,1800
sorgo,1984,1984/1985,Corrientes,18,Saladas,18126,400,350,716,2046
sorgo,1984,1984/1985,Corrientes,18,San Cosme,18133,40,40,399,9975
sorgo,1984,1984/1985,Corrientes,18,San Luis del Palmar,18140,80,70,140,2000
sorgo,1984,1984/1985,Corrientes,18,San Martín,18147,180,180,306,1700
sorgo,1984,1984/1985,Corrientes,18,San Miguel,18154,160,160,272,1700
sorgo,1984,1984/1985,Corrientes,18,San Roque,18161,120,120,246,2050
sorgo,1984,1984/1985,Corrientes,18,Santo Tomé,18168,5100,4800,8833,1840
sorgo,1984,1984/1985,Corrientes,18,Sauce,18175,130,130,221,1700
sorgo,1984,1984/1985,Entre Ríos,30,Colón,30008,9000,8400,21000,2500
sorgo,1984,1984/1985,Entre Ríos,30,Concordia,30015,4000,3500,7790,2226
sorgo,1984,1984/1985,Entre Ríos,30,Diamante,30021,16700,16000,44800,2800
sorgo,1984,1984/1985,Entre Ríos,30,Federación,30028,1000,900,2250,2500
sorgo,1984,1984/1985,Entre Ríos,30,Federal,30035,2500,2000,4000,2000
sorgo,1984,1984/1985,Entre Ríos,30,Feliciano,30042,500,300,600,2000
sorgo,1984,1984/1985,Entre Ríos,30,Gualeguay,30049,18600,17600,45760,2600
sorgo,1984,1984/1985,Entre Ríos,30,Gualeguaychú,30056,22400,21300,59640,2800
sorgo,1984,1984/1985,Entre Ríos,30,La Paz,30070,13800,12800,28160,2200
sorgo,1984,1984/1985,Entre Ríos,30,Nogoyá,30077,14600,14200,34080,2400
sorgo,1984,1984/1985,Entre Ríos,30,Paraná,30084,19500,18500,48100,2600
sorgo,1984,1984/1985,Entre Ríos,30,Tala,30091,9800,7800,19500,2500
sorgo,1984,1984/1985,Entre Ríos,30,Uruguay,30098,14700,12700,33020,2600
sorgo,1984,1984/1985,Entre Ríos,30,Victoria,30105,22300,22000,63800,2900
sorgo,1984,1984/1985,Entre Ríos,30,Villaguay,30113,17600,17000,42500,2500
sorgo,1984,1984/1985,Formosa,34,Formosa,34014,1000,1000,2500,2500
sorgo,1984,1984/1985,Formosa,34,Laishí,34021,3000,3000,7560,2520
sorgo,1984,1984/1985,Formosa,34,Patiño,34035,4000,4000,11100,2775
sorgo,1984,1984/1985,Formosa,34,Pilagás,34042,2500,2500,7500,3000
sorgo,1984,1984/1985,Formosa,34,Pilcomayo,34049,2500,2500,6900,2760
sorgo,1984,1984/1985,Formosa,34,Pirané,34056,15000,15000,42940,2863
sorgo,1984,1984/1985,Jujuy,38,El Carmen,38014,800,800,2400,3000
sorgo,1984,1984/1985,Jujuy,38,San Pedro,38063,1400,1400,4200,3000
sorgo,1984,1984/1985,Jujuy,38,Santa Bárbara,38070,100,100,300,3000
sorgo,1984,1984/1985,La Pampa,42,Atreucó,42007,12000,11230,26200,2333
sorgo,1984,1984/1985,La Pampa,42,Capital,42021,14000,12800,31000,2422
sorgo,1984,1984/1985,La Pampa,42,Catriló,42028,18400,17300,45000,2601
sorgo,1984,1984/1985,La Pampa,42,Chapaleufú,42056,19400,17200,52300,3041
sorgo,1984,1984/1985,La Pampa,42,Conhelo,42035,23500,19000,55000,2895
sorgo,1984,1984/1985,La Pampa,42,Guatraché,42070,6440,5890,12900,2190
sorgo,1984,1984/1985,La Pampa,42,Hucal,42077,2760,2420,5120,2116
sorgo,1984,1984/1985,La Pampa,42,Loventué,42098,900,570,1720,3018
sorgo,1984,1984/1985,La Pampa,42,Maracó,42105,17500,16400,50000,3049
sorgo,1984,1984/1985,La Pampa,42,Quemú Quemú,42119,18400,17300,52500,3035
sorgo,1984,1984/1985,La Pampa,42,Rancul,42126,32100,30450,85000,2791
sorgo,1984,1984/1985,La Pampa,42,Realicó,42133,25300,23650,69000,2918
sorgo,1984,1984/1985,La Pampa,42,Toay,42140,4600,3720,8620,2317
sorgo,1984,1984/1985,La Pampa,42,Trenel,42147,15700,14050,40500,2883
sorgo,1984,1984/1985,La Pampa,42,Utracán,42154,5500,4720,10140,2148
sorgo,1984,1984/1985,Mendoza,50,General Alvear,50014,50,50,90,1800
sorgo,1984,1984/1985,Mendoza,50,San Rafael,50105,50,50,90,1800
sorgo,1984,1984/1985,Misiones,54,Apóstoles,54007,60,0,0,0
sorgo,1984,1984/1985,Misiones,54,Candelaria,54021,16,0,0,0
sorgo,1984,1984/1985,Misiones,54,Capital,54028,78,0,0,0
sorgo,1984,1984/1985,Misiones,54,Concepción,54035,41,0,0,0
sorgo,1984,1984/1985,Misiones,54,Montecarlo,54084,15,0,0,0
sorgo,1984,1984/1985,Río Negro,62,Adolfo Alsina,62007,95,60,90,1500
sorgo,1984,1984/1985,Río Negro,62,Avellaneda,62014,15,5,7,1400
sorgo,1984,1984/1985,Río Negro,62,Pichi Mahuida,62063,30,15,23,1533
sorgo,1984,1984/1985,Salta,66,Anta,66007,10000,9530,26500,2781
sorgo,1984,1984/1985,Salta,66,Capital,66028,500,500,1200,2400
sorgo,1984,1984/1985,Salta,66,Cerrillos,66035,200,200,520,2600
sorgo,1984,1984/1985,Salta,66,Chicoana,66042,100,100,200,2000
sorgo,1984,1984/1985,Salta,66,General Güemes,66049,400,400,1120,2800
sorgo,1984,1984/1985,Salta,66,General José de San Martín,66056,3000,2850,7980,2800
sorgo,1984,1984/1985,Salta,66,La Candelaria,66084,100,100,250,2500
sorgo,1984,1984/1985,Salta,66,La Viña,66098,100,100,200,2000
sorgo,1984,1984/1985,Salta,66,Metán,66112,1000,950,2660,2800
sorgo,1984,1984/1985,Salta,66,Orán,66126,2000,1900,3800,2000
sorgo,1984,1984/1985,Salta,66,Rosario de la Frontera,66140,1000,950,2370,2495
sorgo,1984,1984/1985,Salta,66,Rosario de Lerma,66147,100,100,200,2000
sorgo,1984,1984/1985,San Luis,74,Chacabuco,74028,4230,3950,13035,3300
sorgo,1984,1984/1985,San Luis,74,Coronel Pringles,74021,2600,2410,7953,3300
sorgo,1984,1984/1985,San Luis,74,General Pedernera,74035,12000,11100,36390,3278
sorgo,1984,1984/1985,San Luis,74,Gobernador Dupuy,74042,11000,9920,27780,2800
sorgo,1984,1984/1985,San Luis,74,Juan Martín de Pueyrredón,74056,1410,1240,3494,2818
sorgo,1984,1984/1985,San Luis,74,Junín,74049,2110,1990,6368,3200
sorgo,1984,1984/1985,San Luis,74,Libertador General San Martín,74063,1050,990,2980,3010
sorgo,1984,1984/1985,Santa Fe,82,9 de Julio,82077,30000,30000,60000,2000
sorgo,1984,1984/1985,Santa Fe,82,Belgrano,82007,3000,3000,12000,4000
sorgo,1984,1984/1985,Santa Fe,82,Caseros,82014,400,400,1600,4000
sorgo,1984,1984/1985,Santa Fe,82,Castellanos,82021,86000,86000,226800,2637
sorgo,1984,1984/1985,Santa Fe,82,Garay,82035,2500,2500,6600,2640
sorgo,1984,1984/1985,Santa Fe,82,General López,82042,18000,18000,70200,3900
sorgo,1984,1984/1985,Santa Fe,82,General Obligado,82049,10000,10000,25000,2500
sorgo,1984,1984/1985,Santa Fe,82,Iriondo,82056,800,800,3700,4625
sorgo,1984,1984/1985,Santa Fe,82,La Capital,82063,7500,7500,20200,2693
sorgo,1984,1984/1985,Santa Fe,82,Las Colonias,82070,50000,50000,140000,2800
sorgo,1984,1984/1985,Santa Fe,82,Rosario,82084,500,500,1500,3000
sorgo,1984,1984/1985,Santa Fe,82,San Cristóbal,82091,80000,80000,210000,2625
sorgo,1984,1984/1985,Santa Fe,82,San Javier,82098,7000,7000,18900,2700
sorgo,1984,1984/1985,Santa Fe,82,San Jerónimo,82105,10000,10000,34400,3440
sorgo,1984,1984/1985,Santa Fe,82,San Justo,82112,33000,33000,99000,3000
sorgo,1984,1984/1985,Santa Fe,82,San Lorenzo,82119,800,800,3200,4000
sorgo,1984,1984/1985,Santa Fe,82,San Martín,82126,30000,30000,110900,3697
sorgo,1984,1984/1985,Santa Fe,82,Vera,82133,10000,10000,26000,2600
sorgo,1984,1984/1985,Santa Fe,82,Villa Constitución,82028,500,500,2000,4000
sorgo,1984,1984/1985,Santiago del Estero,86,Aguirre,86007,420,420,840,2000
sorgo,1984,1984/1985,Santiago del Estero,86,Alberdi,86014,6640,5900,11800,2000
sorgo,1984,1984/1985,Santiago del Estero,86,Avellaneda,86028,330,330,560,1697
sorgo,1984,1984/1985,Santiago del Estero,86,Banda,86035,2500,1810,3430,1895
sorgo,1984,1984/1985,Santiago del Estero,86,Belgrano,86042,16600,15500,37200,2400
sorgo,1984,1984/1985,Santiago del Estero,86,Choya,86063,1200,870,1650,1897
sorgo,1984,1984/1985,Santiago del Estero,86,Copo,86056,760,760,1440,1895
sorgo,1984,1984/1985,Santiago del Estero,86,General Taboada,86077,24170,16300,39100,2399
sorgo,1984,1984/1985,Santiago del Estero,86,Guasayán,86084,1150,1000,1900,1900
sorgo,1984,1984/1985,Santiago del Estero,86,Jiménez,86091,8380,7400,17740,2397
sorgo,1984,1984/1985,Santiago del Estero,86,Juan F. Ibarra,86098,24900,22900,43510,1900
sorgo,1984,1984/1985,Santiago del Estero,86,Mitre,86112,100,100,190,1900
sorgo,1984,1984/1985,Santiago del Estero,86,Moreno,86119,49800,48000,123700,2577
sorgo,1984,1984/1985,Santiago del Estero,86,Ojo de Agua,86126,50,50,80,1600
sorgo,1984,1984/1985,Santiago del Estero,86,Pellegrini,86133,3090,2100,4410,2100
sorgo,1984,1984/1985,Santiago del Estero,86,Quebrachos,86140,30,30,50,1667
sorgo,1984,1984/1985,Santiago del Estero,86,Río Hondo,86147,30,30,50,1667
sorgo,1984,1984/1985,Santiago del Estero,86,Rivadavia,86154,7350,6500,12350,1900
sorgo,1984,1984/1985,Tucumán,90,Burruyacú,90007,6000,5840,17100,2928
sorgo,1984,1984/1985,Tucumán,90,Cruz Alta,90014,2100,2060,6300,3058
sorgo,1984,1984/1985,Tucumán,90,Graneros,90035,4950,4860,15000,3086
sorgo,1984,1984/1985,Tucumán,90,Leales,90056,2200,2180,6300,2890
sorgo,1984,1984/1985,Tucumán,90,Trancas,90112,100,100,300,3000
sorgo,1985,1985/1986,Buenos Aires,06,25 de Mayo,06854,1500,1500,4040,2693
sorgo,1985,1985/1986,Buenos Aires,06,9 de Julio,06588,2800,2800,9600,3429
sorgo,1985,1985/1986,Buenos Aires,06,Adolfo Alsina,06007,9000,9000,25000,2778
sorgo,1985,1985/1986,Buenos Aires,06,Adolfo Gonzales Chaves,06014,2000,0,0,0
sorgo,1985,1985/1986,Buenos Aires,06,Alberti,06021,500,500,1760,3520
sorgo,1985,1985/1986,Buenos Aires,06,Arrecifes,06077,500,500,2000,4000
sorgo,1985,1985/1986,Buenos Aires,06,Ayacucho,06042,3000,300,1300,4333
sorgo,1985,1985/1986,Buenos Aires,06,Azul,06049,140,140,420,3000
sorgo,1985,1985/1986,Buenos Aires,06,Bahía Blanca,06056,4000,2820,5500,1950
sorgo,1985,1985/1986,Buenos Aires,06,Balcarce,06063,2000,1400,5700,4071
sorgo,1985,1985/1986,Buenos Aires,06,Baradero,06070,2000,2000,7040,3520
sorgo,1985,1985/1986,Buenos Aires,06,Berazategui,06091,150,150,450,3000
sorgo,1985,1985/1986,Buenos Aires,06,Berisso,06098,30,30,85,2833
sorgo,1985,1985/1986,Buenos Aires,06,Bolívar,06105,4000,3080,10100,3279
sorgo,1985,1985/1986,Buenos Aires,06,Bragado,06112,700,700,2300,3286
sorgo,1985,1985/1986,Buenos Aires,06,Brandsen,06119,1300,1250,3700,2960
sorgo,1985,1985/1986,Buenos Aires,06,Campana,06126,300,300,830,2767
sorgo,1985,1985/1986,Buenos Aires,06,Cañuelas,06134,200,200,550,2750
sorgo,1985,1985/1986,Buenos Aires,06,Capitán Sarmiento,06140,1000,1000,3500,3500
sorgo,1985,1985/1986,Buenos Aires,06,Carlos Casares,06147,4000,4000,11910,2978
sorgo,1985,1985/1986,Buenos Aires,06,Carlos Tejedor,06154,5900,5385,21800,4048
sorgo,1985,1985/1986,Buenos Aires,06,Carmen de Areco,06161,1000,1000,3900,3900
sorgo,1985,1985/1986,Buenos Aires,06,Castelli,06168,1400,950,2970,3126
sorgo,1985,1985/1986,Buenos Aires,06,Chascomús,06217,1800,1250,4000,3200
sorgo,1985,1985/1986,Buenos Aires,06,Chivilcoy,06224,500,500,1770,3540
sorgo,1985,1985/1986,Buenos Aires,06,Coronel de Marina Leonardo Rosales,06182,3000,2400,4000,1667
sorgo,1985,1985/1986,Buenos Aires,06,Coronel Dorrego,06189,15000,11135,23000,2066
sorgo,1985,1985/1986,Buenos Aires,06,Coronel Pringles,06196,4000,1400,3000,2143
sorgo,1985,1985/1986,Buenos Aires,06,Coronel Suárez,06203,2100,2100,5600,2667
sorgo,1985,1985/1986,Buenos Aires,06,Daireaux,06231,1500,1100,4500,4091
sorgo,1985,1985/1986,Buenos Aires,06,Dolores,06238,20,20,60,3000
sorgo,1985,1985/1986,Buenos Aires,06,Escobar,06252,200,80,230,2875
sorgo,1985,1985/1986,Buenos Aires,06,Esteban Echeverría,06260,30,30,90,3000
sorgo,1985,1985/1986,Buenos Aires,06,Exaltación de la Cruz,06266,1500,930,3290,3538
sorgo,1985,1985/1986,Buenos Aires,06,Florencio Varela,06274,300,220,535,2432
sorgo,1985,1985/1986,Buenos Aires,06,General Alvarado,06280,500,355,1600,4507
sorgo,1985,1985/1986,Buenos Aires,06,General Alvear,06287,2000,2000,4500,2250
sorgo,1985,1985/1986,Buenos Aires,06,General Belgrano,06301,800,650,1950,3000
sorgo,1985,1985/1986,Buenos Aires,06,General La Madrid,06322,50,50,150,3000
sorgo,1985,1985/1986,Buenos Aires,06,General Las Heras,06329,200,30,110,3667
sorgo,1985,1985/1986,Buenos Aires,06,General Lavalle,06336,200,180,520,2889
sorgo,1985,1985/1986,Buenos Aires,06,General Paz,06343,900,850,2600,3059
sorgo,1985,1985/1986,Buenos Aires,06,General Pinto,06351,14000,13550,60900,4494
sorgo,1985,1985/1986,Buenos Aires,06,General Pueyrredón,06357,1000,400,1700,4250
sorgo,1985,1985/1986,Buenos Aires,06,General Rodríguez,06364,200,80,200,2500
sorgo,1985,1985/1986,Buenos Aires,06,General Viamonte,06385,800,800,2760,3450
sorgo,1985,1985/1986,Buenos Aires,06,General Villegas,06392,29000,28050,130200,4642
sorgo,1985,1985/1986,Buenos Aires,06,Guaminí,06399,6000,6000,17000,2833
sorgo,1985,1985/1986,Buenos Aires,06,Hipólito Yrigoyen,06406,1100,900,3900,4333
sorgo,1985,1985/1986,Buenos Aires,06,La Plata,06441,500,480,1600,3333
sorgo,1985,1985/1986,Buenos Aires,06,Laprida,06448,10,10,30,3000
sorgo,1985,1985/1986,Buenos Aires,06,Leandro N. Alem,06462,200,200,1100,5500
sorgo,1985,1985/1986,Buenos Aires,06,Lincoln,06469,14000,13550,57800,4266
sorgo,1985,1985/1986,Buenos Aires,06,Lobería,06476,3000,2100,9000,4286
sorgo,1985,1985/1986,Buenos Aires,06,Lobos,06483,2000,2000,5500,2750
sorgo,1985,1985/1986,Buenos Aires,06,Luján,06497,300,300,1100,3667
sorgo,1985,1985/1986,Buenos Aires,06,Magdalena,06505,1400,1250,4100,3280
sorgo,1985,1985/1986,Buenos Aires,06,Marcos Paz,06525,600,480,1200,2500
sorgo,1985,1985/1986,Buenos Aires,06,Mercedes,06532,500,500,1200,2400
sorgo,1985,1985/1986,Buenos Aires,06,Monte,06547,700,630,1780,2825
sorgo,1985,1985/1986,Buenos Aires,06,Navarro,06574,1000,430,1900,4419
sorgo,1985,1985/1986,Buenos Aires,06,Necochea,06581,500,0,0,0
sorgo,1985,1985/1986,Buenos Aires,06,Patagones,06602,1000,750,1500,2000
sorgo,1985,1985/1986,Buenos Aires,06,Pehuajó,06609,15000,14450,64150,4439
sorgo,1985,1985/1986,Buenos Aires,06,Pellegrini,06616,5000,5000,14000,2800
sorgo,1985,1985/1986,Buenos Aires,06,Pilar,06638,800,800,2600,3250
sorgo,1985,1985/1986,Buenos Aires,06,Puán,06651,4000,4000,11400,2850
sorgo,1985,1985/1986,Buenos Aires,06,Ramallo,06665,800,800,2960,3700
sorgo,1985,1985/1986,Buenos Aires,06,Rivadavia,06679,14000,13500,56850,4211
sorgo,1985,1985/1986,Buenos Aires,06,Roque Pérez,06693,300,300,900,3000
sorgo,1985,1985/1986,Buenos Aires,06,Saavedra,06700,3500,3500,9900,2829
sorgo,1985,1985/1986,Buenos Aires,06,Saladillo,06707,200,200,560,2800
sorgo,1985,1985/1986,Buenos Aires,06,Salliqueló,06721,3000,3000,8400,2800
sorgo,1985,1985/1986,Buenos Aires,06,San Andrés de Giles,06728,500,155,460,2968
sorgo,1985,1985/1986,Buenos Aires,06,San Antonio de Areco,06735,1000,1000,3500,3500
sorgo,1985,1985/1986,Buenos Aires,06,San Nicolás,06763,500,500,1900,3800
sorgo,1985,1985/1986,Buenos Aires,06,San Pedro,06770,2500,2500,9000,3600
sorgo,1985,1985/1986,Buenos Aires,06,San Vicente,06778,70,50,160,3200
sorgo,1985,1985/1986,Buenos Aires,06,Suipacha,06784,300,300,830,2767
sorgo,1985,1985/1986,Buenos Aires,06,Tornquist,06819,4000,2900,5500,1897
sorgo,1985,1985/1986,Buenos Aires,06,Trenque Lauquen,06826,11000,10150,41900,4128
sorgo,1985,1985/1986,Buenos Aires,06,Tres Arroyos,06833,500,0,0,0
sorgo,1985,1985/1986,Buenos Aires,06,Villarino,06875,2000,1450,3000,2069
sorgo,1985,1985/1986,Buenos Aires,06,Zárate,06882,500,500,2000,4000
sorgo,1985,1985/1986,Catamarca,10,El Alto,10056,1600,1600,4300,2688
sorgo,1985,1985/1986,Catamarca,10,La Paz,10070,3400,3400,10000,2941
sorgo,1985,1985/1986,Catamarca,10,Santa Rosa,10098,15000,15000,40000,2667
sorgo,1985,1985/1986,Chaco,22,12 de Octubre,22036,14000,11000,20100,1827
sorgo,1985,1985/1986,Chaco,22,25 de Mayo,22168,1300,900,1200,1333
sorgo,1985,1985/1986,Chaco,22,9 de Julio,22105,4500,3300,4800,1455
sorgo,1985,1985/1986,Chaco,22,Almirante Brown,22007,7000,7000,16500,2357
sorgo,1985,1985/1986,Chaco,22,Bermejo,22014,100,85,120,1412
sorgo,1985,1985/1986,Chaco,22,Chacabuco,22028,5400,2900,5500,1897
sorgo,1985,1985/1986,Chaco,22,Comandante Fernández,22021,4000,3500,5400,1543
sorgo,1985,1985/1986,Chaco,22,Fray Justo Santa María de Oro,22043,4500,3300,5300,1606
sorgo,1985,1985/1986,Chaco,22,General Belgrano,22049,6000,5500,8400,1527
sorgo,1985,1985/1986,Chaco,22,General Donovan,22056,300,250,380,1520
sorgo,1985,1985/1986,Chaco,22,General Güemes,22063,4500,4100,6500,1585
sorgo,1985,1985/1986,Chaco,22,Independencia,22070,4500,4200,7800,1857
sorgo,1985,1985/1986,Chaco,22,Libertador General San Martín,22084,12000,11650,28900,2481
sorgo,1985,1985/1986,Chaco,22,Maipú,22091,6000,5600,8900,1589
sorgo,1985,1985/1986,Chaco,22,Mayor Luis J. Fontana,22098,9000,5500,9600,1745
sorgo,1985,1985/1986,Chaco,22,O'Higgins,22112,2000,1500,1700,1133
sorgo,1985,1985/1986,Chaco,22,Presidencia de la Plaza,22119,500,400,500,1250
sorgo,1985,1985/1986,Chaco,22,Quitilipi,22133,3500,2300,2800,1217
sorgo,1985,1985/1986,Chaco,22,San Fernando,22140,1300,1200,1400,1167
sorgo,1985,1985/1986,Chaco,22,San Lorenzo,22147,3000,2100,2400,1143
sorgo,1985,1985/1986,Chaco,22,Sargento Cabral,22154,1500,1300,1900,1462
sorgo,1985,1985/1986,Córdoba,14,Calamuchita,14007,1200,1200,3780,3150
sorgo,1985,1985/1986,Córdoba,14,Colón,14021,1700,1700,4200,2471
sorgo,1985,1985/1986,Córdoba,14,General Roca,14035,31900,31100,100000,3215
sorgo,1985,1985/1986,Córdoba,14,General San Martín,14042,17000,16600,60000,3614
sorgo,1985,1985/1986,Córdoba,14,Juárez Celman,14056,29000,29000,110000,3793
sorgo,1985,1985/1986,Córdoba,14,Marcos Juárez,14063,10000,10000,36000,3600
sorgo,1985,1985/1986,Córdoba,14,Presidente Roque Sáenz Peña,14084,25500,21750,63000,2897
sorgo,1985,1985/1986,Córdoba,14,Río Cuarto,14098,39000,37900,143640,3790
sorgo,1985,1985/1986,Córdoba,14,Río Primero,14105,4500,3900,11160,2862
sorgo,1985,1985/1986,Córdoba,14,Río Seco,14112,500,0,0,0
sorgo,1985,1985/1986,Córdoba,14,Río Segundo,14119,24200,23650,99000,4186
sorgo,1985,1985/1986,Córdoba,14,San Justo,14140,68500,66900,208975,3124
sorgo,1985,1985/1986,Córdoba,14,Santa María,14147,3350,3275,10800,3298
sorgo,1985,1985/1986,Córdoba,14,Tercero Arriba,14161,26200,25600,95400,3727
sorgo,1985,1985/1986,Córdoba,14,Totoral,14168,1250,525,1470,2800
sorgo,1985,1985/1986,Córdoba,14,Tulumba,14175,200,0,0,0
sorgo,1985,1985/1986,Córdoba,14,Unión,14182,21600,21000,71075,3385
sorgo,1985,1985/1986,Corrientes,18,Bella Vista,18007,1900,1100,700,636
sorgo,1985,1985/1986,Corrientes,18,Berón de Astrada,18014,270,220,170,773
sorgo,1985,1985/1986,Corrientes,18,Concepción,18028,200,170,130,765
sorgo,1985,1985/1986,Corrientes,18,Curuzu Cuatia,18035,1200,800,650,813
sorgo,1985,1985/1986,Corrientes,18,General Alvear,18056,100,90,70,778
sorgo,1985,1985/1986,Corrientes,18,General Paz,18063,200,170,340,2000
sorgo,1985,1985/1986,Corrientes,18,Goya,18070,730,450,350,778
sorgo,1985,1985/1986,Corrientes,18,Itatí,18077,200,200,160,800
sorgo,1985,1985/1986,Corrientes,18,Ituzaingó,18084,200,150,310,2067
sorgo,1985,1985/1986,Corrientes,18,Lavalle,18091,170,150,110,733
sorgo,1985,1985/1986,Corrientes,18,Mburucuyá,18098,150,80,160,2000
sorgo,1985,1985/1986,Corrientes,18,Saladas,18126,500,300,450,1500
sorgo,1985,1985/1986,Corrientes,18,San Luis del Palmar,18140,250,150,130,867
sorgo,1985,1985/1986,Corrientes,18,San Roque,18161,800,600,330,550
sorgo,1985,1985/1986,Corrientes,18,Santo Tomé,18168,2880,1900,1090,574
sorgo,1985,1985/1986,Entre Ríos,30,Colón,30008,7000,6500,18150,2792
sorgo,1985,1985/1986,Entre Ríos,30,Concordia,30015,3000,2700,7500,2778
sorgo,1985,1985/1986,Entre Ríos,30,Diamante,30021,15000,14100,43000,3050
sorgo,1985,1985/1986,Entre Ríos,30,Federación,30028,300,270,700,2593
sorgo,1985,1985/1986,Entre Ríos,30,Federal,30035,500,500,1350,2700
sorgo,1985,1985/1986,Entre Ríos,30,Gualeguay,30049,14000,13200,41400,3136
sorgo,1985,1985/1986,Entre Ríos,30,Gualeguaychú,30056,18000,17000,50200,2953
sorgo,1985,1985/1986,Entre Ríos,30,La Paz,30070,11000,5100,11000,2157
sorgo,1985,1985/1986,Entre Ríos,30,Nogoyá,30077,9000,8400,23400,2786
sorgo,1985,1985/1986,Entre Ríos,30,Paraná,30084,16000,15100,46000,3046
sorgo,1985,1985/1986,Entre Ríos,30,Tala,30091,5000,4600,13000,2826
sorgo,1985,1985/1986,Entre Ríos,30,Uruguay,30098,9000,8200,22800,2780
sorgo,1985,1985/1986,Entre Ríos,30,Victoria,30105,19000,18400,59500,3234
sorgo,1985,1985/1986,Entre Ríos,30,Villaguay,30113,14000,13100,35100,2679
sorgo,1985,1985/1986,Formosa,34,Formosa,34014,1000,1000,1800,1800
sorgo,1985,1985/1986,Formosa,34,Laishí,34021,2000,1500,2800,1867
sorgo,1985,1985/1986,Formosa,34,Patiño,34035,2500,1900,3300,1737
sorgo,1985,1985/1986,Formosa,34,Pilagás,34042,1500,1500,2900,1933
sorgo,1985,1985/1986,Formosa,34,Pilcomayo,34049,1000,500,800,1600
sorgo,1985,1985/1986,Formosa,34,Pirané,34056,6000,5000,7400,1480
sorgo,1985,1985/1986,Jujuy,38,El Carmen,38014,200,200,450,2250
sorgo,1985,1985/1986,Jujuy,38,San Pedro,38063,400,400,900,2250
sorgo,1985,1985/1986,Jujuy,38,Santa Bárbara,38070,50,50,125,2500
sorgo,1985,1985/1986,La Pampa,42,Atreucó,42007,15000,14420,40000,2774
sorgo,1985,1985/1986,La Pampa,42,Capital,42021,13000,12610,37800,2998
sorgo,1985,1985/1986,La Pampa,42,Catriló,42028,15000,14100,43000,3050
sorgo,1985,1985/1986,La Pampa,42,Chapaleufú,42056,10500,9595,34500,3596
sorgo,1985,1985/1986,La Pampa,42,Conhelo,42035,18000,16600,56000,3373
sorgo,1985,1985/1986,La Pampa,42,Guatraché,42070,11000,10710,28900,2698
sorgo,1985,1985/1986,La Pampa,42,Hucal,42077,3500,3450,8665,2512
sorgo,1985,1985/1986,La Pampa,42,Loventué,42098,1000,980,3235,3301
sorgo,1985,1985/1986,La Pampa,42,Maracó,42105,10000,9300,34000,3656
sorgo,1985,1985/1986,La Pampa,42,Quemú Quemú,42119,10500,9460,35000,3700
sorgo,1985,1985/1986,La Pampa,42,Rancul,42126,25000,23180,83400,3598
sorgo,1985,1985/1986,La Pampa,42,Realicó,42133,15000,13940,50100,3594
sorgo,1985,1985/1986,La Pampa,42,Toay,42140,6000,5820,15700,2698
sorgo,1985,1985/1986,La Pampa,42,Trenel,42147,9500,8600,30100,3500
sorgo,1985,1985/1986,La Pampa,42,Utracán,42154,8000,7760,20200,2603
sorgo,1985,1985/1986,Mendoza,50,General Alvear,50014,40,30,75,2500
sorgo,1985,1985/1986,Mendoza,50,San Rafael,50105,60,55,125,2273
sorgo,1985,1985/1986,Río Negro,62,Adolfo Alsina,62007,115,85,200,2353
sorgo,1985,1985/1986,Río Negro,62,Pichi Mahuida,62063,35,25,50,2000
sorgo,1985,1985/1986,Salta,66,Anta,66007,4400,3400,8000,2353
sorgo,1985,1985/1986,Salta,66,Capital,66028,100,100,220,2200
sorgo,1985,1985/1986,Salta,66,Cerrillos,66035,200,200,460,2300
sorgo,1985,1985/1986,Salta,66,Chicoana,66042,100,100,200,2000
sorgo,1985,1985/1986,Salta,66,General Güemes,66049,400,300,660,2200
sorgo,1985,1985/1986,Salta,66,General José de San Martín,66056,2000,1500,3600,2400
sorgo,1985,1985/1986,Salta,66,La Candelaria,66084,100,100,240,2400
sorgo,1985,1985/1986,Salta,66,La Viña,66098,100,100,200,2000
sorgo,1985,1985/1986,Salta,66,Metán,66112,500,400,960,2400
sorgo,1985,1985/1986,Salta,66,Orán,66126,1500,1300,2900,2231
sorgo,1985,1985/1986,Salta,66,Rosario de la Frontera,66140,500,400,960,2400
sorgo,1985,1985/1986,Salta,66,Rosario de Lerma,66147,100,100,200,2000
sorgo,1985,1985/1986,San Luis,74,Chacabuco,74028,5500,3800,7600,2000
sorgo,1985,1985/1986,San Luis,74,Coronel Pringles,74021,1700,1400,4300,3071
sorgo,1985,1985/1986,San Luis,74,General Pedernera,74035,9200,8690,22000,2532
sorgo,1985,1985/1986,San Luis,74,Gobernador Dupuy,74042,8700,7570,15000,1982
sorgo,1985,1985/1986,San Luis,74,Juan Martín de Pueyrredón,74056,1200,950,2000,2105
sorgo,1985,1985/1986,San Luis,74,Junín,74049,2700,2250,4500,2000
sorgo,1985,1985/1986,San Luis,74,Libertador General San Martín,74063,1000,710,1500,2113
sorgo,1985,1985/1986,Santa Fe,82,9 de Julio,82077,28600,15600,43200,2769
sorgo,1985,1985/1986,Santa Fe,82,Belgrano,82007,2000,2000,10000,5000
sorgo,1985,1985/1986,Santa Fe,82,Caseros,82014,600,600,2700,4500
sorgo,1985,1985/1986,Santa Fe,82,Castellanos,82021,48000,46500,141700,3047
sorgo,1985,1985/1986,Santa Fe,82,Garay,82035,2500,2000,5200,2600
sorgo,1985,1985/1986,Santa Fe,82,General López,82042,17000,16500,74500,4515
sorgo,1985,1985/1986,Santa Fe,82,General Obligado,82049,7000,4000,11000,2750
sorgo,1985,1985/1986,Santa Fe,82,Iriondo,82056,700,700,3000,4286
sorgo,1985,1985/1986,Santa Fe,82,La Capital,82063,5000,3500,9200,2629
sorgo,1985,1985/1986,Santa Fe,82,Las Colonias,82070,28500,27000,75100,2781
sorgo,1985,1985/1986,Santa Fe,82,Rosario,82084,200,200,800,4000
sorgo,1985,1985/1986,Santa Fe,82,San Cristóbal,82091,43000,41500,94500,2277
sorgo,1985,1985/1986,Santa Fe,82,San Javier,82098,4000,3500,9100,2600
sorgo,1985,1985/1986,Santa Fe,82,San Jerónimo,82105,5000,5000,22500,4500
sorgo,1985,1985/1986,Santa Fe,82,San Justo,82112,9000,8500,24700,2906
sorgo,1985,1985/1986,Santa Fe,82,San Lorenzo,82119,500,500,2000,4000
sorgo,1985,1985/1986,Santa Fe,82,San Martín,82126,19000,19000,76000,4000
sorgo,1985,1985/1986,Santa Fe,82,Vera,82133,8000,6000,16000,2667
sorgo,1985,1985/1986,Santa Fe,82,Villa Constitución,82028,400,400,1800,4500
sorgo,1985,1985/1986,Santiago del Estero,86,Aguirre,86007,170,165,350,2121
sorgo,1985,1985/1986,Santiago del Estero,86,Alberdi,86014,13400,13400,41500,3097
sorgo,1985,1985/1986,Santiago del Estero,86,Banda,86035,1350,1350,4200,3111
sorgo,1985,1985/1986,Santiago del Estero,86,Belgrano,86042,15000,14500,45000,3103
sorgo,1985,1985/1986,Santiago del Estero,86,Choya,86063,1000,1000,3000,3000
sorgo,1985,1985/1986,Santiago del Estero,86,Copo,86056,1680,1680,5200,3095
sorgo,1985,1985/1986,Santiago del Estero,86,General Taboada,86077,8400,8100,25100,3099
sorgo,1985,1985/1986,Santiago del Estero,86,Guasayán,86084,800,800,2500,3125
sorgo,1985,1985/1986,Santiago del Estero,86,Jiménez,86091,25000,25000,75950,3038
sorgo,1985,1985/1986,Santiago del Estero,86,Juan F. Ibarra,86098,18000,17750,55000,3099
sorgo,1985,1985/1986,Santiago del Estero,86,Moreno,86119,30500,30500,94500,3098
sorgo,1985,1985/1986,Santiago del Estero,86,Pellegrini,86133,8370,8350,25900,3102
sorgo,1985,1985/1986,Santiago del Estero,86,Rivadavia,86154,6730,6730,20600,3061
sorgo,1985,1985/1986,Tucumán,90,Burruyacú,90007,5000,5000,14900,2980
sorgo,1985,1985/1986,Tucumán,90,Cruz Alta,90014,2150,2150,7000,3256
sorgo,1985,1985/1986,Tucumán,90,Graneros,90035,4700,4700,11600,2468
sorgo,1985,1985/1986,Tucumán,90,Leales,90056,2200,2200,5300,2409
sorgo,1985,1985/1986,Tucumán,90,Río Chico,90077,100,100,300,3000
sorgo,1985,1985/1986,Tucumán,90,Trancas,90112,150,150,400,2667
sorgo,1986,1986/1987,Buenos Aires,06,25 de Mayo,06854,700,700,2370,3386
sorgo,1986,1986/1987,Buenos Aires,06,9 de Julio,06588,2000,1900,8200,4316
sorgo,1986,1986/1987,Buenos Aires,06,Adolfo Alsina,06007,10000,10000,25000,2500
sorgo,1986,1986/1987,Buenos Aires,06,Adolfo Gonzales Chaves,06014,2000,2000,4400,2200
sorgo,1986,1986/1987,Buenos Aires,06,Alberti,06021,500,500,2100,4200
sorgo,1986,1986/1987,Buenos Aires,06,Arrecifes,06077,500,500,1950,3900
sorgo,1986,1986/1987,Buenos Aires,06,Azul,06049,140,140,400,2857
sorgo,1986,1986/1987,Buenos Aires,06,Bahía Blanca,06056,2000,1000,2000,2000
sorgo,1986,1986/1987,Buenos Aires,06,Balcarce,06063,2000,1000,4500,4500
sorgo,1986,1986/1987,Buenos Aires,06,Baradero,06070,1800,1800,6950,3861
sorgo,1986,1986/1987,Buenos Aires,06,Benito Juárez,06084,500,400,1200,3000
sorgo,1986,1986/1987,Buenos Aires,06,Berazategui,06091,100,100,310,3100
sorgo,1986,1986/1987,Buenos Aires,06,Berisso,06098,10,0,0,0
sorgo,1986,1986/1987,Buenos Aires,06,Bolívar,06105,3000,1000,3400,3400
sorgo,1986,1986/1987,Buenos Aires,06,Bragado,06112,600,600,2500,4167
sorgo,1986,1986/1987,Buenos Aires,06,Brandsen,06119,1000,1000,3000,3000
sorgo,1986,1986/1987,Buenos Aires,06,Campana,06126,250,250,1000,4000
sorgo,1986,1986/1987,Buenos Aires,06,Cañuelas,06134,200,200,600,3000
sorgo,1986,1986/1987,Buenos Aires,06,Capitán Sarmiento,06140,800,800,3040,3800
sorgo,1986,1986/1987,Buenos Aires,06,Carlos Casares,06147,2500,1700,7600,4471
sorgo,1986,1986/1987,Buenos Aires,06,Carlos Tejedor,06154,5500,3000,10000,3333
sorgo,1986,1986/1987,Buenos Aires,06,Carmen de Areco,06161,800,800,3040,3800
sorgo,1986,1986/1987,Buenos Aires,06,Castelli,06168,1200,600,1840,3067
sorgo,1986,1986/1987,Buenos Aires,06,Chascomús,06217,1500,800,2400,3000
sorgo,1986,1986/1987,Buenos Aires,06,Chivilcoy,06224,500,500,2100,4200
sorgo,1986,1986/1987,Buenos Aires,06,Coronel de Marina Leonardo Rosales,06182,1500,500,1000,2000
sorgo,1986,1986/1987,Buenos Aires,06,Coronel Dorrego,06189,17000,10000,18000,1800
sorgo,1986,1986/1987,Buenos Aires,06,Coronel Pringles,06196,5000,3000,7500,2500
sorgo,1986,1986/1987,Buenos Aires,06,Coronel Suárez,06203,3000,600,1800,3000
sorgo,1986,1986/1987,Buenos Aires,06,Daireaux,06231,1500,800,3000,3750
sorgo,1986,1986/1987,Buenos Aires,06,Dolores,06238,10,0,0,0
sorgo,1986,1986/1987,Buenos Aires,06,Escobar,06252,180,180,500,2778
sorgo,1986,1986/1987,Buenos Aires,06,Esteban Echeverría,06260,10,10,30,3000
sorgo,1986,1986/1987,Buenos Aires,06,Exaltación de la Cruz,06266,1300,1300,5100,3923
sorgo,1986,1986/1987,Buenos Aires,06,Florencio Varela,06274,150,110,318,2891
sorgo,1986,1986/1987,Buenos Aires,06,General Alvarado,06280,500,200,900,4500
sorgo,1986,1986/1987,Buenos Aires,06,General Alvear,06287,1000,1000,3500,3500
sorgo,1986,1986/1987,Buenos Aires,06,General Belgrano,06301,400,0,0,0
sorgo,1986,1986/1987,Buenos Aires,06,General La Madrid,06322,400,100,300,3000
sorgo,1986,1986/1987,Buenos Aires,06,General Las Heras,06329,180,80,240,3000
sorgo,1986,1986/1987,Buenos Aires,06,General Lavalle,06336,150,150,465,3100
sorgo,1986,1986/1987,Buenos Aires,06,General Paz,06343,850,800,2560,3200
sorgo,1986,1986/1987,Buenos Aires,06,General Pinto,06351,12000,7000,20000,2857
sorgo,1986,1986/1987,Buenos Aires,06,General Pueyrredón,06357,1000,500,2100,4200
sorgo,1986,1986/1987,Buenos Aires,06,General Rodríguez,06364,200,200,500,2500
sorgo,1986,1986/1987,Buenos Aires,06,General Viamonte,06385,500,500,2100,4200
sorgo,1986,1986/1987,Buenos Aires,06,General Villegas,06392,28000,18200,60000,3297
sorgo,1986,1986/1987,Buenos Aires,06,Guaminí,06399,6500,6500,16800,2585
sorgo,1986,1986/1987,Buenos Aires,06,Hipólito Yrigoyen,06406,1000,500,2000,4000
sorgo,1986,1986/1987,Buenos Aires,06,La Plata,06441,450,450,1485,3300
sorgo,1986,1986/1987,Buenos Aires,06,Laprida,06448,400,300,1000,3333
sorgo,1986,1986/1987,Buenos Aires,06,Leandro N. Alem,06462,800,800,3600,4500
sorgo,1986,1986/1987,Buenos Aires,06,Lincoln,06469,17800,8300,24300,2928
sorgo,1986,1986/1987,Buenos Aires,06,Lobería,06476,3000,1000,4500,4500
sorgo,1986,1986/1987,Buenos Aires,06,Lobos,06483,1000,1000,3000,3000
sorgo,1986,1986/1987,Buenos Aires,06,Luján,06497,450,450,1800,4000
sorgo,1986,1986/1987,Buenos Aires,06,Magdalena,06505,1300,1000,3300,3300
sorgo,1986,1986/1987,Buenos Aires,06,Marcos Paz,06525,400,400,1000,2500
sorgo,1986,1986/1987,Buenos Aires,06,Mercedes,06532,400,400,1000,2500
sorgo,1986,1986/1987,Buenos Aires,06,Monte,06547,500,400,1160,2900
sorgo,1986,1986/1987,Buenos Aires,06,Navarro,06574,1000,800,3200,4000
sorgo,1986,1986/1987,Buenos Aires,06,Necochea,06581,1000,1000,2800,2800
sorgo,1986,1986/1987,Buenos Aires,06,Olavarría,06595,1000,800,2800,3500
sorgo,1986,1986/1987,Buenos Aires,06,Patagones,06602,5000,500,500,1000
sorgo,1986,1986/1987,Buenos Aires,06,Pehuajó,06609,16000,7500,24000,3200
sorgo,1986,1986/1987,Buenos Aires,06,Pellegrini,06616,4000,4000,9200,2300
sorgo,1986,1986/1987,Buenos Aires,06,Pilar,06638,500,500,1750,3500
sorgo,1986,1986/1987,Buenos Aires,06,Puán,06651,5000,5000,14000,2800
sorgo,1986,1986/1987,Buenos Aires,06,Ramallo,06665,700,700,2450,3500
sorgo,1986,1986/1987,Buenos Aires,06,Rauch,06672,300,200,600,3000
sorgo,1986,1986/1987,Buenos Aires,06,Rivadavia,06679,15600,12100,44000,3636
sorgo,1986,1986/1987,Buenos Aires,06,Roque Pérez,06693,100,100,330,3300
sorgo,1986,1986/1987,Buenos Aires,06,Saavedra,06700,5000,5000,14000,2800
sorgo,1986,1986/1987,Buenos Aires,06,Salliqueló,06721,4000,4000,10000,2500
sorgo,1986,1986/1987,Buenos Aires,06,Salto,06714,400,400,1800,4500
sorgo,1986,1986/1987,Buenos Aires,06,San Andrés de Giles,06728,300,300,810,2700
sorgo,1986,1986/1987,Buenos Aires,06,San Antonio de Areco,06735,800,800,3040,3800
sorgo,1986,1986/1987,Buenos Aires,06,San Nicolás,06763,300,300,1080,3600
sorgo,1986,1986/1987,Buenos Aires,06,San Pedro,06770,1000,1000,3600,3600
sorgo,1986,1986/1987,Buenos Aires,06,San Vicente,06778,70,40,132,3300
sorgo,1986,1986/1987,Buenos Aires,06,Suipacha,06784,200,200,500,2500
sorgo,1986,1986/1987,Buenos Aires,06,Tornquist,06819,10000,1000,1000,1000
sorgo,1986,1986/1987,Buenos Aires,06,Trenque Lauquen,06826,10000,6000,20000,3333
sorgo,1986,1986/1987,Buenos Aires,06,Tres Arroyos,06833,1000,500,1300,2600
sorgo,1986,1986/1987,Buenos Aires,06,Villarino,06875,1500,500,500,1000
sorgo,1986,1986/1987,Buenos Aires,06,Zárate,06882,500,500,1850,3700
sorgo,1986,1986/1987,Catamarca,10,El Alto,10056,200,200,400,2000
sorgo,1986,1986/1987,Catamarca,10,La Paz,10070,3800,3800,7600,2000
sorgo,1986,1986/1987,Catamarca,10,Santa Rosa,10098,16000,14000,19000,1357
sorgo,1986,1986/1987,Chaco,22,12 de Octubre,22036,15000,14000,42550,3039
sorgo,1986,1986/1987,Chaco,22,25 de Mayo,22168,500,450,1200,2667
sorgo,1986,1986/1987,Chaco,22,9 de Julio,22105,2000,1800,5000,2778
sorgo,1986,1986/1987,Chaco,22,Almirante Brown,22007,1500,1500,3000,2000
sorgo,1986,1986/1987,Chaco,22,Bermejo,22014,100,100,300,3000
sorgo,1986,1986/1987,Chaco,22,Chacabuco,22028,8000,7450,23000,3087
sorgo,1986,1986/1987,Chaco,22,Comandante Fernández,22021,4000,3700,11000,2973
sorgo,1986,1986/1987,Chaco,22,Fray Justo Santa María de Oro,22043,2000,1650,4500,2727
sorgo,1986,1986/1987,Chaco,22,General Belgrano,22049,2000,1900,6100,3211
sorgo,1986,1986/1987,Chaco,22,General Donovan,22056,300,300,950,3167
sorgo,1986,1986/1987,Chaco,22,General Güemes,22063,2500,2500,6800,2720
sorgo,1986,1986/1987,Chaco,22,Independencia,22070,3000,3000,9500,3167
sorgo,1986,1986/1987,Chaco,22,Libertad,22077,300,300,800,2667
sorgo,1986,1986/1987,Chaco,22,Libertador General San Martín,22084,3500,3200,9900,3094
sorgo,1986,1986/1987,Chaco,22,Maipú,22091,4000,4000,11600,2900
sorgo,1986,1986/1987,Chaco,22,Mayor Luis J. Fontana,22098,4000,3500,10500,3000
sorgo,1986,1986/1987,Chaco,22,O'Higgins,22112,600,550,1400,2545
sorgo,1986,1986/1987,Chaco,22,Presidencia de la Plaza,22119,250,250,600,2400
sorgo,1986,1986/1987,Chaco,22,Quitilipi,22133,1500,1400,3800,2714
sorgo,1986,1986/1987,Chaco,22,San Fernando,22140,500,500,1600,3200
sorgo,1986,1986/1987,Chaco,22,San Lorenzo,22147,3000,2600,6400,2462
sorgo,1986,1986/1987,Chaco,22,Sargento Cabral,22154,2000,1800,5500,3056
sorgo,1986,1986/1987,Córdoba,14,Calamuchita,14007,1000,1000,3600,3600
sorgo,1986,1986/1987,Córdoba,14,Colón,14021,1500,1500,5250,3500
sorgo,1986,1986/1987,Córdoba,14,General Roca,14035,26000,26000,93600,3600
sorgo,1986,1986/1987,Córdoba,14,General San Martín,14042,15000,15000,57000,3800
sorgo,1986,1986/1987,Córdoba,14,Juárez Celman,14056,20000,20000,76000,3800
sorgo,1986,1986/1987,Córdoba,14,Marcos Juárez,14063,5000,5000,20000,4000
sorgo,1986,1986/1987,Córdoba,14,Presidente Roque Sáenz Peña,14084,19500,19500,74100,3800
sorgo,1986,1986/1987,Córdoba,14,Río Cuarto,14098,45000,43500,159800,3674
sorgo,1986,1986/1987,Córdoba,14,Río Primero,14105,9000,9000,33750,3750
sorgo,1986,1986/1987,Córdoba,14,Río Segundo,14119,18000,18000,73800,4100
sorgo,1986,1986/1987,Córdoba,14,San Justo,14140,72000,70000,290000,4143
sorgo,1986,1986/1987,Córdoba,14,Santa María,14147,2000,2000,7600,3800
sorgo,1986,1986/1987,Córdoba,14,Tercero Arriba,14161,20000,20000,75000,3750
sorgo,1986,1986/1987,Córdoba,14,Totoral,14168,1000,1000,3500,3500
sorgo,1986,1986/1987,Córdoba,14,Unión,14182,15000,15000,57000,3800
sorgo,1986,1986/1987,Corrientes,18,Bella Vista,18007,500,50,30,600
sorgo,1986,1986/1987,Corrientes,18,Berón de Astrada,18014,70,50,140,2800
sorgo,1986,1986/1987,Corrientes,18,Concepción,18028,50,40,50,1250
sorgo,1986,1986/1987,Corrientes,18,Curuzu Cuatia,18035,300,200,300,1500
sorgo,1986,1986/1987,Corrientes,18,General Alvear,18056,30,30,15,500
sorgo,1986,1986/1987,Corrientes,18,General Paz,18063,50,30,95,3167
sorgo,1986,1986/1987,Corrientes,18,Goya,18070,200,100,110,1100
sorgo,1986,1986/1987,Corrientes,18,Itatí,18077,50,12,10,833
sorgo,1986,1986/1987,Corrientes,18,Ituzaingó,18084,60,60,190,3167
sorgo,1986,1986/1987,Corrientes,18,Lavalle,18091,45,32,40,1250
sorgo,1986,1986/1987,Corrientes,18,Mburucuyá,18098,30,10,20,2000
sorgo,1986,1986/1987,Corrientes,18,Saladas,18126,130,130,400,3077
sorgo,1986,1986/1987,Corrientes,18,San Luis del Palmar,18140,70,60,120,2000
sorgo,1986,1986/1987,Corrientes,18,San Roque,18161,165,80,130,1625
sorgo,1986,1986/1987,Corrientes,18,Santo Tomé,18168,750,650,3000,4615
sorgo,1986,1986/1987,Entre Ríos,30,Colón,30008,6000,5000,12500,2500
sorgo,1986,1986/1987,Entre Ríos,30,Concordia,30015,2500,2000,4600,2300
sorgo,1986,1986/1987,Entre Ríos,30,Diamante,30021,13000,11500,36800,3200
sorgo,1986,1986/1987,Entre Ríos,30,Federación,30028,200,150,380,2533
sorgo,1986,1986/1987,Entre Ríos,30,Federal,30035,300,200,440,2200
sorgo,1986,1986/1987,Entre Ríos,30,Gualeguay,30049,12000,11000,27500,2500
sorgo,1986,1986/1987,Entre Ríos,30,Gualeguaychú,30056,14500,12500,28800,2304
sorgo,1986,1986/1987,Entre Ríos,30,La Paz,30070,9000,7500,16530,2204
sorgo,1986,1986/1987,Entre Ríos,30,Nogoyá,30077,7500,6300,14490,2300
sorgo,1986,1986/1987,Entre Ríos,30,Paraná,30084,13000,11200,28000,2500
sorgo,1986,1986/1987,Entre Ríos,30,Tala,30091,4000,3200,7360,2300
sorgo,1986,1986/1987,Entre Ríos,30,Uruguay,30098,6500,5500,12100,2200
sorgo,1986,1986/1987,Entre Ríos,30,Victoria,30105,17000,15500,51150,3300
sorgo,1986,1986/1987,Entre Ríos,30,Villaguay,30113,12500,10500,24350,2319
sorgo,1986,1986/1987,Formosa,34,Formosa,34014,1000,600,1200,2000
sorgo,1986,1986/1987,Formosa,34,Laishí,34021,800,400,880,2200
sorgo,1986,1986/1987,Formosa,34,Patiño,34035,1500,1000,2000,2000
sorgo,1986,1986/1987,Formosa,34,Pilagás,34042,1000,700,1400,2000
sorgo,1986,1986/1987,Formosa,34,Pilcomayo,34049,1000,600,1320,2200
sorgo,1986,1986/1987,Formosa,34,Pirané,34056,2000,1300,3400,2615
sorgo,1986,1986/1987,Jujuy,38,El Carmen,38014,220,220,650,2955
sorgo,1986,1986/1987,Jujuy,38,San Pedro,38063,200,200,600,3000
sorgo,1986,1986/1987,Jujuy,38,Santa Bárbara,38070,30,30,80,2667
sorgo,1986,1986/1987,La Pampa,42,Atreucó,42007,10000,9300,22650,2435
sorgo,1986,1986/1987,La Pampa,42,Capital,42021,9000,8370,20088,2400
sorgo,1986,1986/1987,La Pampa,42,Catriló,42028,14000,12740,34398,2700
sorgo,1986,1986/1987,La Pampa,42,Chapaleufú,42056,10700,9630,30334,3150
sorgo,1986,1986/1987,La Pampa,42,Conhelo,42035,20000,18200,57600,3165
sorgo,1986,1986/1987,La Pampa,42,Guatraché,42070,7500,6750,12150,1800
sorgo,1986,1986/1987,La Pampa,42,Hucal,42077,2000,1800,3150,1750
sorgo,1986,1986/1987,La Pampa,42,Loventué,42098,1200,1128,3271,2900
sorgo,1986,1986/1987,La Pampa,42,Maracó,42105,10000,9000,28400,3156
sorgo,1986,1986/1987,La Pampa,42,Quemú Quemú,42119,10500,9450,29767,3150
sorgo,1986,1986/1987,La Pampa,42,Rancul,42126,18900,17199,48157,2800
sorgo,1986,1986/1987,La Pampa,42,Realicó,42133,12000,10800,34020,3150
sorgo,1986,1986/1987,La Pampa,42,Toay,42140,3000,2700,4995,1850
sorgo,1986,1986/1987,La Pampa,42,Trenel,42147,11000,10010,30030,3000
sorgo,1986,1986/1987,La Pampa,42,Utracán,42154,4000,3400,6490,1909
sorgo,1986,1986/1987,Mendoza,50,General Alvear,50014,55,35,100,2857
sorgo,1986,1986/1987,Mendoza,50,San Rafael,50105,80,78,200,2564
sorgo,1986,1986/1987,Misiones,54,Apóstoles,54007,100,100,150,1500
sorgo,1986,1986/1987,Misiones,54,Candelaria,54021,100,100,150,1500
sorgo,1986,1986/1987,Misiones,54,Capital,54028,500,500,1100,2200
sorgo,1986,1986/1987,Misiones,54,Concepción,54035,150,150,330,2200
sorgo,1986,1986/1987,Misiones,54,Montecarlo,54084,50,50,70,1400
sorgo,1986,1986/1987,Río Negro,62,Adolfo Alsina,62007,75,55,140,2545
sorgo,1986,1986/1987,Río Negro,62,Pichi Mahuida,62063,40,25,60,2400
sorgo,1986,1986/1987,Salta,66,Anta,66007,2400,1600,4000,2500
sorgo,1986,1986/1987,Salta,66,Capital,66028,100,100,250,2500
sorgo,1986,1986/1987,Salta,66,Cerrillos,66035,200,200,500,2500
sorgo,1986,1986/1987,Salta,66,Chicoana,66042,100,100,250,2500
sorgo,1986,1986/1987,Salta,66,General Güemes,66049,400,0,0,0
sorgo,1986,1986/1987,Salta,66,General José de San Martín,66056,1000,1000,3000,3000
sorgo,1986,1986/1987,Salta,66,La Candelaria,66084,100,100,250,2500
sorgo,1986,1986/1987,Salta,66,La Viña,66098,100,50,100,2000
sorgo,1986,1986/1987,Salta,66,Metán,66112,500,250,650,2600
sorgo,1986,1986/1987,Salta,66,Orán,66126,500,300,750,2500
sorgo,1986,1986/1987,Salta,66,Rosario de la Frontera,66140,500,200,500,2500
sorgo,1986,1986/1987,Salta,66,Rosario de Lerma,66147,100,100,250,2500
sorgo,1986,1986/1987,San Luis,74,Chacabuco,74028,5000,4800,10300,2146
sorgo,1986,1986/1987,San Luis,74,Coronel Pringles,74021,1500,1450,5000,3448
sorgo,1986,1986/1987,San Luis,74,General Pedernera,74035,10000,9500,30000,3158
sorgo,1986,1986/1987,San Luis,74,Gobernador Dupuy,74042,9000,8000,16000,2000
sorgo,1986,1986/1987,San Luis,74,Juan Martín de Pueyrredón,74056,1000,930,1900,2043
sorgo,1986,1986/1987,San Luis,74,Junín,74049,2500,2450,7000,2857
sorgo,1986,1986/1987,San Luis,74,Libertador General San Martín,74063,1000,870,1800,2069
sorgo,1986,1986/1987,Santa Fe,82,9 de Julio,82077,4000,3000,7000,2333
sorgo,1986,1986/1987,Santa Fe,82,Belgrano,82007,1500,1300,4800,3692
sorgo,1986,1986/1987,Santa Fe,82,Caseros,82014,500,400,1450,3625
sorgo,1986,1986/1987,Santa Fe,82,Castellanos,82021,30000,28000,104000,3714
sorgo,1986,1986/1987,Santa Fe,82,Garay,82035,2000,1500,4200,2800
sorgo,1986,1986/1987,Santa Fe,82,General López,82042,16000,15500,59000,3806
sorgo,1986,1986/1987,Santa Fe,82,General Obligado,82049,5000,4500,11000,2444
sorgo,1986,1986/1987,Santa Fe,82,Iriondo,82056,1000,500,1800,3600
sorgo,1986,1986/1987,Santa Fe,82,La Capital,82063,2500,2000,7200,3600
sorgo,1986,1986/1987,Santa Fe,82,Las Colonias,82070,18000,17000,59500,3500
sorgo,1986,1986/1987,Santa Fe,82,Rosario,82084,500,400,1500,3750
sorgo,1986,1986/1987,Santa Fe,82,San Cristóbal,82091,29500,26900,74800,2781
sorgo,1986,1986/1987,Santa Fe,82,San Javier,82098,2000,1800,5300,2944
sorgo,1986,1986/1987,Santa Fe,82,San Jerónimo,82105,5000,4100,13000,3171
sorgo,1986,1986/1987,Santa Fe,82,San Justo,82112,6000,5500,22000,4000
sorgo,1986,1986/1987,Santa Fe,82,San Lorenzo,82119,1500,1300,4750,3654
sorgo,1986,1986/1987,Santa Fe,82,San Martín,82126,17000,16400,58000,3537
sorgo,1986,1986/1987,Santa Fe,82,Vera,82133,4000,3000,8000,2667
sorgo,1986,1986/1987,Santa Fe,82,Villa Constitución,82028,500,400,1500,3750
sorgo,1986,1986/1987,Santiago del Estero,86,Aguirre,86007,100,100,200,2000
sorgo,1986,1986/1987,Santiago del Estero,86,Alberdi,86014,8000,8000,12300,1538
sorgo,1986,1986/1987,Santiago del Estero,86,Banda,86035,800,800,1600,2000
sorgo,1986,1986/1987,Santiago del Estero,86,Belgrano,86042,9000,7966,15200,1908
sorgo,1986,1986/1987,Santiago del Estero,86,Choya,86063,600,600,900,1500
sorgo,1986,1986/1987,Santiago del Estero,86,Copo,86056,1000,1000,150,150
sorgo,1986,1986/1987,Santiago del Estero,86,General Taboada,86077,5000,3000,5700,1900
sorgo,1986,1986/1987,Santiago del Estero,86,Guasayán,86084,500,500,1000,2000
sorgo,1986,1986/1987,Santiago del Estero,86,Jiménez,86091,15000,15000,29800,1987
sorgo,1986,1986/1987,Santiago del Estero,86,Juan F. Ibarra,86098,10900,8000,16000,2000
sorgo,1986,1986/1987,Santiago del Estero,86,Moreno,86119,18000,18000,27200,1511
sorgo,1986,1986/1987,Santiago del Estero,86,Pellegrini,86133,5000,5000,7500,1500
sorgo,1986,1986/1987,Santiago del Estero,86,Rivadavia,86154,4000,4000,6800,1700
sorgo,1986,1986/1987,Tucumán,90,Burruyacú,90007,2500,2300,3700,1609
sorgo,1986,1986/1987,Tucumán,90,Cruz Alta,90014,1500,1300,1600,1231
sorgo,1986,1986/1987,Tucumán,90,Graneros,90035,2800,1800,2400,1333
sorgo,1986,1986/1987,Tucumán,90,Leales,90056,1200,700,800,1143
sorgo,1986,1986/1987,Tucumán,90,Río Chico,90077,100,70,100,1429
sorgo,1986,1986/1987,Tucumán,90,Trancas,90112,500,400,400,1000
sorgo,1987,1987/1988,Buenos Aires,06,25 de Mayo,06854,700,0,0,0
sorgo,1987,1987/1988,Buenos Aires,06,9 de Julio,06588,600,500,1900,3800
sorgo,1987,1987/1988,Buenos Aires,06,Adolfo Alsina,06007,6000,4000,13600,3400
sorgo,1987,1987/1988,Buenos Aires,06,Adolfo Gonzales Chaves,06014,2000,2000,4000,2000
sorgo,1987,1987/1988,Buenos Aires,06,Alberti,06021,200,200,850,4250
sorgo,1987,1987/1988,Buenos Aires,06,Arrecifes,06077,1800,1800,6660,3700
sorgo,1987,1987/1988,Buenos Aires,06,Azul,06049,300,300,900,3000
sorgo,1987,1987/1988,Buenos Aires,06,Bahía Blanca,06056,2500,2400,4800,2000
sorgo,1987,1987/1988,Buenos Aires,06,Balcarce,06063,2000,1200,6000,5000
sorgo,1987,1987/1988,Buenos Aires,06,Baradero,06070,2500,2400,8400,3500
sorgo,1987,1987/1988,Buenos Aires,06,Benito Juárez,06084,200,200,400,2000
sorgo,1987,1987/1988,Buenos Aires,06,Bolívar,06105,1000,300,1200,4000
sorgo,1987,1987/1988,Buenos Aires,06,Bragado,06112,200,200,850,4250
sorgo,1987,1987/1988,Buenos Aires,06,Brandsen,06119,200,0,0,0
sorgo,1987,1987/1988,Buenos Aires,06,Campana,06126,280,200,600,3000
sorgo,1987,1987/1988,Buenos Aires,06,Cañuelas,06134,180,170,425,2500
sorgo,1987,1987/1988,Buenos Aires,06,Capitán Sarmiento,06140,1500,1500,5700,3800
sorgo,1987,1987/1988,Buenos Aires,06,Carlos Casares,06147,4000,1000,4000,4000
sorgo,1987,1987/1988,Buenos Aires,06,Carlos Tejedor,06154,8000,7200,29520,4100
sorgo,1987,1987/1988,Buenos Aires,06,Carmen de Areco,06161,1300,1200,4200,3500
sorgo,1987,1987/1988,Buenos Aires,06,Castelli,06168,500,0,0,0
sorgo,1987,1987/1988,Buenos Aires,06,Chascomús,06217,500,0,0,0
sorgo,1987,1987/1988,Buenos Aires,06,Chivilcoy,06224,300,300,1300,4333
sorgo,1987,1987/1988,Buenos Aires,06,Coronel de Marina Leonardo Rosales,06182,2000,1000,2000,2000
sorgo,1987,1987/1988,Buenos Aires,06,Coronel Dorrego,06189,8000,6000,15000,2500
sorgo,1987,1987/1988,Buenos Aires,06,Coronel Pringles,06196,5000,3000,7800,2600
sorgo,1987,1987/1988,Buenos Aires,06,Daireaux,06231,2800,2400,9172,3822
sorgo,1987,1987/1988,Buenos Aires,06,Escobar,06252,250,250,725,2900
sorgo,1987,1987/1988,Buenos Aires,06,Exaltación de la Cruz,06266,2500,2200,7260,3300
sorgo,1987,1987/1988,Buenos Aires,06,General Alvarado,06280,500,300,1500,5000
sorgo,1987,1987/1988,Buenos Aires,06,General Alvear,06287,2300,2300,6900,3000
sorgo,1987,1987/1988,Buenos Aires,06,General Belgrano,06301,50,0,0,0
sorgo,1987,1987/1988,Buenos Aires,06,General La Madrid,06322,100,100,300,3000
sorgo,1987,1987/1988,Buenos Aires,06,General Las Heras,06329,140,0,0,0
sorgo,1987,1987/1988,Buenos Aires,06,General Paz,06343,100,0,0,0
sorgo,1987,1987/1988,Buenos Aires,06,General Pinto,06351,8000,7500,32300,4307
sorgo,1987,1987/1988,Buenos Aires,06,General Pueyrredón,06357,1000,600,3000,5000
sorgo,1987,1987/1988,Buenos Aires,06,General Rodríguez,06364,200,200,600,3000
sorgo,1987,1987/1988,Buenos Aires,06,General Viamonte,06385,200,200,850,4250
sorgo,1987,1987/1988,Buenos Aires,06,General Villegas,06392,18500,17300,74390,4300
sorgo,1987,1987/1988,Buenos Aires,06,Guaminí,06399,3000,2000,6600,3300
sorgo,1987,1987/1988,Buenos Aires,06,Hipólito Yrigoyen,06406,1700,1400,5040,3600
sorgo,1987,1987/1988,Buenos Aires,06,La Plata,06441,100,100,200,2000
sorgo,1987,1987/1988,Buenos Aires,06,Las Flores,06455,100,0,0,0
sorgo,1987,1987/1988,Buenos Aires,06,Leandro N. Alem,06462,4000,4000,20000,5000
sorgo,1987,1987/1988,Buenos Aires,06,Lincoln,06469,12000,11500,46000,4000
sorgo,1987,1987/1988,Buenos Aires,06,Lobería,06476,3000,1800,9000,5000
sorgo,1987,1987/1988,Buenos Aires,06,Lobos,06483,200,150,465,3100
sorgo,1987,1987/1988,Buenos Aires,06,Luján,06497,400,340,952,2800
sorgo,1987,1987/1988,Buenos Aires,06,Magdalena,06505,400,300,660,2200
sorgo,1987,1987/1988,Buenos Aires,06,Marcos Paz,06525,400,390,936,2400
sorgo,1987,1987/1988,Buenos Aires,06,Mercedes,06532,350,350,945,2700
sorgo,1987,1987/1988,Buenos Aires,06,Navarro,06574,1000,950,2375,2500
sorgo,1987,1987/1988,Buenos Aires,06,Necochea,06581,1000,1000,2500,2500
sorgo,1987,1987/1988,Buenos Aires,06,Olavarría,06595,3500,3500,8750,2500
sorgo,1987,1987/1988,Buenos Aires,06,Patagones,06602,3000,1000,1500,1500
sorgo,1987,1987/1988,Buenos Aires,06,Pehuajó,06609,10000,9500,40850,4300
sorgo,1987,1987/1988,Buenos Aires,06,Pellegrini,06616,2000,1500,5250,3500
sorgo,1987,1987/1988,Buenos Aires,06,Pilar,06638,500,500,1500,3000
sorgo,1987,1987/1988,Buenos Aires,06,Puán,06651,2000,1500,5100,3400
sorgo,1987,1987/1988,Buenos Aires,06,Ramallo,06665,800,800,2720,3400
sorgo,1987,1987/1988,Buenos Aires,06,Rivadavia,06679,10000,9700,40750,4201
sorgo,1987,1987/1988,Buenos Aires,06,Roque Pérez,06693,100,0,0,0
sorgo,1987,1987/1988,Buenos Aires,06,Saavedra,06700,2000,1500,4950,3300
sorgo,1987,1987/1988,Buenos Aires,06,Saladillo,06707,200,0,0,0
sorgo,1987,1987/1988,Buenos Aires,06,Salliqueló,06721,3500,3000,10200,3400
sorgo,1987,1987/1988,Buenos Aires,06,Salto,06714,50,50,275,5500
sorgo,1987,1987/1988,Buenos Aires,06,San Andrés de Giles,06728,300,300,900,3000
sorgo,1987,1987/1988,Buenos Aires,06,San Antonio de Areco,06735,2000,2000,6000,3000
sorgo,1987,1987/1988,Buenos Aires,06,San Nicolás,06763,300,300,900,3000
sorgo,1987,1987/1988,Buenos Aires,06,San Pedro,06770,1500,1500,4050,2700
sorgo,1987,1987/1988,Buenos Aires,06,Suipacha,06784,100,50,130,2600
sorgo,1987,1987/1988,Buenos Aires,06,Tapalqué,06798,1000,500,1500,3000
sorgo,1987,1987/1988,Buenos Aires,06,Tornquist,06819,8000,4000,10000,2500
sorgo,1987,1987/1988,Buenos Aires,06,Trenque Lauquen,06826,9000,8500,35700,4200
sorgo,1987,1987/1988,Buenos Aires,06,Tres Arroyos,06833,1000,500,1250,2500
sorgo,1987,1987/1988,Buenos Aires,06,Villarino,06875,1500,500,950,1900
sorgo,1987,1987/1988,Buenos Aires,06,Zárate,06882,1600,1600,4000,2500
sorgo,1987,1987/1988,Catamarca,10,El Alto,10056,100,100,290,2900
sorgo,1987,1987/1988,Catamarca,10,La Paz,10070,2900,2900,8700,3000
sorgo,1987,1987/1988,Catamarca,10,Santa Rosa,10098,13000,13000,35010,2693
sorgo,1987,1987/1988,Chaco,22,12 de Octubre,22036,11900,11900,32210,2707
sorgo,1987,1987/1988,Chaco,22,25 de Mayo,22168,450,450,1270,2822
sorgo,1987,1987/1988,Chaco,22,9 de Julio,22105,2000,2000,5400,2700
sorgo,1987,1987/1988,Chaco,22,Almirante Brown,22007,1500,1500,3000,2000
sorgo,1987,1987/1988,Chaco,22,Bermejo,22014,50,50,130,2600
sorgo,1987,1987/1988,Chaco,22,Chacabuco,22028,7000,7000,20500,2929
sorgo,1987,1987/1988,Chaco,22,Comandante Fernández,22021,4500,4500,13000,2889
sorgo,1987,1987/1988,Chaco,22,Fray Justo Santa María de Oro,22043,2000,1850,4500,2432
sorgo,1987,1987/1988,Chaco,22,General Belgrano,22049,2500,2500,6750,2700
sorgo,1987,1987/1988,Chaco,22,General Donovan,22056,300,300,850,2833
sorgo,1987,1987/1988,Chaco,22,General Güemes,22063,2500,2500,4200,1680
sorgo,1987,1987/1988,Chaco,22,Independencia,22070,3500,3500,9500,2714
sorgo,1987,1987/1988,Chaco,22,Libertad,22077,300,300,750,2500
sorgo,1987,1987/1988,Chaco,22,Libertador General San Martín,22084,3000,3000,8500,2833
sorgo,1987,1987/1988,Chaco,22,Maipú,22091,4500,4500,10800,2400
sorgo,1987,1987/1988,Chaco,22,Mayor Luis J. Fontana,22098,3500,3150,8500,2698
sorgo,1987,1987/1988,Chaco,22,O'Higgins,22112,500,500,1400,2800
sorgo,1987,1987/1988,Chaco,22,Presidencia de la Plaza,22119,250,250,640,2560
sorgo,1987,1987/1988,Chaco,22,Quitilipi,22133,1700,1700,4900,2882
sorgo,1987,1987/1988,Chaco,22,San Fernando,22140,450,450,1300,2889
sorgo,1987,1987/1988,Chaco,22,San Lorenzo,22147,2800,2800,7000,2500
sorgo,1987,1987/1988,Chaco,22,Sargento Cabral,22154,1800,1800,4900,2722
sorgo,1987,1987/1988,Córdoba,14,Calamuchita,14007,1500,1500,5700,3800
sorgo,1987,1987/1988,Córdoba,14,Colón,14021,2000,2000,8400,4200
sorgo,1987,1987/1988,Córdoba,14,General Roca,14035,26500,25500,102000,4000
sorgo,1987,1987/1988,Córdoba,14,General San Martín,14042,11000,11000,33000,3000
sorgo,1987,1987/1988,Córdoba,14,Ischilín,14049,2000,2000,6400,3200
sorgo,1987,1987/1988,Córdoba,14,Juárez Celman,14056,20000,20000,80000,4000
sorgo,1987,1987/1988,Córdoba,14,Marcos Juárez,14063,6000,6000,24000,4000
sorgo,1987,1987/1988,Córdoba,14,Pocho,14077,50,50,140,2800
sorgo,1987,1987/1988,Córdoba,14,Presidente Roque Sáenz Peña,14084,19500,19000,76000,4000
sorgo,1987,1987/1988,Córdoba,14,Punilla,14091,100,100,380,3800
sorgo,1987,1987/1988,Córdoba,14,Río Cuarto,14098,45000,43000,172000,4000
sorgo,1987,1987/1988,Córdoba,14,Río Primero,14105,18000,18000,70200,3900
sorgo,1987,1987/1988,Córdoba,14,Río Seco,14112,1800,1800,6840,3800
sorgo,1987,1987/1988,Córdoba,14,Río Segundo,14119,18000,18000,63000,3500
sorgo,1987,1987/1988,Córdoba,14,San Justo,14140,70000,69000,242800,3519
sorgo,1987,1987/1988,Córdoba,14,Santa María,14147,4500,4500,18900,4200
sorgo,1987,1987/1988,Córdoba,14,Sobremonte,14154,250,250,900,3600
sorgo,1987,1987/1988,Córdoba,14,Tercero Arriba,14161,37500,37000,166500,4500
sorgo,1987,1987/1988,Córdoba,14,Totoral,14168,3500,3500,14000,4000
sorgo,1987,1987/1988,Córdoba,14,Tulumba,14175,1800,1800,6840,3800
sorgo,1987,1987/1988,Córdoba,14,Unión,14182,12000,12000,42000,3500
sorgo,1987,1987/1988,Corrientes,18,Bella Vista,18007,740,100,250,2500
sorgo,1987,1987/1988,Corrientes,18,Berón de Astrada,18014,45,20,42,2100
sorgo,1987,1987/1988,Corrientes,18,Concepción,18028,40,25,43,1720
sorgo,1987,1987/1988,Corrientes,18,Curuzu Cuatia,18035,300,100,288,2880
sorgo,1987,1987/1988,Corrientes,18,Goya,18070,20,10,32,3200
sorgo,1987,1987/1988,Corrientes,18,Itatí,18077,70,30,90,3000
sorgo,1987,1987/1988,Corrientes,18,Ituzaingó,18084,50,10,30,3000
sorgo,1987,1987/1988,Corrientes,18,Lavalle,18091,135,45,144,3200
sorgo,1987,1987/1988,Corrientes,18,Mburucuyá,18098,55,30,87,2900
sorgo,1987,1987/1988,Corrientes,18,Mercedes,18105,30,15,42,2800
sorgo,1987,1987/1988,Corrientes,18,Saladas,18126,170,70,210,3000
sorgo,1987,1987/1988,Corrientes,18,San Luis del Palmar,18140,70,40,140,3500
sorgo,1987,1987/1988,Corrientes,18,San Martín,18147,150,50,150,3000
sorgo,1987,1987/1988,Corrientes,18,San Miguel,18154,60,30,90,3000
sorgo,1987,1987/1988,Corrientes,18,San Roque,18161,165,65,210,3231
sorgo,1987,1987/1988,Corrientes,18,Santo Tomé,18168,600,200,760,3800
sorgo,1987,1987/1988,Corrientes,18,Sauce,18175,300,160,592,3700
sorgo,1987,1987/1988,Entre Ríos,30,Colón,30008,4500,4400,15000,3409
sorgo,1987,1987/1988,Entre Ríos,30,Concordia,30015,1700,1500,5700,3800
sorgo,1987,1987/1988,Entre Ríos,30,Diamante,30021,12450,11200,40000,3571
sorgo,1987,1987/1988,Entre Ríos,30,Federación,30028,150,150,600,4000
sorgo,1987,1987/1988,Entre Ríos,30,Federal,30035,200,200,760,3800
sorgo,1987,1987/1988,Entre Ríos,30,Gualeguay,30049,11000,10500,40600,3867
sorgo,1987,1987/1988,Entre Ríos,30,Gualeguaychú,30056,13000,12300,45000,3659
sorgo,1987,1987/1988,Entre Ríos,30,La Paz,30070,7500,6700,23500,3507
sorgo,1987,1987/1988,Entre Ríos,30,Nogoyá,30077,5000,4500,16640,3698
sorgo,1987,1987/1988,Entre Ríos,30,Paraná,30084,10000,9300,34000,3656
sorgo,1987,1987/1988,Entre Ríos,30,Tala,30091,3000,2700,10000,3704
sorgo,1987,1987/1988,Entre Ríos,30,Uruguay,30098,5000,3750,13000,3467
sorgo,1987,1987/1988,Entre Ríos,30,Victoria,30105,15000,14300,57200,4000
sorgo,1987,1987/1988,Entre Ríos,30,Villaguay,30113,8000,7500,28000,3733
sorgo,1987,1987/1988,Formosa,34,Formosa,34014,5000,3000,5400,1800
sorgo,1987,1987/1988,Formosa,34,Laishí,34021,3000,2000,3000,1500
sorgo,1987,1987/1988,Formosa,34,Patiño,34035,4000,3500,6300,1800
sorgo,1987,1987/1988,Formosa,34,Pilagás,34042,4000,3000,5400,1800
sorgo,1987,1987/1988,Formosa,34,Pilcomayo,34049,3000,2000,3400,1700
sorgo,1987,1987/1988,Formosa,34,Pirané,34056,6000,4000,6500,1625
sorgo,1987,1987/1988,Jujuy,38,El Carmen,38014,400,400,880,2200
sorgo,1987,1987/1988,Jujuy,38,San Pedro,38063,600,600,1320,2200
sorgo,1987,1987/1988,La Pampa,42,Atreucó,42007,11500,9775,24500,2506
sorgo,1987,1987/1988,La Pampa,42,Capital,42021,9500,7600,16700,2197
sorgo,1987,1987/1988,La Pampa,42,Catriló,42028,14500,13050,33000,2529
sorgo,1987,1987/1988,La Pampa,42,Chapaleufú,42056,11500,10350,29000,2802
sorgo,1987,1987/1988,La Pampa,42,Conhelo,42035,23000,18000,42000,2333
sorgo,1987,1987/1988,La Pampa,42,Guatraché,42070,7500,5250,7800,1486
sorgo,1987,1987/1988,La Pampa,42,Hucal,42077,3000,1500,2100,1400
sorgo,1987,1987/1988,La Pampa,42,Loventué,42098,2000,1500,2500,1667
sorgo,1987,1987/1988,La Pampa,42,Maracó,42105,10500,9000,24000,2667
sorgo,1987,1987/1988,La Pampa,42,Quemú Quemú,42119,11500,9800,24000,2449
sorgo,1987,1987/1988,La Pampa,42,Rancul,42126,20000,15575,30000,1926
sorgo,1987,1987/1988,La Pampa,42,Realicó,42133,13000,10500,27000,2571
sorgo,1987,1987/1988,La Pampa,42,Toay,42140,4000,2400,3600,1500
sorgo,1987,1987/1988,La Pampa,42,Trenel,42147,12000,9000,20000,2222
sorgo,1987,1987/1988,La Pampa,42,Utracán,42154,4500,2700,3800,1407
sorgo,1987,1987/1988,Misiones,54,Apóstoles,54007,80,80,48,600
sorgo,1987,1987/1988,Misiones,54,Candelaria,54021,120,70,33,471
sorgo,1987,1987/1988,Misiones,54,Capital,54028,600,420,336,800
sorgo,1987,1987/1988,Misiones,54,Concepción,54035,160,90,63,700
sorgo,1987,1987/1988,Misiones,54,Montecarlo,54084,40,40,20,500
sorgo,1987,1987/1988,Río Negro,62,Adolfo Alsina,62007,60,20,52,2600
sorgo,1987,1987/1988,Río Negro,62,Ñorquinco,62056,40,20,48,2400
sorgo,1987,1987/1988,Salta,66,Anta,66007,2900,1900,5900,3105
sorgo,1987,1987/1988,Salta,66,Capital,66028,80,80,200,2500
sorgo,1987,1987/1988,Salta,66,Cerrillos,66035,150,150,375,2500
sorgo,1987,1987/1988,Salta,66,Chicoana,66042,80,80,200,2500
sorgo,1987,1987/1988,Salta,66,General Güemes,66049,300,100,250,2500
sorgo,1987,1987/1988,Salta,66,General José de San Martín,66056,1200,900,2550,2833
sorgo,1987,1987/1988,Salta,66,La Candelaria,66084,400,400,1200,3000
sorgo,1987,1987/1988,Salta,66,Metán,66112,1600,900,2800,3111
sorgo,1987,1987/1988,Salta,66,Orán,66126,700,600,1800,3000
sorgo,1987,1987/1988,Salta,66,Rosario de la Frontera,66140,1540,840,2600,3095
sorgo,1987,1987/1988,Salta,66,Rosario de Lerma,66147,50,50,125,2500
sorgo,1987,1987/1988,San Luis,74,Chacabuco,74028,3000,2500,6300,2520
sorgo,1987,1987/1988,San Luis,74,Coronel Pringles,74021,1700,1500,3600,2400
sorgo,1987,1987/1988,San Luis,74,General Pedernera,74035,8000,7300,16000,2192
sorgo,1987,1987/1988,San Luis,74,Gobernador Dupuy,74042,7000,6600,16500,2500
sorgo,1987,1987/1988,San Luis,74,Juan Martín de Pueyrredón,74056,600,550,1300,2364
sorgo,1987,1987/1988,San Luis,74,Junín,74049,1100,1000,2200,2200
sorgo,1987,1987/1988,San Luis,74,Libertador General San Martín,74063,600,550,1100,2000
sorgo,1987,1987/1988,Santa Fe,82,9 de Julio,82077,8000,7500,27000,3600
sorgo,1987,1987/1988,Santa Fe,82,Belgrano,82007,1500,1500,6600,4400
sorgo,1987,1987/1988,Santa Fe,82,Caseros,82014,600,600,2700,4500
sorgo,1987,1987/1988,Santa Fe,82,Castellanos,82021,30000,30000,113000,3767
sorgo,1987,1987/1988,Santa Fe,82,Garay,82035,1500,0,0,0
sorgo,1987,1987/1988,Santa Fe,82,General López,82042,14000,14000,70000,5000
sorgo,1987,1987/1988,Santa Fe,82,General Obligado,82049,4000,4000,10000,2500
sorgo,1987,1987/1988,Santa Fe,82,Iriondo,82056,1000,1000,4500,4500
sorgo,1987,1987/1988,Santa Fe,82,La Capital,82063,2500,2500,8500,3400
sorgo,1987,1987/1988,Santa Fe,82,Las Colonias,82070,16000,16000,52800,3300
sorgo,1987,1987/1988,Santa Fe,82,Rosario,82084,500,500,2200,4400
sorgo,1987,1987/1988,Santa Fe,82,San Cristóbal,82091,28000,28000,75000,2679
sorgo,1987,1987/1988,Santa Fe,82,San Javier,82098,2000,2000,6800,3400
sorgo,1987,1987/1988,Santa Fe,82,San Jerónimo,82105,5000,5000,22000,4400
sorgo,1987,1987/1988,Santa Fe,82,San Justo,82112,5000,5000,17500,3500
sorgo,1987,1987/1988,Santa Fe,82,San Lorenzo,82119,1500,1500,6700,4467
sorgo,1987,1987/1988,Santa Fe,82,San Martín,82126,17000,17000,75000,4412
sorgo,1987,1987/1988,Santa Fe,82,Vera,82133,4000,4000,12000,3000
sorgo,1987,1987/1988,Santa Fe,82,Villa Constitución,82028,600,600,2700,4500
sorgo,1987,1987/1988,Santiago del Estero,86,Choya,86063,7200,4700,10500,2234
sorgo,1987,1987/1988,Santiago del Estero,86,Copo,86056,13000,6860,15000,2187
sorgo,1987,1987/1988,Santiago del Estero,86,Guasayán,86084,7800,5100,11000,2157
sorgo,1987,1987/1988,Santiago del Estero,86,Jiménez,86091,11600,6600,16000,2424
sorgo,1987,1987/1988,Santiago del Estero,86,Juan F. Ibarra,86098,9800,3800,8000,2105
sorgo,1987,1987/1988,Santiago del Estero,86,Pellegrini,86133,3100,1600,4500,2813
sorgo,1987,1987/1988,Tucumán,90,Burruyacú,90007,2700,2620,7000,2672
sorgo,1987,1987/1988,Tucumán,90,Cruz Alta,90014,1700,1650,3600,2182
sorgo,1987,1987/1988,Tucumán,90,Graneros,90035,3000,2900,7400,2552
sorgo,1987,1987/1988,Tucumán,90,Leales,90056,1500,1460,3700,2534
sorgo,1987,1987/1988,Tucumán,90,Río Chico,90077,100,90,300,3333
sorgo,1987,1987/1988,Tucumán,90,Trancas,90112,1200,1180,3000,2542
sorgo,1988,1988/1989,Buenos Aires,06,25 de Mayo,06854,700,650,2070,3185
sorgo,1988,1988/1989,Buenos Aires,06,9 de Julio,06588,500,500,1850,3700
sorgo,1988,1988/1989,Buenos Aires,06,Adolfo Alsina,06007,4000,3000,11000,3667
sorgo,1988,1988/1989,Buenos Aires,06,Adolfo Gonzales Chaves,06014,2000,500,1000,2000
sorgo,1988,1988/1989,Buenos Aires,06,Alberti,06021,100,100,380,3800
sorgo,1988,1988/1989,Buenos Aires,06,Arrecifes,06077,900,900,2700,3000
sorgo,1988,1988/1989,Buenos Aires,06,Azul,06049,300,0,0,0
sorgo,1988,1988/1989,Buenos Aires,06,Bahía Blanca,06056,500,500,1200,2400
sorgo,1988,1988/1989,Buenos Aires,06,Balcarce,06063,1000,400,2000,5000
sorgo,1988,1988/1989,Buenos Aires,06,Baradero,06070,1000,1000,3600,3600
sorgo,1988,1988/1989,Buenos Aires,06,Benito Juárez,06084,200,0,0,0
sorgo,1988,1988/1989,Buenos Aires,06,Bolívar,06105,1500,1500,6000,4000
sorgo,1988,1988/1989,Buenos Aires,06,Bragado,06112,100,100,370,3700
sorgo,1988,1988/1989,Buenos Aires,06,Capitán Sarmiento,06140,600,600,1800,3000
sorgo,1988,1988/1989,Buenos Aires,06,Carlos Casares,06147,1000,1000,3800,3800
sorgo,1988,1988/1989,Buenos Aires,06,Carlos Tejedor,06154,4000,2600,10000,3846
sorgo,1988,1988/1989,Buenos Aires,06,Carmen de Areco,06161,1000,1000,3500,3500
sorgo,1988,1988/1989,Buenos Aires,06,Chivilcoy,06224,100,100,350,3500
sorgo,1988,1988/1989,Buenos Aires,06,Coronel de Marina Leonardo Rosales,06182,500,0,0,0
sorgo,1988,1988/1989,Buenos Aires,06,Coronel Dorrego,06189,5000,2000,4000,2000
sorgo,1988,1988/1989,Buenos Aires,06,Coronel Pringles,06196,2500,1000,2200,2200
sorgo,1988,1988/1989,Buenos Aires,06,Daireaux,06231,900,900,3250,3611
sorgo,1988,1988/1989,Buenos Aires,06,Exaltación de la Cruz,06266,250,250,900,3600
sorgo,1988,1988/1989,Buenos Aires,06,General Alvarado,06280,500,350,1750,5000
sorgo,1988,1988/1989,Buenos Aires,06,General Alvear,06287,1000,700,2500,3571
sorgo,1988,1988/1989,Buenos Aires,06,General La Madrid,06322,150,0,0,0
sorgo,1988,1988/1989,Buenos Aires,06,General Pinto,06351,5000,4500,18000,4000
sorgo,1988,1988/1989,Buenos Aires,06,General Pueyrredón,06357,1000,700,3500,5000
sorgo,1988,1988/1989,Buenos Aires,06,General Viamonte,06385,100,100,350,3500
sorgo,1988,1988/1989,Buenos Aires,06,General Villegas,06392,10000,9000,36000,4000
sorgo,1988,1988/1989,Buenos Aires,06,Guaminí,06399,3000,2500,10000,4000
sorgo,1988,1988/1989,Buenos Aires,06,Hipólito Yrigoyen,06406,600,600,2400,4000
sorgo,1988,1988/1989,Buenos Aires,06,Las Flores,06455,100,100,250,2500
sorgo,1988,1988/1989,Buenos Aires,06,Leandro N. Alem,06462,2000,0,0,0
sorgo,1988,1988/1989,Buenos Aires,06,Lincoln,06469,5000,4800,20000,4167
sorgo,1988,1988/1989,Buenos Aires,06,Lobería,06476,2000,1100,5500,5000
sorgo,1988,1988/1989,Buenos Aires,06,Navarro,06574,200,200,600,3000
sorgo,1988,1988/1989,Buenos Aires,06,Necochea,06581,1000,0,0,0
sorgo,1988,1988/1989,Buenos Aires,06,Olavarría,06595,2000,1500,3000,2000
sorgo,1988,1988/1989,Buenos Aires,06,Patagones,06602,2000,500,800,1600
sorgo,1988,1988/1989,Buenos Aires,06,Pehuajó,06609,4000,3500,15000,4286
sorgo,1988,1988/1989,Buenos Aires,06,Pellegrini,06616,1500,1200,3000,2500
sorgo,1988,1988/1989,Buenos Aires,06,Puán,06651,2500,2300,6000,2609
sorgo,1988,1988/1989,Buenos Aires,06,Ramallo,06665,700,700,2500,3571
sorgo,1988,1988/1989,Buenos Aires,06,Rivadavia,06679,5000,4500,18000,4000
sorgo,1988,1988/1989,Buenos Aires,06,Roque Pérez,06693,100,100,290,2900
sorgo,1988,1988/1989,Buenos Aires,06,Saavedra,06700,2000,1800,7000,3889
sorgo,1988,1988/1989,Buenos Aires,06,Saladillo,06707,200,200,440,2200
sorgo,1988,1988/1989,Buenos Aires,06,Salliqueló,06721,2000,1800,5000,2778
sorgo,1988,1988/1989,Buenos Aires,06,San Antonio de Areco,06735,500,500,1500,3000
sorgo,1988,1988/1989,Buenos Aires,06,San Nicolás,06763,400,400,800,2000
sorgo,1988,1988/1989,Buenos Aires,06,San Pedro,06770,900,900,2000,2222
sorgo,1988,1988/1989,Buenos Aires,06,Tapalqué,06798,700,550,1700,3091
sorgo,1988,1988/1989,Buenos Aires,06,Tornquist,06819,3000,1000,1500,1500
sorgo,1988,1988/1989,Buenos Aires,06,Trenque Lauquen,06826,5000,4500,18000,4000
sorgo,1988,1988/1989,Buenos Aires,06,Tres Arroyos,06833,1000,0,0,0
sorgo,1988,1988/1989,Buenos Aires,06,Villarino,06875,500,100,150,1500
sorgo,1988,1988/1989,Buenos Aires,06,Zárate,06882,700,700,2500,3571
sorgo,1988,1988/1989,Catamarca,10,La Paz,10070,500,0,0,0
sorgo,1988,1988/1989,Catamarca,10,Santa Rosa,10098,2000,1000,900,900
sorgo,1988,1988/1989,Chaco,22,12 de Octubre,22036,7000,6300,17300,2746
sorgo,1988,1988/1989,Chaco,22,25 de Mayo,22168,600,550,1600,2909
sorgo,1988,1988/1989,Chaco,22,9 de Julio,22105,2000,1850,4500,2432
sorgo,1988,1988/1989,Chaco,22,Almirante Brown,22007,4500,4200,9000,2143
sorgo,1988,1988/1989,Chaco,22,Bermejo,22014,300,300,850,2833
sorgo,1988,1988/1989,Chaco,22,Chacabuco,22028,2500,2250,6500,2889
sorgo,1988,1988/1989,Chaco,22,Comandante Fernández,22021,3500,3250,9000,2769
sorgo,1988,1988/1989,Chaco,22,Fray Justo Santa María de Oro,22043,3000,2700,6600,2444
sorgo,1988,1988/1989,Chaco,22,General Belgrano,22049,1500,1350,3600,2667
sorgo,1988,1988/1989,Chaco,22,General Donovan,22056,250,250,750,3000
sorgo,1988,1988/1989,Chaco,22,General Güemes,22063,4000,3800,8200,2158
sorgo,1988,1988/1989,Chaco,22,Independencia,22070,1000,900,2200,2444
sorgo,1988,1988/1989,Chaco,22,Libertad,22077,300,300,800,2667
sorgo,1988,1988/1989,Chaco,22,Libertador General San Martín,22084,2500,2500,7000,2800
sorgo,1988,1988/1989,Chaco,22,Maipú,22091,10000,9500,23000,2421
sorgo,1988,1988/1989,Chaco,22,Mayor Luis J. Fontana,22098,3000,2600,6000,2308
sorgo,1988,1988/1989,Chaco,22,O'Higgins,22112,1200,1100,2350,2136
sorgo,1988,1988/1989,Chaco,22,Presidencia de la Plaza,22119,250,250,600,2400
sorgo,1988,1988/1989,Chaco,22,Quitilipi,22133,6500,6000,17000,2833
sorgo,1988,1988/1989,Chaco,22,San Fernando,22140,300,300,900,3000
sorgo,1988,1988/1989,Chaco,22,San Lorenzo,22147,500,450,950,2111
sorgo,1988,1988/1989,Chaco,22,Sargento Cabral,22154,500,500,1300,2600
sorgo,1988,1988/1989,Córdoba,14,Calamuchita,14007,1500,1000,2800,2800
sorgo,1988,1988/1989,Córdoba,14,Colón,14021,1500,1000,2900,2900
sorgo,1988,1988/1989,Córdoba,14,General Roca,14035,26500,13000,41600,3200
sorgo,1988,1988/1989,Córdoba,14,General San Martín,14042,4000,2500,7000,2800
sorgo,1988,1988/1989,Córdoba,14,Ischilín,14049,500,150,375,2500
sorgo,1988,1988/1989,Córdoba,14,Juárez Celman,14056,20000,10000,30000,3000
sorgo,1988,1988/1989,Córdoba,14,Marcos Juárez,14063,5000,4000,11600,2900
sorgo,1988,1988/1989,Córdoba,14,Presidente Roque Sáenz Peña,14084,19500,10000,32000,3200
sorgo,1988,1988/1989,Córdoba,14,Río Cuarto,14098,38000,19000,60800,3200
sorgo,1988,1988/1989,Córdoba,14,Río Primero,14105,18000,14000,40000,2857
sorgo,1988,1988/1989,Córdoba,14,Río Seco,14112,500,350,910,2600
sorgo,1988,1988/1989,Córdoba,14,Río Segundo,14119,22000,18000,50000,2778
sorgo,1988,1988/1989,Córdoba,14,San Justo,14140,43000,23650,61490,2600
sorgo,1988,1988/1989,Córdoba,14,Santa María,14147,3000,2000,5800,2900
sorgo,1988,1988/1989,Córdoba,14,Sobremonte,14154,200,0,0,0
sorgo,1988,1988/1989,Córdoba,14,Tercero Arriba,14161,30000,25000,70000,2800
sorgo,1988,1988/1989,Córdoba,14,Totoral,14168,1300,1000,2800,2800
sorgo,1988,1988/1989,Córdoba,14,Tulumba,14175,500,350,925,2643
sorgo,1988,1988/1989,Córdoba,14,Unión,14182,10000,5000,14000,2800
sorgo,1988,1988/1989,Corrientes,18,Bella Vista,18007,100,100,250,2500
sorgo,1988,1988/1989,Corrientes,18,Curuzu Cuatia,18035,50,50,100,2000
sorgo,1988,1988/1989,Corrientes,18,Lavalle,18091,50,50,110,2200
sorgo,1988,1988/1989,Corrientes,18,Mburucuyá,18098,20,20,40,2000
sorgo,1988,1988/1989,Corrientes,18,Saladas,18126,40,40,90,2250
sorgo,1988,1988/1989,Corrientes,18,San Martín,18147,120,120,260,2167
sorgo,1988,1988/1989,Corrientes,18,San Miguel,18154,30,30,90,3000
sorgo,1988,1988/1989,Corrientes,18,San Roque,18161,100,100,140,1400
sorgo,1988,1988/1989,Corrientes,18,Santo Tomé,18168,350,350,800,2286
sorgo,1988,1988/1989,Corrientes,18,Sauce,18175,140,140,420,3000
sorgo,1988,1988/1989,Entre Ríos,30,Colón,30008,3000,2000,3000,1500
sorgo,1988,1988/1989,Entre Ríos,30,Concordia,30015,1200,600,1000,1667
sorgo,1988,1988/1989,Entre Ríos,30,Diamante,30021,10000,5500,11000,2000
sorgo,1988,1988/1989,Entre Ríos,30,Federal,30035,100,0,0,0
sorgo,1988,1988/1989,Entre Ríos,30,Gualeguay,30049,9000,5000,9500,1900
sorgo,1988,1988/1989,Entre Ríos,30,Gualeguaychú,30056,11000,6000,10800,1800
sorgo,1988,1988/1989,Entre Ríos,30,La Paz,30070,5500,3500,5200,1486
sorgo,1988,1988/1989,Entre Ríos,30,Nogoyá,30077,3500,2000,3200,1600
sorgo,1988,1988/1989,Entre Ríos,30,Paraná,30084,8000,4500,8100,1800
sorgo,1988,1988/1989,Entre Ríos,30,Tala,30091,2000,1200,1900,1583
sorgo,1988,1988/1989,Entre Ríos,30,Uruguay,30098,3000,2000,3000,1500
sorgo,1988,1988/1989,Entre Ríos,30,Victoria,30105,12000,8500,18700,2200
sorgo,1988,1988/1989,Entre Ríos,30,Villaguay,30113,6000,3500,6600,1886
sorgo,1988,1988/1989,Formosa,34,Formosa,34014,3500,3000,9000,3000
sorgo,1988,1988/1989,Formosa,34,Laishí,34021,2000,1800,5500,3056
sorgo,1988,1988/1989,Formosa,34,Patiño,34035,2500,2000,6200,3100
sorgo,1988,1988/1989,Formosa,34,Pilagás,34042,2000,1000,3000,3000
sorgo,1988,1988/1989,Formosa,34,Pilcomayo,34049,1000,500,1200,2400
sorgo,1988,1988/1989,Formosa,34,Pirané,34056,4000,1700,5100,3000
sorgo,1988,1988/1989,Jujuy,38,El Carmen,38014,500,450,1100,2444
sorgo,1988,1988/1989,Jujuy,38,San Pedro,38063,500,500,1300,2600
sorgo,1988,1988/1989,La Pampa,42,Atreucó,42007,10000,9000,19000,2111
sorgo,1988,1988/1989,La Pampa,42,Capital,42021,9500,7900,14000,1772
sorgo,1988,1988/1989,La Pampa,42,Catriló,42028,7500,6800,14200,2088
sorgo,1988,1988/1989,La Pampa,42,Chapaleufú,42056,6000,4500,11000,2444
sorgo,1988,1988/1989,La Pampa,42,Conhelo,42035,21500,15400,32000,2078
sorgo,1988,1988/1989,La Pampa,42,Guatraché,42070,8500,6800,9000,1324
sorgo,1988,1988/1989,La Pampa,42,Hucal,42077,1500,1000,1200,1200
sorgo,1988,1988/1989,La Pampa,42,Loventué,42098,3500,2500,4000,1600
sorgo,1988,1988/1989,La Pampa,42,Maracó,42105,8500,6800,16000,2353
sorgo,1988,1988/1989,La Pampa,42,Quemú Quemú,42119,9000,7200,16000,2222
sorgo,1988,1988/1989,La Pampa,42,Rancul,42126,23500,14000,29600,2114
sorgo,1988,1988/1989,La Pampa,42,Realicó,42133,8500,6000,12000,2000
sorgo,1988,1988/1989,La Pampa,42,Toay,42140,3000,2300,2700,1174
sorgo,1988,1988/1989,La Pampa,42,Trenel,42147,12500,8200,17300,2110
sorgo,1988,1988/1989,La Pampa,42,Utracán,42154,2000,1600,2000,1250
sorgo,1988,1988/1989,Misiones,54,Apóstoles,54007,100,80,230,2875
sorgo,1988,1988/1989,Misiones,54,Candelaria,54021,140,100,310,3100
sorgo,1988,1988/1989,Misiones,54,Capital,54028,700,100,300,3000
sorgo,1988,1988/1989,Misiones,54,Concepción,54035,30,10,30,3000
sorgo,1988,1988/1989,Misiones,54,Eldorado,54042,30,10,30,3000
sorgo,1988,1988/1989,Salta,66,Anta,66007,2000,500,900,1800
sorgo,1988,1988/1989,Salta,66,General José de San Martín,66056,500,300,600,2000
sorgo,1988,1988/1989,Salta,66,Metán,66112,1000,500,1000,2000
sorgo,1988,1988/1989,Salta,66,Molinos,66119,500,200,400,2000
sorgo,1988,1988/1989,Salta,66,Rosario de la Frontera,66140,1000,500,900,1800
sorgo,1988,1988/1989,San Luis,74,Chacabuco,74028,2500,2200,5000,2273
sorgo,1988,1988/1989,San Luis,74,Coronel Pringles,74021,1200,1000,3000,3000
sorgo,1988,1988/1989,San Luis,74,General Pedernera,74035,6000,4500,10000,2222
sorgo,1988,1988/1989,San Luis,74,Gobernador Dupuy,74042,4000,1500,4500,3000
sorgo,1988,1988/1989,San Luis,74,Juan Martín de Pueyrredón,74056,400,300,1000,3333
sorgo,1988,1988/1989,San Luis,74,Junín,74049,600,500,1500,3000
sorgo,1988,1988/1989,San Luis,74,Libertador General San Martín,74063,300,0,0,0
sorgo,1988,1988/1989,Santa Fe,82,9 de Julio,82077,15000,12000,25000,2083
sorgo,1988,1988/1989,Santa Fe,82,Belgrano,82007,1000,800,2300,2875
sorgo,1988,1988/1989,Santa Fe,82,Caseros,82014,500,400,1000,2500
sorgo,1988,1988/1989,Santa Fe,82,Castellanos,82021,25000,22000,55000,2500
sorgo,1988,1988/1989,Santa Fe,82,Garay,82035,1500,500,1000,2000
sorgo,1988,1988/1989,Santa Fe,82,General López,82042,15000,12500,38000,3040
sorgo,1988,1988/1989,Santa Fe,82,General Obligado,82049,4000,3000,6000,2000
sorgo,1988,1988/1989,Santa Fe,82,Iriondo,82056,500,400,1200,3000
sorgo,1988,1988/1989,Santa Fe,82,La Capital,82063,2500,2300,5600,2435
sorgo,1988,1988/1989,Santa Fe,82,Las Colonias,82070,16000,14000,35000,2500
sorgo,1988,1988/1989,Santa Fe,82,Rosario,82084,500,200,700,3500
sorgo,1988,1988/1989,Santa Fe,82,San Cristóbal,82091,25000,20000,40000,2000
sorgo,1988,1988/1989,Santa Fe,82,San Javier,82098,2000,2000,4000,2000
sorgo,1988,1988/1989,Santa Fe,82,San Jerónimo,82105,4500,4000,10000,2500
sorgo,1988,1988/1989,Santa Fe,82,San Justo,82112,4000,3500,8600,2457
sorgo,1988,1988/1989,Santa Fe,82,San Lorenzo,82119,1000,700,2000,2857
sorgo,1988,1988/1989,Santa Fe,82,San Martín,82126,15500,14300,36000,2517
sorgo,1988,1988/1989,Santa Fe,82,Vera,82133,1000,1000,2500,2500
sorgo,1988,1988/1989,Santa Fe,82,Villa Constitución,82028,500,400,1100,2750
sorgo,1988,1988/1989,Santiago del Estero,86,Choya,86063,7000,4000,8000,2000
sorgo,1988,1988/1989,Santiago del Estero,86,Copo,86056,12000,11000,19000,1727
sorgo,1988,1988/1989,Santiago del Estero,86,Guasayán,86084,7000,4500,7000,1556
sorgo,1988,1988/1989,Santiago del Estero,86,Jiménez,86091,10000,8000,10000,1250
sorgo,1988,1988/1989,Santiago del Estero,86,Juan F. Ibarra,86098,8000,6000,10000,1667
sorgo,1988,1988/1989,Santiago del Estero,86,Pellegrini,86133,4000,3500,6000,1714
sorgo,1988,1988/1989,Tucumán,90,Burruyacú,90007,280,110,80,727
sorgo,1988,1988/1989,Tucumán,90,Cruz Alta,90014,130,60,50,833
sorgo,1988,1988/1989,Tucumán,90,Graneros,90035,850,360,300,833
sorgo,1988,1988/1989,Tucumán,90,Leales,90056,390,175,130,743
sorgo,1988,1988/1989,Tucumán,90,Río Chico,90077,50,25,20,800
sorgo,1988,1988/1989,Tucumán,90,Trancas,90112,300,150,120,800
sorgo,1989,1989/1990,Buenos Aires,06,25 de Mayo,06854,400,400,1500,3750
sorgo,1989,1989/1990,Buenos Aires,06,9 de Julio,06588,100,100,350,3500
sorgo,1989,1989/1990,Buenos Aires,06,Adolfo Alsina,06007,3000,3000,10000,3333
sorgo,1989,1989/1990,Buenos Aires,06,Adolfo Gonzales Chaves,06014,700,400,1200,3000
sorgo,1989,1989/1990,Buenos Aires,06,Bahía Blanca,06056,1000,1000,2500,2500
sorgo,1989,1989/1990,Buenos Aires,06,Balcarce,06063,2000,2000,10000,5000
sorgo,1989,1989/1990,Buenos Aires,06,Baradero,06070,300,300,900,3000
sorgo,1989,1989/1990,Buenos Aires,06,Benito Juárez,06084,300,300,1100,3667
sorgo,1989,1989/1990,Buenos Aires,06,Bolívar,06105,1000,1000,3500,3500
sorgo,1989,1989/1990,Buenos Aires,06,Carlos Casares,06147,500,500,1900,3800
sorgo,1989,1989/1990,Buenos Aires,06,Carlos Tejedor,06154,800,800,2800,3500
sorgo,1989,1989/1990,Buenos Aires,06,Chascomús,06217,400,400,1800,4500
sorgo,1989,1989/1990,Buenos Aires,06,Coronel Dorrego,06189,2000,2000,6000,3000
sorgo,1989,1989/1990,Buenos Aires,06,Coronel Pringles,06196,2000,1000,4000,4000
sorgo,1989,1989/1990,Buenos Aires,06,Coronel Suárez,06203,500,500,1800,3600
sorgo,1989,1989/1990,Buenos Aires,06,Daireaux,06231,400,400,1520,3800
sorgo,1989,1989/1990,Buenos Aires,06,Exaltación de la Cruz,06266,200,200,700,3500
sorgo,1989,1989/1990,Buenos Aires,06,General Alvarado,06280,200,200,800,4000
sorgo,1989,1989/1990,Buenos Aires,06,General Alvear,06287,100,0,0,0
sorgo,1989,1989/1990,Buenos Aires,06,General Belgrano,06301,100,0,0,0
sorgo,1989,1989/1990,Buenos Aires,06,General La Madrid,06322,300,300,900,3000
sorgo,1989,1989/1990,Buenos Aires,06,General Pinto,06351,800,600,2000,3333
sorgo,1989,1989/1990,Buenos Aires,06,General Pueyrredón,06357,500,500,2000,4000
sorgo,1989,1989/1990,Buenos Aires,06,General Villegas,06392,2400,1600,5200,3250
sorgo,1989,1989/1990,Buenos Aires,06,Guaminí,06399,1000,500,1500,3000
sorgo,1989,1989/1990,Buenos Aires,06,Hipólito Yrigoyen,06406,300,300,1000,3333
sorgo,1989,1989/1990,Buenos Aires,06,Las Flores,06455,600,600,1800,3000
sorgo,1989,1989/1990,Buenos Aires,06,Leandro N. Alem,06462,1000,500,2000,4000
sorgo,1989,1989/1990,Buenos Aires,06,Lincoln,06469,1200,900,2900,3222
sorgo,1989,1989/1990,Buenos Aires,06,Luján,06497,100,100,380,3800
sorgo,1989,1989/1990,Buenos Aires,06,Navarro,06574,200,200,800,4000
sorgo,1989,1989/1990,Buenos Aires,06,Olavarría,06595,200,200,700,3500
sorgo,1989,1989/1990,Buenos Aires,06,Pehuajó,06609,400,400,1500,3750
sorgo,1989,1989/1990,Buenos Aires,06,Pellegrini,06616,1000,900,3200,3556
sorgo,1989,1989/1990,Buenos Aires,06,Puán,06651,1500,1400,4400,3143
sorgo,1989,1989/1990,Buenos Aires,06,Rivadavia,06679,1800,1500,5550,3700
sorgo,1989,1989/1990,Buenos Aires,06,Saavedra,06700,1000,500,1500,3000
sorgo,1989,1989/1990,Buenos Aires,06,Saladillo,06707,300,300,1100,3667
sorgo,1989,1989/1990,Buenos Aires,06,Salliqueló,06721,300,300,900,3000
sorgo,1989,1989/1990,Buenos Aires,06,San Pedro,06770,200,200,800,4000
sorgo,1989,1989/1990,Buenos Aires,06,Suipacha,06784,100,100,500,5000
sorgo,1989,1989/1990,Buenos Aires,06,Tapalqué,06798,100,100,300,3000
sorgo,1989,1989/1990,Buenos Aires,06,Tornquist,06819,1500,1500,3000,2000
sorgo,1989,1989/1990,Buenos Aires,06,Trenque Lauquen,06826,1200,1000,3700,3700
sorgo,1989,1989/1990,Buenos Aires,06,Tres Arroyos,06833,1000,0,0,0
sorgo,1989,1989/1990,Catamarca,10,La Paz,10070,2000,2000,4000,2000
sorgo,1989,1989/1990,Catamarca,10,Santa Rosa,10098,8000,8000,19100,2388
sorgo,1989,1989/1990,Chaco,22,12 de Octubre,22036,4000,4000,10500,2625
sorgo,1989,1989/1990,Chaco,22,25 de Mayo,22168,400,400,1050,2625
sorgo,1989,1989/1990,Chaco,22,9 de Julio,22105,1200,1200,3200,2667
sorgo,1989,1989/1990,Chaco,22,Almirante Brown,22007,3000,3000,5500,1833
sorgo,1989,1989/1990,Chaco,22,Bermejo,22014,100,100,300,3000
sorgo,1989,1989/1990,Chaco,22,Chacabuco,22028,1500,1500,4200,2800
sorgo,1989,1989/1990,Chaco,22,Comandante Fernández,22021,2000,2000,5700,2850
sorgo,1989,1989/1990,Chaco,22,Fray Justo Santa María de Oro,22043,2500,2500,7000,2800
sorgo,1989,1989/1990,Chaco,22,General Belgrano,22049,1200,1200,3000,2500
sorgo,1989,1989/1990,Chaco,22,General Donovan,22056,200,200,550,2750
sorgo,1989,1989/1990,Chaco,22,General Güemes,22063,2000,1500,2600,1733
sorgo,1989,1989/1990,Chaco,22,Independencia,22070,1000,1000,2700,2700
sorgo,1989,1989/1990,Chaco,22,Libertad,22077,150,150,300,2000
sorgo,1989,1989/1990,Chaco,22,Libertador General San Martín,22084,2000,2000,5500,2750
sorgo,1989,1989/1990,Chaco,22,Maipú,22091,4500,4500,12500,2778
sorgo,1989,1989/1990,Chaco,22,Mayor Luis J. Fontana,22098,2000,2000,5000,2500
sorgo,1989,1989/1990,Chaco,22,O'Higgins,22112,500,500,1350,2700
sorgo,1989,1989/1990,Chaco,22,Presidencia de la Plaza,22119,250,250,550,2200
sorgo,1989,1989/1990,Chaco,22,Quitilipi,22133,2700,2700,7500,2778
sorgo,1989,1989/1990,Chaco,22,San Fernando,22140,300,300,850,2833
sorgo,1989,1989/1990,Chaco,22,San Lorenzo,22147,450,450,1000,2222
sorgo,1989,1989/1990,Chaco,22,Sargento Cabral,22154,350,350,950,2714
sorgo,1989,1989/1990,Córdoba,14,Calamuchita,14007,500,500,1500,3000
sorgo,1989,1989/1990,Córdoba,14,Colón,14021,1500,1500,4500,3000
sorgo,1989,1989/1990,Córdoba,14,General Roca,14035,25000,24000,54000,2250
sorgo,1989,1989/1990,Córdoba,14,General San Martín,14042,12000,12000,36000,3000
sorgo,1989,1989/1990,Córdoba,14,Juárez Celman,14056,22000,21500,64500,3000
sorgo,1989,1989/1990,Córdoba,14,Marcos Juárez,14063,5000,4500,10000,2222
sorgo,1989,1989/1990,Córdoba,14,Presidente Roque Sáenz Peña,14084,20000,18500,42000,2270
sorgo,1989,1989/1990,Córdoba,14,Río Cuarto,14098,30000,28500,86000,3018
sorgo,1989,1989/1990,Córdoba,14,Río Primero,14105,20000,20000,55000,2750
sorgo,1989,1989/1990,Córdoba,14,Río Seco,14112,1000,1000,3000,3000
sorgo,1989,1989/1990,Córdoba,14,Río Segundo,14119,22000,22000,79000,3591
sorgo,1989,1989/1990,Córdoba,14,San Justo,14140,35000,33500,110000,3284
sorgo,1989,1989/1990,Córdoba,14,Santa María,14147,500,500,1700,3400
sorgo,1989,1989/1990,Córdoba,14,Tercero Arriba,14161,20000,19000,70000,3684
sorgo,1989,1989/1990,Córdoba,14,Totoral,14168,1000,1000,3800,3800
sorgo,1989,1989/1990,Córdoba,14,Tulumba,14175,1000,1000,3000,3000
sorgo,1989,1989/1990,Córdoba,14,Unión,14182,12000,10000,20000,2000
sorgo,1989,1989/1990,Corrientes,18,Bella Vista,18007,80,80,240,3000
sorgo,1989,1989/1990,Corrientes,18,Curuzu Cuatia,18035,70,70,210,3000
sorgo,1989,1989/1990,Corrientes,18,Lavalle,18091,100,100,300,3000
sorgo,1989,1989/1990,Corrientes,18,Saladas,18126,50,50,150,3000
sorgo,1989,1989/1990,Corrientes,18,San Martín,18147,150,150,500,3333
sorgo,1989,1989/1990,Corrientes,18,San Roque,18161,150,150,500,3333
sorgo,1989,1989/1990,Corrientes,18,Santo Tomé,18168,300,300,800,2667
sorgo,1989,1989/1990,Corrientes,18,Sauce,18175,100,100,300,3000
sorgo,1989,1989/1990,Entre Ríos,30,Colón,30008,3000,3000,9000,3000
sorgo,1989,1989/1990,Entre Ríos,30,Concordia,30015,1500,1500,4500,3000
sorgo,1989,1989/1990,Entre Ríos,30,Diamante,30021,12000,12000,40000,3333
sorgo,1989,1989/1990,Entre Ríos,30,Gualeguay,30049,10000,10000,35000,3500
sorgo,1989,1989/1990,Entre Ríos,30,Gualeguaychú,30056,13000,13000,35000,2692
sorgo,1989,1989/1990,Entre Ríos,30,La Paz,30070,5000,5000,12000,2400
sorgo,1989,1989/1990,Entre Ríos,30,Nogoyá,30077,4000,4000,14000,3500
sorgo,1989,1989/1990,Entre Ríos,30,Paraná,30084,8500,8500,28000,3294
sorgo,1989,1989/1990,Entre Ríos,30,Tala,30091,2000,2000,5000,2500
sorgo,1989,1989/1990,Entre Ríos,30,Uruguay,30098,3000,3000,9000,3000
sorgo,1989,1989/1990,Entre Ríos,30,Victoria,30105,13000,13000,46500,3577
sorgo,1989,1989/1990,Entre Ríos,30,Villaguay,30113,6000,6000,12000,2000
sorgo,1989,1989/1990,Formosa,34,Formosa,34014,1500,600,1200,2000
sorgo,1989,1989/1990,Formosa,34,Laishí,34021,1000,400,1100,2750
sorgo,1989,1989/1990,Formosa,34,Patiño,34035,1200,500,1100,2200
sorgo,1989,1989/1990,Formosa,34,Pilagás,34042,1100,400,1100,2750
sorgo,1989,1989/1990,Formosa,34,Pilcomayo,34049,500,200,500,2500
sorgo,1989,1989/1990,Formosa,34,Pirané,34056,2200,900,2100,2333
sorgo,1989,1989/1990,Jujuy,38,El Carmen,38014,200,200,700,3500
sorgo,1989,1989/1990,Jujuy,38,San Pedro,38063,200,200,600,3000
sorgo,1989,1989/1990,La Pampa,42,Atreucó,42007,10500,9000,25000,2778
sorgo,1989,1989/1990,La Pampa,42,Capital,42021,9500,7600,17000,2237
sorgo,1989,1989/1990,La Pampa,42,Catriló,42028,7100,5300,13900,2623
sorgo,1989,1989/1990,La Pampa,42,Chapaleufú,42056,5500,4700,13100,2787
sorgo,1989,1989/1990,La Pampa,42,Conhelo,42035,20000,14000,31000,2214
sorgo,1989,1989/1990,La Pampa,42,Guatraché,42070,8500,6800,12300,1809
sorgo,1989,1989/1990,La Pampa,42,Hucal,42077,1500,1200,1800,1500
sorgo,1989,1989/1990,La Pampa,42,Loventué,42098,2500,1800,2600,1444
sorgo,1989,1989/1990,La Pampa,42,Maracó,42105,6000,5100,13800,2706
sorgo,1989,1989/1990,La Pampa,42,Quemú Quemú,42119,6500,5500,14400,2618
sorgo,1989,1989/1990,La Pampa,42,Rancul,42126,20000,14700,32000,2177
sorgo,1989,1989/1990,La Pampa,42,Realicó,42133,8000,6400,14800,2313
sorgo,1989,1989/1990,La Pampa,42,Toay,42140,4000,2800,4200,1500
sorgo,1989,1989/1990,La Pampa,42,Trenel,42147,10400,8400,17000,2024
sorgo,1989,1989/1990,La Pampa,42,Utracán,42154,2000,1400,2100,1500
sorgo,1989,1989/1990,Misiones,54,Apóstoles,54007,80,80,240,3000
sorgo,1989,1989/1990,Misiones,54,Candelaria,54021,100,100,300,3000
sorgo,1989,1989/1990,Misiones,54,Capital,54028,560,560,1680,3000
sorgo,1989,1989/1990,Misiones,54,Concepción,54035,60,60,180,3000
sorgo,1989,1989/1990,Salta,66,Anta,66007,2500,2500,7500,3000
sorgo,1989,1989/1990,Salta,66,Capital,66028,100,100,280,2800
sorgo,1989,1989/1990,Salta,66,Cerrillos,66035,200,200,520,2600
sorgo,1989,1989/1990,Salta,66,Chicoana,66042,100,100,280,2800
sorgo,1989,1989/1990,Salta,66,General Güemes,66049,300,300,840,2800
sorgo,1989,1989/1990,Salta,66,General José de San Martín,66056,500,500,1500,3000
sorgo,1989,1989/1990,Salta,66,La Candelaria,66084,300,300,900,3000
sorgo,1989,1989/1990,Salta,66,Metán,66112,1200,1200,3600,3000
sorgo,1989,1989/1990,Salta,66,Orán,66126,500,500,1500,3000
sorgo,1989,1989/1990,Salta,66,Rosario de la Frontera,66140,1200,1200,3600,3000
sorgo,1989,1989/1990,Salta,66,Rosario de Lerma,66147,100,100,280,2800
sorgo,1989,1989/1990,San Luis,74,Chacabuco,74028,3000,2500,7000,2800
sorgo,1989,1989/1990,San Luis,74,Coronel Pringles,74021,3000,1500,3000,2000
sorgo,1989,1989/1990,San Luis,74,General Pedernera,74035,7000,5400,13000,2407
sorgo,1989,1989/1990,San Luis,74,Gobernador Dupuy,74042,5000,4000,10000,2500
sorgo,1989,1989/1990,San Luis,74,Juan Martín de Pueyrredón,74056,500,400,1000,2500
sorgo,1989,1989/1990,San Luis,74,Junín,74049,1000,800,2000,2500
sorgo,1989,1989/1990,San Luis,74,Libertador General San Martín,74063,500,400,1000,2500
sorgo,1989,1989/1990,Santa Fe,82,9 de Julio,82077,25000,25000,62000,2480
sorgo,1989,1989/1990,Santa Fe,82,Belgrano,82007,1100,1000,3000,3000
sorgo,1989,1989/1990,Santa Fe,82,Caseros,82014,500,500,1800,3600
sorgo,1989,1989/1990,Santa Fe,82,Castellanos,82021,32000,29000,90000,3103
sorgo,1989,1989/1990,Santa Fe,82,Garay,82035,1500,1500,4800,3200
sorgo,1989,1989/1990,Santa Fe,82,General López,82042,14000,12500,42500,3400
sorgo,1989,1989/1990,Santa Fe,82,General Obligado,82049,5000,3500,10500,3000
sorgo,1989,1989/1990,Santa Fe,82,Iriondo,82056,500,500,1750,3500
sorgo,1989,1989/1990,Santa Fe,82,La Capital,82063,4000,4000,12800,3200
sorgo,1989,1989/1990,Santa Fe,82,Las Colonias,82070,18000,16000,51000,3188
sorgo,1989,1989/1990,Santa Fe,82,Rosario,82084,500,500,1650,3300
sorgo,1989,1989/1990,Santa Fe,82,San Cristóbal,82091,30000,27000,84100,3115
sorgo,1989,1989/1990,Santa Fe,82,San Javier,82098,2000,2000,5800,2900
sorgo,1989,1989/1990,Santa Fe,82,San Jerónimo,82105,5000,5000,15000,3000
sorgo,1989,1989/1990,Santa Fe,82,San Justo,82112,8000,7500,22000,2933
sorgo,1989,1989/1990,Santa Fe,82,San Lorenzo,82119,1000,1000,3200,3200
sorgo,1989,1989/1990,Santa Fe,82,San Martín,82126,17400,15000,45500,3033
sorgo,1989,1989/1990,Santa Fe,82,Vera,82133,2000,2000,6000,3000
sorgo,1989,1989/1990,Santa Fe,82,Villa Constitución,82028,500,500,1600,3200
sorgo,1989,1989/1990,Santiago del Estero,86,Choya,86063,10000,9000,22000,2444
sorgo,1989,1989/1990,Santiago del Estero,86,Copo,86056,30000,28000,65000,2321
sorgo,1989,1989/1990,Santiago del Estero,86,Guasayán,86084,10000,9500,23000,2421
sorgo,1989,1989/1990,Santiago del Estero,86,Jiménez,86091,15000,15000,35000,2333
sorgo,1989,1989/1990,Santiago del Estero,86,Juan F. Ibarra,86098,9000,8500,20000,2353
sorgo,1989,1989/1990,Santiago del Estero,86,Pellegrini,86133,6000,6000,15000,2500
sorgo,1989,1989/1990,Tucumán,90,Burruyacú,90007,1100,1090,3300,3028
sorgo,1989,1989/1990,Tucumán,90,Cruz Alta,90014,500,495,1500,3030
sorgo,1989,1989/1990,Tucumán,90,Graneros,90035,2200,2180,6600,3028
sorgo,1989,1989/1990,Tucumán,90,Leales,90056,900,890,2700,3034
sorgo,1989,1989/1990,Tucumán,90,Río Chico,90077,200,198,600,3030
sorgo,1989,1989/1990,Tucumán,90,Trancas,90112,1600,1582,4800,3034
sorgo,1990,1990/1991,Buenos Aires,06,25 de Mayo,06854,1400,1400,6300,4500
sorgo,1990,1990/1991,Buenos Aires,06,9 de Julio,06588,100,100,500,5000
sorgo,1990,1990/1991,Buenos Aires,06,Adolfo Alsina,06007,1600,1600,5600,3500
sorgo,1990,1990/1991,Buenos Aires,06,Arrecifes,06077,200,200,600,3000
sorgo,1990,1990/1991,Buenos Aires,06,Azul,06049,1800,1800,6700,3722
sorgo,1990,1990/1991,Buenos Aires,06,Bahía Blanca,06056,1500,1500,4500,3000
sorgo,1990,1990/1991,Buenos Aires,06,Baradero,06070,300,300,800,2667
sorgo,1990,1990/1991,Buenos Aires,06,Bolívar,06105,900,900,4100,4556
sorgo,1990,1990/1991,Buenos Aires,06,Bragado,06112,100,100,500,5000
sorgo,1990,1990/1991,Buenos Aires,06,Carlos Casares,06147,300,300,1700,5667
sorgo,1990,1990/1991,Buenos Aires,06,Carlos Tejedor,06154,2200,2200,12100,5500
sorgo,1990,1990/1991,Buenos Aires,06,Chascomús,06217,200,200,900,4500
sorgo,1990,1990/1991,Buenos Aires,06,Colón,06175,100,100,300,3000
sorgo,1990,1990/1991,Buenos Aires,06,Coronel Dorrego,06189,2000,2000,7000,3500
sorgo,1990,1990/1991,Buenos Aires,06,Coronel Suárez,06203,500,500,1800,3600
sorgo,1990,1990/1991,Buenos Aires,06,Exaltación de la Cruz,06266,200,200,500,2500
sorgo,1990,1990/1991,Buenos Aires,06,General Alvear,06287,300,300,1400,4667
sorgo,1990,1990/1991,Buenos Aires,06,General Arenales,06294,100,100,500,5000
sorgo,1990,1990/1991,Buenos Aires,06,General La Madrid,06322,300,300,1100,3667
sorgo,1990,1990/1991,Buenos Aires,06,General Pinto,06351,1500,1500,5900,3933
sorgo,1990,1990/1991,Buenos Aires,06,General Villegas,06392,6000,6000,24600,4100
sorgo,1990,1990/1991,Buenos Aires,06,Guaminí,06399,400,400,1400,3500
sorgo,1990,1990/1991,Buenos Aires,06,Leandro N. Alem,06462,500,500,2000,4000
sorgo,1990,1990/1991,Buenos Aires,06,Lincoln,06469,3000,2800,11500,4107
sorgo,1990,1990/1991,Buenos Aires,06,Lobos,06483,400,400,2000,5000
sorgo,1990,1990/1991,Buenos Aires,06,Monte,06547,300,300,1400,4667
sorgo,1990,1990/1991,Buenos Aires,06,Olavarría,06595,100,100,500,5000
sorgo,1990,1990/1991,Buenos Aires,06,Pehuajó,06609,700,700,3900,5571
sorgo,1990,1990/1991,Buenos Aires,06,Pellegrini,06616,300,300,1100,3667
sorgo,1990,1990/1991,Buenos Aires,06,Pergamino,06623,400,400,1100,2750
sorgo,1990,1990/1991,Buenos Aires,06,Ramallo,06665,100,100,300,3000
sorgo,1990,1990/1991,Buenos Aires,06,Rivadavia,06679,2600,2600,14300,5500
sorgo,1990,1990/1991,Buenos Aires,06,Roque Pérez,06693,100,100,500,5000
sorgo,1990,1990/1991,Buenos Aires,06,Saavedra,06700,2000,1000,3000,3000
sorgo,1990,1990/1991,Buenos Aires,06,Salliqueló,06721,200,200,700,3500
sorgo,1990,1990/1991,Buenos Aires,06,Salto,06714,200,200,600,3000
sorgo,1990,1990/1991,Buenos Aires,06,San Andrés de Giles,06728,100,100,500,5000
sorgo,1990,1990/1991,Buenos Aires,06,San Antonio de Areco,06735,200,200,500,2500
sorgo,1990,1990/1991,Buenos Aires,06,San Nicolás,06763,100,100,300,3000
sorgo,1990,1990/1991,Buenos Aires,06,San Pedro,06770,400,400,1000,2500
sorgo,1990,1990/1991,Buenos Aires,06,Tandil,06791,1100,1100,1100,1000
sorgo,1990,1990/1991,Buenos Aires,06,Tapalqué,06798,100,100,500,5000
sorgo,1990,1990/1991,Buenos Aires,06,Tornquist,06819,2000,1500,4200,2800
sorgo,1990,1990/1991,Buenos Aires,06,Trenque Lauquen,06826,2200,2200,11000,5000
sorgo,1990,1990/1991,Catamarca,10,Ambato,10007,10000,10000,32600,3260
sorgo,1990,1990/1991,Chaco,22,12 de Octubre,22036,15000,15000,37500,2500
sorgo,1990,1990/1991,Chaco,22,25 de Mayo,22168,500,500,1300,2600
sorgo,1990,1990/1991,Chaco,22,9 de Julio,22105,2500,2500,6300,2520
sorgo,1990,1990/1991,Chaco,22,Almirante Brown,22007,1100,1100,2800,2545
sorgo,1990,1990/1991,Chaco,22,Bermejo,22014,400,400,1000,2500
sorgo,1990,1990/1991,Chaco,22,Chacabuco,22028,12000,12000,30000,2500
sorgo,1990,1990/1991,Chaco,22,Comandante Fernández,22021,5000,5000,12500,2500
sorgo,1990,1990/1991,Chaco,22,Fray Justo Santa María de Oro,22043,2000,2000,5000,2500
sorgo,1990,1990/1991,Chaco,22,General Belgrano,22049,2000,2000,5000,2500
sorgo,1990,1990/1991,Chaco,22,General Donovan,22056,200,200,500,2500
sorgo,1990,1990/1991,Chaco,22,General Güemes,22063,2000,2000,5000,2500
sorgo,1990,1990/1991,Chaco,22,Independencia,22070,2000,2000,5000,2500
sorgo,1990,1990/1991,Chaco,22,Libertad,22077,200,200,500,2500
sorgo,1990,1990/1991,Chaco,22,Libertador General San Martín,22084,3000,3000,7500,2500
sorgo,1990,1990/1991,Chaco,22,Maipú,22091,4000,4000,10000,2500
sorgo,1990,1990/1991,Chaco,22,Mayor Luis J. Fontana,22098,4000,4000,10000,2500
sorgo,1990,1990/1991,Chaco,22,O'Higgins,22112,500,500,1300,2600
sorgo,1990,1990/1991,Chaco,22,Presidencia de la Plaza,22119,200,200,500,2500
sorgo,1990,1990/1991,Chaco,22,Quitilipi,22133,2000,2000,5000,2500
sorgo,1990,1990/1991,Chaco,22,San Fernando,22140,600,600,1500,2500
sorgo,1990,1990/1991,Chaco,22,San Lorenzo,22147,500,500,1300,2600
sorgo,1990,1990/1991,Chaco,22,Sargento Cabral,22154,300,300,800,2667
sorgo,1990,1990/1991,Córdoba,14,Calamuchita,14007,500,500,2100,4200
sorgo,1990,1990/1991,Córdoba,14,Capital,14014,100,100,400,4000
sorgo,1990,1990/1991,Córdoba,14,Colón,14021,5000,5000,17500,3500
sorgo,1990,1990/1991,Córdoba,14,General Roca,14035,25000,24200,65300,2698
sorgo,1990,1990/1991,Córdoba,14,General San Martín,14042,8000,8000,36000,4500
sorgo,1990,1990/1991,Córdoba,14,Juárez Celman,14056,14000,13200,50200,3803
sorgo,1990,1990/1991,Córdoba,14,Marcos Juárez,14063,8000,8000,44000,5500
sorgo,1990,1990/1991,Córdoba,14,Presidente Roque Sáenz Peña,14084,5000,4300,12000,2791
sorgo,1990,1990/1991,Córdoba,14,Río Cuarto,14098,18000,17000,64600,3800
sorgo,1990,1990/1991,Córdoba,14,Río Primero,14105,5000,5000,16000,3200
sorgo,1990,1990/1991,Córdoba,14,Río Segundo,14119,25000,25000,112500,4500
sorgo,1990,1990/1991,Córdoba,14,San Justo,14140,25000,24000,91200,3800
sorgo,1990,1990/1991,Córdoba,14,Santa María,14147,2600,2600,11700,4500
sorgo,1990,1990/1991,Córdoba,14,Tercero Arriba,14161,43800,43000,202100,4700
sorgo,1990,1990/1991,Córdoba,14,Totoral,14168,1000,1000,3600,3600
sorgo,1990,1990/1991,Córdoba,14,Unión,14182,7000,7000,31500,4500
sorgo,1990,1990/1991,Corrientes,18,Bella Vista,18007,1000,1000,2500,2500
sorgo,1990,1990/1991,Entre Ríos,30,Colón,30008,5000,5000,10000,2000
sorgo,1990,1990/1991,Entre Ríos,30,Concordia,30015,3000,3000,6000,2000
sorgo,1990,1990/1991,Entre Ríos,30,Diamante,30021,8000,7000,28000,4000
sorgo,1990,1990/1991,Entre Ríos,30,Federación,30028,3000,3000,6000,2000
sorgo,1990,1990/1991,Entre Ríos,30,Federal,30035,4000,4000,8000,2000
sorgo,1990,1990/1991,Entre Ríos,30,Feliciano,30042,2000,2000,4000,2000
sorgo,1990,1990/1991,Entre Ríos,30,Gualeguay,30049,5000,5000,17500,3500
sorgo,1990,1990/1991,Entre Ríos,30,Gualeguaychú,30056,7000,7000,17500,2500
sorgo,1990,1990/1991,Entre Ríos,30,La Paz,30070,3300,2700,9500,3519
sorgo,1990,1990/1991,Entre Ríos,30,Nogoyá,30077,5000,5000,17500,3500
sorgo,1990,1990/1991,Entre Ríos,30,Paraná,30084,13700,12500,50000,4000
sorgo,1990,1990/1991,Entre Ríos,30,Tala,30091,2000,2000,5000,2500
sorgo,1990,1990/1991,Entre Ríos,30,Uruguay,30098,3000,3000,7500,2500
sorgo,1990,1990/1991,Entre Ríos,30,Victoria,30105,16000,16000,48000,3000
sorgo,1990,1990/1991,Entre Ríos,30,Villaguay,30113,2000,2000,5000,2500
sorgo,1990,1990/1991,Formosa,34,Formosa,34014,100,100,300,3000
sorgo,1990,1990/1991,Formosa,34,Laishí,34021,300,300,1200,4000
sorgo,1990,1990/1991,Formosa,34,Patiño,34035,500,500,1500,3000
sorgo,1990,1990/1991,Formosa,34,Pilagás,34042,400,400,1400,3500
sorgo,1990,1990/1991,Formosa,34,Pilcomayo,34049,200,200,600,3000
sorgo,1990,1990/1991,Formosa,34,Pirané,34056,600,500,2000,4000
sorgo,1990,1990/1991,Jujuy,38,sin definir,38000,100,100,300,3000
sorgo,1990,1990/1991,La Pampa,42,Atreucó,42007,20000,14000,32200,2300
sorgo,1990,1990/1991,La Pampa,42,Capital,42021,19000,14000,28000,2000
sorgo,1990,1990/1991,La Pampa,42,Catriló,42028,21000,14700,47000,3197
sorgo,1990,1990/1991,La Pampa,42,Chapaleufú,42056,5500,3500,8400,2400
sorgo,1990,1990/1991,La Pampa,42,Conhelo,42035,21000,13500,33800,2504
sorgo,1990,1990/1991,La Pampa,42,Guatraché,42070,10000,7000,15400,2200
sorgo,1990,1990/1991,La Pampa,42,Hucal,42077,1000,0,0,0
sorgo,1990,1990/1991,La Pampa,42,Loventué,42098,1100,700,1600,2286
sorgo,1990,1990/1991,La Pampa,42,Maracó,42105,6000,4000,9600,2400
sorgo,1990,1990/1991,La Pampa,42,Quemú Quemú,42119,6000,4000,9600,2400
sorgo,1990,1990/1991,La Pampa,42,Rancul,42126,23000,15000,39000,2600
sorgo,1990,1990/1991,La Pampa,42,Realicó,42133,7700,5000,12500,2500
sorgo,1990,1990/1991,La Pampa,42,Toay,42140,10000,7000,14000,2000
sorgo,1990,1990/1991,La Pampa,42,Trenel,42147,7700,5000,13000,2600
sorgo,1990,1990/1991,La Pampa,42,Utracán,42154,4000,2800,5600,2000
sorgo,1990,1990/1991,Misiones,54,Apóstoles,54007,300,300,900,3000
sorgo,1990,1990/1991,Misiones,54,Capital,54028,400,400,1200,3000
sorgo,1990,1990/1991,Misiones,54,Concepción,54035,100,100,300,3000
sorgo,1990,1990/1991,Salta,66,Anta,66007,2100,2100,5700,2714
sorgo,1990,1990/1991,San Luis,74,Ayacucho,74007,15000,14700,38200,2599
sorgo,1990,1990/1991,Santa Fe,82,9 de Julio,82077,8800,8800,28200,3205
sorgo,1990,1990/1991,Santa Fe,82,Belgrano,82007,1200,1200,6600,5500
sorgo,1990,1990/1991,Santa Fe,82,Caseros,82014,2000,2000,7600,3800
sorgo,1990,1990/1991,Santa Fe,82,Castellanos,82021,28000,23500,84600,3600
sorgo,1990,1990/1991,Santa Fe,82,Garay,82035,500,500,1500,3000
sorgo,1990,1990/1991,Santa Fe,82,General López,82042,1500,1500,5300,3533
sorgo,1990,1990/1991,Santa Fe,82,General Obligado,82049,900,900,2900,3222
sorgo,1990,1990/1991,Santa Fe,82,Iriondo,82056,500,500,2800,5600
sorgo,1990,1990/1991,Santa Fe,82,La Capital,82063,4000,4000,16000,4000
sorgo,1990,1990/1991,Santa Fe,82,Las Colonias,82070,11500,9000,36000,4000
sorgo,1990,1990/1991,Santa Fe,82,Rosario,82084,1000,1000,3600,3600
sorgo,1990,1990/1991,Santa Fe,82,San Cristóbal,82091,23000,19000,57000,3000
sorgo,1990,1990/1991,Santa Fe,82,San Javier,82098,600,600,2100,3500
sorgo,1990,1990/1991,Santa Fe,82,San Jerónimo,82105,3500,3500,19300,5514
sorgo,1990,1990/1991,Santa Fe,82,San Justo,82112,13000,12000,43200,3600
sorgo,1990,1990/1991,Santa Fe,82,San Lorenzo,82119,1500,1500,5600,3733
sorgo,1990,1990/1991,Santa Fe,82,San Martín,82126,8000,8000,40000,5000
sorgo,1990,1990/1991,Santa Fe,82,Vera,82133,1700,1700,5600,3294
sorgo,1990,1990/1991,Santa Fe,82,Villa Constitución,82028,500,500,1800,3600
sorgo,1990,1990/1991,Santiago del Estero,86,Aguirre,86007,66200,65100,203000,3118
sorgo,1990,1990/1991,Tucumán,90,Burruyacú,90007,5800,5800,20000,3448
sorgo,1991,1991/1992,Buenos Aires,06,9 de Julio,06588,200,200,900,4500
sorgo,1991,1991/1992,Buenos Aires,06,Adolfo Alsina,06007,1600,1600,5800,3625
sorgo,1991,1991/1992,Buenos Aires,06,Arrecifes,06077,450,450,2300,5111
sorgo,1991,1991/1992,Buenos Aires,06,Azul,06049,1800,200,700,3500
sorgo,1991,1991/1992,Buenos Aires,06,Bahía Blanca,06056,1500,1500,4500,3000
sorgo,1991,1991/1992,Buenos Aires,06,Baradero,06070,200,200,1000,5000
sorgo,1991,1991/1992,Buenos Aires,06,Bolívar,06105,300,100,500,5000
sorgo,1991,1991/1992,Buenos Aires,06,Capitán Sarmiento,06140,200,200,800,4000
sorgo,1991,1991/1992,Buenos Aires,06,Carlos Casares,06147,400,400,2200,5500
sorgo,1991,1991/1992,Buenos Aires,06,Carlos Tejedor,06154,2700,2700,14900,5519
sorgo,1991,1991/1992,Buenos Aires,06,Chacabuco,06210,200,200,800,4000
sorgo,1991,1991/1992,Buenos Aires,06,Chascomús,06217,100,100,400,4000
sorgo,1991,1991/1992,Buenos Aires,06,Colón,06175,300,300,2000,6667
sorgo,1991,1991/1992,Buenos Aires,06,Coronel Dorrego,06189,2000,1500,6000,4000
sorgo,1991,1991/1992,Buenos Aires,06,Coronel Suárez,06203,500,500,1500,3000
sorgo,1991,1991/1992,Buenos Aires,06,Exaltación de la Cruz,06266,150,150,600,4000
sorgo,1991,1991/1992,Buenos Aires,06,General La Madrid,06322,300,300,900,3000
sorgo,1991,1991/1992,Buenos Aires,06,General Pinto,06351,2500,2500,7500,3000
sorgo,1991,1991/1992,Buenos Aires,06,General Villegas,06392,6000,6000,18000,3000
sorgo,1991,1991/1992,Buenos Aires,06,Guaminí,06399,400,400,1400,3500
sorgo,1991,1991/1992,Buenos Aires,06,Leandro N. Alem,06462,500,500,1500,3000
sorgo,1991,1991/1992,Buenos Aires,06,Lincoln,06469,3000,3000,9000,3000
sorgo,1991,1991/1992,Buenos Aires,06,Monte,06547,100,100,400,4000
sorgo,1991,1991/1992,Buenos Aires,06,Olavarría,06595,100,0,0,0
sorgo,1991,1991/1992,Buenos Aires,06,Pehuajó,06609,800,800,4400,5500
sorgo,1991,1991/1992,Buenos Aires,06,Pellegrini,06616,300,300,1100,3667
sorgo,1991,1991/1992,Buenos Aires,06,Pergamino,06623,650,650,3900,6000
sorgo,1991,1991/1992,Buenos Aires,06,Puán,06651,2500,2500,6300,2520
sorgo,1991,1991/1992,Buenos Aires,06,Ramallo,06665,500,500,2800,5600
sorgo,1991,1991/1992,Buenos Aires,06,Rivadavia,06679,3100,3100,17100,5516
sorgo,1991,1991/1992,Buenos Aires,06,Saavedra,06700,1500,1500,4500,3000
sorgo,1991,1991/1992,Buenos Aires,06,Salliqueló,06721,200,200,600,3000
sorgo,1991,1991/1992,Buenos Aires,06,Salto,06714,200,200,1200,6000
sorgo,1991,1991/1992,Buenos Aires,06,San Antonio de Areco,06735,450,450,1900,4222
sorgo,1991,1991/1992,Buenos Aires,06,San Nicolás,06763,150,150,800,5333
sorgo,1991,1991/1992,Buenos Aires,06,San Pedro,06770,300,300,1500,5000
sorgo,1991,1991/1992,Buenos Aires,06,Tornquist,06819,1500,1500,4500,3000
sorgo,1991,1991/1992,Buenos Aires,06,Trenque Lauquen,06826,2600,2600,14300,5500
sorgo,1991,1991/1992,Buenos Aires,06,Zárate,06882,50,50,200,4000
sorgo,1991,1991/1992,Catamarca,10,El Alto,10056,2000,2000,6600,3300
sorgo,1991,1991/1992,Catamarca,10,La Paz,10070,3500,3500,10500,3000
sorgo,1991,1991/1992,Catamarca,10,Santa Rosa,10098,2500,2500,9300,3720
sorgo,1991,1991/1992,Chaco,22,12 de Octubre,22036,18800,18800,53200,2830
sorgo,1991,1991/1992,Chaco,22,25 de Mayo,22168,700,700,2000,2857
sorgo,1991,1991/1992,Chaco,22,9 de Julio,22105,3100,3100,8700,2806
sorgo,1991,1991/1992,Chaco,22,Almirante Brown,22007,1400,1400,3900,2786
sorgo,1991,1991/1992,Chaco,22,Bermejo,22014,500,500,1400,2800
sorgo,1991,1991/1992,Chaco,22,Chacabuco,22028,15000,15000,42500,2833
sorgo,1991,1991/1992,Chaco,22,Comandante Fernández,22021,6200,6200,17500,2823
sorgo,1991,1991/1992,Chaco,22,Fray Justo Santa María de Oro,22043,2500,2500,7100,2840
sorgo,1991,1991/1992,Chaco,22,General Belgrano,22049,2500,2500,7100,2840
sorgo,1991,1991/1992,Chaco,22,General Donovan,22056,200,200,600,3000
sorgo,1991,1991/1992,Chaco,22,General Güemes,22063,2500,2500,7100,2840
sorgo,1991,1991/1992,Chaco,22,Independencia,22070,2500,2500,7100,2840
sorgo,1991,1991/1992,Chaco,22,Libertad,22077,200,200,600,3000
sorgo,1991,1991/1992,Chaco,22,Libertador General San Martín,22084,3700,3700,10500,2838
sorgo,1991,1991/1992,Chaco,22,Maipú,22091,5000,5000,14200,2840
sorgo,1991,1991/1992,Chaco,22,Mayor Luis J. Fontana,22098,5000,5000,14200,2840
sorgo,1991,1991/1992,Chaco,22,O'Higgins,22112,700,700,2000,2857
sorgo,1991,1991/1992,Chaco,22,Presidencia de la Plaza,22119,300,300,800,2667
sorgo,1991,1991/1992,Chaco,22,Quitilipi,22133,2500,2500,7000,2800
sorgo,1991,1991/1992,Chaco,22,San Fernando,22140,700,700,2000,2857
sorgo,1991,1991/1992,Chaco,22,San Lorenzo,22147,600,600,1700,2833
sorgo,1991,1991/1992,Chaco,22,Sargento Cabral,22154,400,400,1100,2750
sorgo,1991,1991/1992,Córdoba,14,Colón,14021,4000,4000,16000,4000
sorgo,1991,1991/1992,Córdoba,14,General Roca,14035,18000,15000,36000,2400
sorgo,1991,1991/1992,Córdoba,14,General San Martín,14042,12000,12000,51600,4300
sorgo,1991,1991/1992,Córdoba,14,Juárez Celman,14056,16000,16000,59200,3700
sorgo,1991,1991/1992,Córdoba,14,Marcos Juárez,14063,8000,6500,32500,5000
sorgo,1991,1991/1992,Córdoba,14,Presidente Roque Sáenz Peña,14084,5000,4000,9600,2400
sorgo,1991,1991/1992,Córdoba,14,Río Cuarto,14098,20000,20000,74000,3700
sorgo,1991,1991/1992,Córdoba,14,Río Primero,14105,5000,5000,17500,3500
sorgo,1991,1991/1992,Córdoba,14,Río Segundo,14119,50000,50000,225000,4500
sorgo,1991,1991/1992,Córdoba,14,San Justo,14140,30000,24700,98800,4000
sorgo,1991,1991/1992,Córdoba,14,Santa María,14147,7000,7000,31500,4500
sorgo,1991,1991/1992,Córdoba,14,Tercero Arriba,14161,55000,55000,225500,4100
sorgo,1991,1991/1992,Córdoba,14,Totoral,14168,1000,1000,4000,4000
sorgo,1991,1991/1992,Corrientes,18,Bella Vista,18007,200,200,600,3000
sorgo,1991,1991/1992,Corrientes,18,General Paz,18063,40,40,120,3000
sorgo,1991,1991/1992,Corrientes,18,Lavalle,18091,180,180,570,3167
sorgo,1991,1991/1992,Corrientes,18,San Roque,18161,180,180,510,2833
sorgo,1991,1991/1992,Entre Ríos,30,Colón,30008,4500,4500,13500,3000
sorgo,1991,1991/1992,Entre Ríos,30,Concordia,30015,2700,2400,7200,3000
sorgo,1991,1991/1992,Entre Ríos,30,Diamante,30021,10000,8100,40500,5000
sorgo,1991,1991/1992,Entre Ríos,30,Federación,30028,2700,2100,6300,3000
sorgo,1991,1991/1992,Entre Ríos,30,Federal,30035,3600,3100,9300,3000
sorgo,1991,1991/1992,Entre Ríos,30,Feliciano,30042,1800,1400,4200,3000
sorgo,1991,1991/1992,Entre Ríos,30,Gualeguay,30049,5000,5000,17500,3500
sorgo,1991,1991/1992,Entre Ríos,30,Gualeguaychú,30056,8000,8000,24000,3000
sorgo,1991,1991/1992,Entre Ríos,30,La Paz,30070,5000,4700,14100,3000
sorgo,1991,1991/1992,Entre Ríos,30,Nogoyá,30077,5000,4200,14700,3500
sorgo,1991,1991/1992,Entre Ríos,30,Paraná,30084,15000,13500,60800,4504
sorgo,1991,1991/1992,Entre Ríos,30,Tala,30091,5000,5000,12500,2500
sorgo,1991,1991/1992,Entre Ríos,30,Uruguay,30098,6500,6500,19500,3000
sorgo,1991,1991/1992,Entre Ríos,30,Victoria,30105,13000,12200,54900,4500
sorgo,1991,1991/1992,Entre Ríos,30,Villaguay,30113,6500,6500,19500,3000
sorgo,1991,1991/1992,Formosa,34,Formosa,34014,100,100,300,3000
sorgo,1991,1991/1992,Formosa,34,Laishí,34021,300,300,800,2667
sorgo,1991,1991/1992,Formosa,34,Patiño,34035,400,400,1100,2750
sorgo,1991,1991/1992,Formosa,34,Pilagás,34042,400,400,1100,2750
sorgo,1991,1991/1992,Formosa,34,Pilcomayo,34049,200,200,600,3000
sorgo,1991,1991/1992,Formosa,34,Pirané,34056,600,600,1700,2833
sorgo,1991,1991/1992,La Pampa,42,Atreucó,42007,25000,20000,64000,3200
sorgo,1991,1991/1992,La Pampa,42,Capital,42021,24000,19000,62700,3300
sorgo,1991,1991/1992,La Pampa,42,Catriló,42028,24000,19000,53200,2800
sorgo,1991,1991/1992,La Pampa,42,Chapaleufú,42056,4500,4000,17200,4300
sorgo,1991,1991/1992,La Pampa,42,Conhelo,42035,18000,16500,75900,4600
sorgo,1991,1991/1992,La Pampa,42,Guatraché,42070,13000,10500,31500,3000
sorgo,1991,1991/1992,La Pampa,42,Hucal,42077,2000,1600,5000,3125
sorgo,1991,1991/1992,La Pampa,42,Loventué,42098,1000,900,3600,4000
sorgo,1991,1991/1992,La Pampa,42,Maracó,42105,5000,4500,19800,4400
sorgo,1991,1991/1992,La Pampa,42,Quemú Quemú,42119,5500,5000,22000,4400
sorgo,1991,1991/1992,La Pampa,42,Rancul,42126,19500,17500,82300,4703
sorgo,1991,1991/1992,La Pampa,42,Realicó,42133,6500,5500,23700,4309
sorgo,1991,1991/1992,La Pampa,42,Toay,42140,12500,10000,30000,3000
sorgo,1991,1991/1992,La Pampa,42,Trenel,42147,6500,6000,25800,4300
sorgo,1991,1991/1992,La Pampa,42,Utracán,42154,5700,4700,13200,2809
sorgo,1991,1991/1992,Misiones,54,Apóstoles,54007,100,100,300,3000
sorgo,1991,1991/1992,Misiones,54,Cainguás,54014,100,100,300,3000
sorgo,1991,1991/1992,Misiones,54,Capital,54028,100,100,300,3000
sorgo,1991,1991/1992,Misiones,54,Eldorado,54042,200,100,300,3000
sorgo,1991,1991/1992,Misiones,54,General Manuel Belgrano,54049,300,100,400,4000
sorgo,1991,1991/1992,Salta,66,Anta,66007,600,400,1400,3500
sorgo,1991,1991/1992,Salta,66,La Candelaria,66084,200,0,0,0
sorgo,1991,1991/1992,San Luis,74,Chacabuco,74028,3100,3100,11500,3710
sorgo,1991,1991/1992,San Luis,74,Coronel Pringles,74021,1600,1600,5900,3688
sorgo,1991,1991/1992,San Luis,74,General Pedernera,74035,6600,6600,24400,3697
sorgo,1991,1991/1992,San Luis,74,Gobernador Dupuy,74042,3000,3000,11100,3700
sorgo,1991,1991/1992,San Luis,74,Juan Martín de Pueyrredón,74056,700,700,2600,3714
sorgo,1991,1991/1992,San Luis,74,Junín,74049,800,800,3000,3750
sorgo,1991,1991/1992,Santa Fe,82,9 de Julio,82077,10100,9750,39000,4000
sorgo,1991,1991/1992,Santa Fe,82,Belgrano,82007,1700,1700,3700,2176
sorgo,1991,1991/1992,Santa Fe,82,Caseros,82014,3400,3400,21100,6206
sorgo,1991,1991/1992,Santa Fe,82,Castellanos,82021,26000,24500,88200,3600
sorgo,1991,1991/1992,Santa Fe,82,Garay,82035,500,500,1500,3000
sorgo,1991,1991/1992,Santa Fe,82,General López,82042,1000,1000,5000,5000
sorgo,1991,1991/1992,Santa Fe,82,General Obligado,82049,1000,850,2900,3412
sorgo,1991,1991/1992,Santa Fe,82,Iriondo,82056,700,700,1500,2143
sorgo,1991,1991/1992,Santa Fe,82,La Capital,82063,2500,2500,10000,4000
sorgo,1991,1991/1992,Santa Fe,82,Las Colonias,82070,14000,13000,48100,3700
sorgo,1991,1991/1992,Santa Fe,82,Rosario,82084,800,800,4900,6125
sorgo,1991,1991/1992,Santa Fe,82,San Cristóbal,82091,24000,20000,66000,3300
sorgo,1991,1991/1992,Santa Fe,82,San Javier,82098,700,600,2100,3500
sorgo,1991,1991/1992,Santa Fe,82,San Jerónimo,82105,3500,3500,7700,2200
sorgo,1991,1991/1992,Santa Fe,82,San Justo,82112,13000,12500,41300,3304
sorgo,1991,1991/1992,Santa Fe,82,San Lorenzo,82119,500,500,3200,6400
sorgo,1991,1991/1992,Santa Fe,82,San Martín,82126,6100,5900,13000,2203
sorgo,1991,1991/1992,Santa Fe,82,Vera,82133,2000,1600,6100,3813
sorgo,1991,1991/1992,Santa Fe,82,Villa Constitución,82028,700,700,4300,6143
sorgo,1991,1991/1992,Santiago del Estero,86,Aguirre,86007,1000,900,3100,3444
sorgo,1991,1991/1992,Santiago del Estero,86,Banda,86035,2000,2000,6200,3100
sorgo,1991,1991/1992,Santiago del Estero,86,Belgrano,86042,9000,8000,32000,4000
sorgo,1991,1991/1992,Santiago del Estero,86,Choya,86063,2000,1800,5400,3000
sorgo,1991,1991/1992,Santiago del Estero,86,General Taboada,86077,5000,4500,17100,3800
sorgo,1991,1991/1992,Santiago del Estero,86,Guasayán,86084,6000,5800,16800,2897
sorgo,1991,1991/1992,Santiago del Estero,86,Jiménez,86091,5000,5000,16500,3300
sorgo,1991,1991/1992,Santiago del Estero,86,Moreno,86119,25000,25000,66300,2652
sorgo,1991,1991/1992,Santiago del Estero,86,Pellegrini,86133,9000,9000,28400,3156
sorgo,1991,1991/1992,Santiago del Estero,86,Río Hondo,86147,1000,1000,3000,3000
sorgo,1991,1991/1992,Santiago del Estero,86,Rivadavia,86154,1200,1200,4200,3500
sorgo,1991,1991/1992,Tucumán,90,Burruyacú,90007,1200,1200,4400,3667
sorgo,1991,1991/1992,Tucumán,90,Cruz Alta,90014,500,500,1800,3600
sorgo,1991,1991/1992,Tucumán,90,Graneros,90035,1200,1200,4400,3667
sorgo,1991,1991/1992,Tucumán,90,Leales,90056,100,100,300,3000
sorgo,1991,1991/1992,Tucumán,90,Río Chico,90077,100,100,400,4000
sorgo,1991,1991/1992,Tucumán,90,Trancas,90112,400,400,1200,3000
sorgo,1992,1992/1993,Buenos Aires,06,9 de Julio,06588,1000,700,3600,5143
sorgo,1992,1992/1993,Buenos Aires,06,Adolfo Alsina,06007,1300,1300,4600,3538
sorgo,1992,1992/1993,Buenos Aires,06,Arrecifes,06077,300,300,1400,4667
sorgo,1992,1992/1993,Buenos Aires,06,Bahía Blanca,06056,3300,2600,3900,1500
sorgo,1992,1992/1993,Buenos Aires,06,Baradero,06070,300,300,1500,5000
sorgo,1992,1992/1993,Buenos Aires,06,Bolívar,06105,100,50,200,4000
sorgo,1992,1992/1993,Buenos Aires,06,Capitán Sarmiento,06140,300,300,1800,6000
sorgo,1992,1992/1993,Buenos Aires,06,Carlos Casares,06147,400,400,1800,4500
sorgo,1992,1992/1993,Buenos Aires,06,Carlos Tejedor,06154,2600,2600,13000,5000
sorgo,1992,1992/1993,Buenos Aires,06,Chacabuco,06210,100,100,500,5000
sorgo,1992,1992/1993,Buenos Aires,06,Chascomús,06217,100,100,300,3000
sorgo,1992,1992/1993,Buenos Aires,06,Colón,06175,150,150,600,4000
sorgo,1992,1992/1993,Buenos Aires,06,Coronel Dorrego,06189,2000,1500,5300,3533
sorgo,1992,1992/1993,Buenos Aires,06,Coronel Suárez,06203,500,500,1800,3600
sorgo,1992,1992/1993,Buenos Aires,06,Exaltación de la Cruz,06266,100,100,600,6000
sorgo,1992,1992/1993,Buenos Aires,06,General La Madrid,06322,300,300,1000,3333
sorgo,1992,1992/1993,Buenos Aires,06,General Pinto,06351,3500,3500,16200,4629
sorgo,1992,1992/1993,Buenos Aires,06,General Villegas,06392,5500,5500,24800,4509
sorgo,1992,1992/1993,Buenos Aires,06,Guaminí,06399,300,300,1100,3667
sorgo,1992,1992/1993,Buenos Aires,06,Leandro N. Alem,06462,500,500,2200,4400
sorgo,1992,1992/1993,Buenos Aires,06,Lincoln,06469,2500,2500,11000,4400
sorgo,1992,1992/1993,Buenos Aires,06,Monte,06547,100,100,300,3000
sorgo,1992,1992/1993,Buenos Aires,06,Olavarría,06595,100,50,200,4000
sorgo,1992,1992/1993,Buenos Aires,06,Pehuajó,06609,800,800,4000,5000
sorgo,1992,1992/1993,Buenos Aires,06,Pellegrini,06616,400,400,1500,3750
sorgo,1992,1992/1993,Buenos Aires,06,Pergamino,06623,450,450,2300,5111
sorgo,1992,1992/1993,Buenos Aires,06,Puán,06651,3500,3500,10500,3000
sorgo,1992,1992/1993,Buenos Aires,06,Ramallo,06665,250,250,1100,4400
sorgo,1992,1992/1993,Buenos Aires,06,Rivadavia,06679,3100,3100,15700,5065
sorgo,1992,1992/1993,Buenos Aires,06,Saavedra,06700,1500,1500,4800,3200
sorgo,1992,1992/1993,Buenos Aires,06,Salto,06714,200,150,700,4667
sorgo,1992,1992/1993,Buenos Aires,06,San Antonio de Areco,06735,350,300,1500,5000
sorgo,1992,1992/1993,Buenos Aires,06,San Nicolás,06763,100,100,400,4000
sorgo,1992,1992/1993,Buenos Aires,06,San Pedro,06770,400,400,1900,4750
sorgo,1992,1992/1993,Buenos Aires,06,Tornquist,06819,2500,2500,7500,3000
sorgo,1992,1992/1993,Buenos Aires,06,Trenque Lauquen,06826,2700,2700,13500,5000
sorgo,1992,1992/1993,Catamarca,10,Capayán,10042,1800,1800,6300,3500
sorgo,1992,1992/1993,Catamarca,10,Paclín,10077,1200,1200,4200,3500
sorgo,1992,1992/1993,Catamarca,10,Santa Rosa,10098,2500,2500,8800,3520
sorgo,1992,1992/1993,Chaco,22,12 de Octubre,22036,15750,15750,50400,3200
sorgo,1992,1992/1993,Chaco,22,25 de Mayo,22168,700,700,2300,3286
sorgo,1992,1992/1993,Chaco,22,9 de Julio,22105,2700,2700,8600,3185
sorgo,1992,1992/1993,Chaco,22,Almirante Brown,22007,1140,1140,3600,3158
sorgo,1992,1992/1993,Chaco,22,Bermejo,22014,500,500,1600,3200
sorgo,1992,1992/1993,Chaco,22,Chacabuco,22028,12870,12870,41200,3201
sorgo,1992,1992/1993,Chaco,22,Comandante Fernández,22021,5150,5150,16500,3204
sorgo,1992,1992/1993,Chaco,22,Fray Justo Santa María de Oro,22043,900,900,2900,3222
sorgo,1992,1992/1993,Chaco,22,General Belgrano,22049,2070,2070,6600,3188
sorgo,1992,1992/1993,Chaco,22,General Donovan,22056,300,300,1000,3333
sorgo,1992,1992/1993,Chaco,22,General Güemes,22063,2070,2070,6600,3188
sorgo,1992,1992/1993,Chaco,22,Independencia,22070,2070,2070,6600,3188
sorgo,1992,1992/1993,Chaco,22,Libertad,22077,300,300,1000,3333
sorgo,1992,1992/1993,Chaco,22,Libertador General San Martín,22084,3060,3060,9800,3203
sorgo,1992,1992/1993,Chaco,22,Maipú,22091,4300,4300,13800,3209
sorgo,1992,1992/1993,Chaco,22,Mayor Luis J. Fontana,22098,4300,4300,13800,3209
sorgo,1992,1992/1993,Chaco,22,O'Higgins,22112,600,600,1900,3167
sorgo,1992,1992/1993,Chaco,22,Presidencia de la Plaza,22119,220,220,700,3182
sorgo,1992,1992/1993,Chaco,22,Quitilipi,22133,2200,2200,7000,3182
sorgo,1992,1992/1993,Chaco,22,San Fernando,22140,700,700,2200,3143
sorgo,1992,1992/1993,Chaco,22,San Lorenzo,22147,600,600,1900,3167
sorgo,1992,1992/1993,Chaco,22,Sargento Cabral,22154,500,500,1600,3200
sorgo,1992,1992/1993,Córdoba,14,Colón,14021,2000,2000,7800,3900
sorgo,1992,1992/1993,Córdoba,14,General Roca,14035,16000,14400,40300,2799
sorgo,1992,1992/1993,Córdoba,14,General San Martín,14042,18000,18000,90000,5000
sorgo,1992,1992/1993,Córdoba,14,Juárez Celman,14056,20000,20000,90000,4500
sorgo,1992,1992/1993,Córdoba,14,Marcos Juárez,14063,13000,13000,58500,4500
sorgo,1992,1992/1993,Córdoba,14,Presidente Roque Sáenz Peña,14084,4000,3600,10100,2806
sorgo,1992,1992/1993,Córdoba,14,Río Cuarto,14098,27000,27000,121500,4500
sorgo,1992,1992/1993,Córdoba,14,Río Primero,14105,3000,3000,11900,3967
sorgo,1992,1992/1993,Córdoba,14,Río Seco,14112,500,500,2000,4000
sorgo,1992,1992/1993,Córdoba,14,Río Segundo,14119,45000,45000,216000,4800
sorgo,1992,1992/1993,Córdoba,14,San Justo,14140,22000,21500,96800,4502
sorgo,1992,1992/1993,Córdoba,14,Santa María,14147,7000,7000,30500,4357
sorgo,1992,1992/1993,Córdoba,14,Tercero Arriba,14161,54000,53000,254400,4800
sorgo,1992,1992/1993,Córdoba,14,Totoral,14168,500,500,2100,4200
sorgo,1992,1992/1993,Córdoba,14,Tulumba,14175,500,500,2100,4200
sorgo,1992,1992/1993,Córdoba,14,Unión,14182,12000,12000,54000,4500
sorgo,1992,1992/1993,Corrientes,18,Curuzu Cuatia,18035,150,100,200,2000
sorgo,1992,1992/1993,Corrientes,18,Esquina,18049,700,500,1000,2000
sorgo,1992,1992/1993,Corrientes,18,Mercedes,18105,150,150,300,2000
sorgo,1992,1992/1993,Corrientes,18,Monte Caseros,18112,300,250,600,2400
sorgo,1992,1992/1993,Corrientes,18,Paso de los Libres,18119,200,200,400,2000
sorgo,1992,1992/1993,Corrientes,18,Santo Tomé,18168,200,200,700,3500
sorgo,1992,1992/1993,Corrientes,18,Sauce,18175,300,200,400,2000
sorgo,1992,1992/1993,Entre Ríos,30,Colón,30008,4500,4300,11600,2698
sorgo,1992,1992/1993,Entre Ríos,30,Concordia,30015,3000,2200,7300,3318
sorgo,1992,1992/1993,Entre Ríos,30,Diamante,30021,9000,8000,36000,4500
sorgo,1992,1992/1993,Entre Ríos,30,Federación,30028,2700,2400,7200,3000
sorgo,1992,1992/1993,Entre Ríos,30,Federal,30035,3600,3100,9300,3000
sorgo,1992,1992/1993,Entre Ríos,30,Feliciano,30042,1800,1500,4500,3000
sorgo,1992,1992/1993,Entre Ríos,30,Gualeguay,30049,4000,4000,16400,4100
sorgo,1992,1992/1993,Entre Ríos,30,Gualeguaychú,30056,6000,6000,22800,3800
sorgo,1992,1992/1993,Entre Ríos,30,La Paz,30070,5000,4400,13200,3000
sorgo,1992,1992/1993,Entre Ríos,30,Nogoyá,30077,3500,3500,15100,4314
sorgo,1992,1992/1993,Entre Ríos,30,Paraná,30084,13000,11500,46000,4000
sorgo,1992,1992/1993,Entre Ríos,30,Tala,30091,3500,3300,9900,3000
sorgo,1992,1992/1993,Entre Ríos,30,Uruguay,30098,5000,4700,13200,2809
sorgo,1992,1992/1993,Entre Ríos,30,Victoria,30105,10000,10000,47000,4700
sorgo,1992,1992/1993,Entre Ríos,30,Villaguay,30113,4500,4300,11600,2698
sorgo,1992,1992/1993,Formosa,34,Bermejo,34007,200,150,400,2667
sorgo,1992,1992/1993,Formosa,34,Laishí,34021,200,150,400,2667
sorgo,1992,1992/1993,Formosa,34,Patiño,34035,600,430,1100,2558
sorgo,1992,1992/1993,Formosa,34,Pilagás,34042,700,530,1300,2453
sorgo,1992,1992/1993,Formosa,34,Pilcomayo,34049,300,230,600,2609
sorgo,1992,1992/1993,Formosa,34,Pirané,34056,1000,760,1800,2368
sorgo,1992,1992/1993,La Pampa,42,Atreucó,42007,23700,13200,40900,3098
sorgo,1992,1992/1993,La Pampa,42,Capital,42021,25600,14000,42000,3000
sorgo,1992,1992/1993,La Pampa,42,Catriló,42028,32800,18400,58900,3201
sorgo,1992,1992/1993,La Pampa,42,Chapaleufú,42056,4400,4100,17200,4195
sorgo,1992,1992/1993,La Pampa,42,Conhelo,42035,17600,16200,77800,4802
sorgo,1992,1992/1993,La Pampa,42,Guatraché,42070,14700,8300,24900,3000
sorgo,1992,1992/1993,La Pampa,42,Hucal,42077,2000,600,1700,2833
sorgo,1992,1992/1993,La Pampa,42,Loventué,42098,950,900,3600,4000
sorgo,1992,1992/1993,La Pampa,42,Maracó,42105,4900,4300,19400,4512
sorgo,1992,1992/1993,La Pampa,42,Quemú Quemú,42119,5400,4750,20400,4295
sorgo,1992,1992/1993,La Pampa,42,Rancul,42126,19300,17400,80000,4598
sorgo,1992,1992/1993,La Pampa,42,Realicó,42133,6200,5450,23400,4294
sorgo,1992,1992/1993,La Pampa,42,Toay,42140,13000,6000,17400,2900
sorgo,1992,1992/1993,La Pampa,42,Trenel,42147,6250,5600,24100,4304
sorgo,1992,1992/1993,La Pampa,42,Utracán,42154,5000,2500,7300,2920
sorgo,1992,1992/1993,Misiones,54,Apóstoles,54007,100,50,200,4000
sorgo,1992,1992/1993,Misiones,54,Capital,54028,100,50,200,4000
sorgo,1992,1992/1993,Salta,66,Anta,66007,800,800,3300,4125
sorgo,1992,1992/1993,San Luis,74,Ayacucho,74007,32000,32000,112000,3500
sorgo,1992,1992/1993,Santa Fe,82,9 de Julio,82077,11100,9800,38200,3898
sorgo,1992,1992/1993,Santa Fe,82,Belgrano,82007,1700,1700,6700,3941
sorgo,1992,1992/1993,Santa Fe,82,Caseros,82014,3000,3000,14100,4700
sorgo,1992,1992/1993,Santa Fe,82,Castellanos,82021,17500,14000,51800,3700
sorgo,1992,1992/1993,Santa Fe,82,Garay,82035,500,400,1400,3500
sorgo,1992,1992/1993,Santa Fe,82,General López,82042,1500,1500,7500,5000
sorgo,1992,1992/1993,Santa Fe,82,General Obligado,82049,1100,900,3300,3667
sorgo,1992,1992/1993,Santa Fe,82,Iriondo,82056,800,800,3100,3875
sorgo,1992,1992/1993,Santa Fe,82,La Capital,82063,2000,1600,5600,3500
sorgo,1992,1992/1993,Santa Fe,82,Las Colonias,82070,14000,13000,48100,3700
sorgo,1992,1992/1993,Santa Fe,82,Rosario,82084,500,500,2700,5400
sorgo,1992,1992/1993,Santa Fe,82,San Cristóbal,82091,16000,12000,42000,3500
sorgo,1992,1992/1993,Santa Fe,82,San Javier,82098,800,600,1800,3000
sorgo,1992,1992/1993,Santa Fe,82,San Jerónimo,82105,3500,3500,14200,4057
sorgo,1992,1992/1993,Santa Fe,82,San Justo,82112,13000,12000,48000,4000
sorgo,1992,1992/1993,Santa Fe,82,San Lorenzo,82119,500,500,2900,5800
sorgo,1992,1992/1993,Santa Fe,82,San Martín,82126,6000,6000,24000,4000
sorgo,1992,1992/1993,Santa Fe,82,Vera,82133,2200,2000,7600,3800
sorgo,1992,1992/1993,Santa Fe,82,Villa Constitución,82028,500,500,2600,5200
sorgo,1992,1992/1993,Santiago del Estero,86,Banda,86035,2000,2000,7400,3700
sorgo,1992,1992/1993,Santiago del Estero,86,Belgrano,86042,9900,9500,39000,4105
sorgo,1992,1992/1993,Santiago del Estero,86,Choya,86063,2000,2000,7200,3600
sorgo,1992,1992/1993,Santiago del Estero,86,Copo,86056,1100,1000,3500,3500
sorgo,1992,1992/1993,Santiago del Estero,86,General Taboada,86077,5500,5300,20700,3906
sorgo,1992,1992/1993,Santiago del Estero,86,Guasayán,86084,6000,6000,20400,3400
sorgo,1992,1992/1993,Santiago del Estero,86,Jiménez,86091,5000,5000,17000,3400
sorgo,1992,1992/1993,Santiago del Estero,86,Moreno,86119,14000,14000,44800,3200
sorgo,1992,1992/1993,Santiago del Estero,86,Pellegrini,86133,9000,8500,29800,3506
sorgo,1992,1992/1993,Santiago del Estero,86,Río Hondo,86147,1000,1000,3400,3400
sorgo,1992,1992/1993,Santiago del Estero,86,Rivadavia,86154,1200,700,2500,3571
sorgo,1992,1992/1993,Tucumán,90,Burruyacú,90007,1200,1100,4100,3727
sorgo,1992,1992/1993,Tucumán,90,Cruz Alta,90014,500,500,1800,3600
sorgo,1992,1992/1993,Tucumán,90,Graneros,90035,1200,1000,3600,3600
sorgo,1992,1992/1993,Tucumán,90,Leales,90056,100,100,400,4000
sorgo,1992,1992/1993,Tucumán,90,Río Chico,90077,100,100,400,4000
sorgo,1992,1992/1993,Tucumán,90,Trancas,90112,400,300,1100,3667
sorgo,1993,1993/1994,Buenos Aires,06,9 de Julio,06588,500,400,1900,4750
sorgo,1993,1993/1994,Buenos Aires,06,Adolfo Alsina,06007,1500,1500,5300,3533
sorgo,1993,1993/1994,Buenos Aires,06,Arrecifes,06077,200,200,800,4000
sorgo,1993,1993/1994,Buenos Aires,06,Baradero,06070,200,200,900,4500
sorgo,1993,1993/1994,Buenos Aires,06,Bolívar,06105,100,100,400,4000
sorgo,1993,1993/1994,Buenos Aires,06,Capitán Sarmiento,06140,100,100,400,4000
sorgo,1993,1993/1994,Buenos Aires,06,Carlos Casares,06147,430,430,2200,5116
sorgo,1993,1993/1994,Buenos Aires,06,Carlos Tejedor,06154,3200,3200,16000,5000
sorgo,1993,1993/1994,Buenos Aires,06,Colón,06175,100,100,500,5000
sorgo,1993,1993/1994,Buenos Aires,06,Coronel Dorrego,06189,500,500,1800,3600
sorgo,1993,1993/1994,Buenos Aires,06,Coronel Pringles,06196,300,300,900,3000
sorgo,1993,1993/1994,Buenos Aires,06,Coronel Suárez,06203,500,300,900,3000
sorgo,1993,1993/1994,Buenos Aires,06,Daireaux,06231,100,100,400,4000
sorgo,1993,1993/1994,Buenos Aires,06,Exaltación de la Cruz,06266,50,50,200,4000
sorgo,1993,1993/1994,Buenos Aires,06,General La Madrid,06322,300,200,600,3000
sorgo,1993,1993/1994,Buenos Aires,06,General Pinto,06351,3500,3500,15600,4457
sorgo,1993,1993/1994,Buenos Aires,06,General Villegas,06392,5000,5000,22500,4500
sorgo,1993,1993/1994,Buenos Aires,06,Guaminí,06399,500,500,1800,3600
sorgo,1993,1993/1994,Buenos Aires,06,Leandro N. Alem,06462,500,500,2200,4400
sorgo,1993,1993/1994,Buenos Aires,06,Lincoln,06469,1000,1000,4500,4500
sorgo,1993,1993/1994,Buenos Aires,06,Pehuajó,06609,1000,1000,5000,5000
sorgo,1993,1993/1994,Buenos Aires,06,Pellegrini,06616,500,500,1700,3400
sorgo,1993,1993/1994,Buenos Aires,06,Pergamino,06623,250,250,1200,4800
sorgo,1993,1993/1994,Buenos Aires,06,Puán,06651,4000,2500,5000,2000
sorgo,1993,1993/1994,Buenos Aires,06,Ramallo,06665,100,100,400,4000
sorgo,1993,1993/1994,Buenos Aires,06,Rivadavia,06679,1800,1800,9000,5000
sorgo,1993,1993/1994,Buenos Aires,06,Saavedra,06700,2000,1000,2000,2000
sorgo,1993,1993/1994,Buenos Aires,06,Salto,06714,150,150,700,4667
sorgo,1993,1993/1994,Buenos Aires,06,San Antonio de Areco,06735,150,150,700,4667
sorgo,1993,1993/1994,Buenos Aires,06,San Cayetano,06742,200,200,700,3500
sorgo,1993,1993/1994,Buenos Aires,06,San Nicolás,06763,100,100,400,4000
sorgo,1993,1993/1994,Buenos Aires,06,San Pedro,06770,250,250,1100,4400
sorgo,1993,1993/1994,Buenos Aires,06,Tapalqué,06798,200,200,700,3500
sorgo,1993,1993/1994,Buenos Aires,06,Tornquist,06819,3500,2500,4500,1800
sorgo,1993,1993/1994,Buenos Aires,06,Trenque Lauquen,06826,3100,3100,15500,5000
sorgo,1993,1993/1994,Catamarca,10,El Alto,10056,1500,1500,6000,4000
sorgo,1993,1993/1994,Catamarca,10,Paclín,10077,1000,1000,4000,4000
sorgo,1993,1993/1994,Catamarca,10,Santa Rosa,10098,3500,3500,14000,4000
sorgo,1993,1993/1994,Chaco,22,1° de Mayo,22126,1000,1000,2200,2200
sorgo,1993,1993/1994,Chaco,22,12 de Octubre,22036,13000,11500,23000,2000
sorgo,1993,1993/1994,Chaco,22,25 de Mayo,22168,300,300,600,2000
sorgo,1993,1993/1994,Chaco,22,9 de Julio,22105,1500,1500,3000,2000
sorgo,1993,1993/1994,Chaco,22,Almirante Brown,22007,700,600,1200,2000
sorgo,1993,1993/1994,Chaco,22,Chacabuco,22028,8000,6000,13600,2267
sorgo,1993,1993/1994,Chaco,22,Comandante Fernández,22021,3000,2200,5100,2318
sorgo,1993,1993/1994,Chaco,22,Fray Justo Santa María de Oro,22043,500,500,1000,2000
sorgo,1993,1993/1994,Chaco,22,General Belgrano,22049,1500,1100,2200,2000
sorgo,1993,1993/1994,Chaco,22,General Donovan,22056,200,200,400,2000
sorgo,1993,1993/1994,Chaco,22,General Güemes,22063,1000,1000,2300,2300
sorgo,1993,1993/1994,Chaco,22,Independencia,22070,1000,1000,2000,2000
sorgo,1993,1993/1994,Chaco,22,Libertad,22077,100,100,200,2000
sorgo,1993,1993/1994,Chaco,22,Libertador General San Martín,22084,1000,1000,2600,2600
sorgo,1993,1993/1994,Chaco,22,Maipú,22091,2500,2200,4400,2000
sorgo,1993,1993/1994,Chaco,22,Mayor Luis J. Fontana,22098,2500,2500,5000,2000
sorgo,1993,1993/1994,Chaco,22,O'Higgins,22112,400,400,800,2000
sorgo,1993,1993/1994,Chaco,22,Presidencia de la Plaza,22119,200,200,400,2000
sorgo,1993,1993/1994,Chaco,22,Quitilipi,22133,1300,1300,2900,2231
sorgo,1993,1993/1994,Chaco,22,San Fernando,22140,500,500,1100,2200
sorgo,1993,1993/1994,Chaco,22,San Lorenzo,22147,200,200,500,2500
sorgo,1993,1993/1994,Chaco,22,Sargento Cabral,22154,200,200,400,2000
sorgo,1993,1993/1994,Córdoba,14,Calamuchita,14007,3600,3600,12600,3500
sorgo,1993,1993/1994,Córdoba,14,Colón,14021,3000,3000,13200,4400
sorgo,1993,1993/1994,Córdoba,14,General Roca,14035,18400,18400,51500,2799
sorgo,1993,1993/1994,Córdoba,14,General San Martín,14042,14000,14000,70000,5000
sorgo,1993,1993/1994,Córdoba,14,Juárez Celman,14056,24000,24000,84000,3500
sorgo,1993,1993/1994,Córdoba,14,Marcos Juárez,14063,13000,13000,65000,5000
sorgo,1993,1993/1994,Córdoba,14,Presidente Roque Sáenz Peña,14084,4600,4600,15200,3304
sorgo,1993,1993/1994,Córdoba,14,Río Cuarto,14098,32400,32400,113400,3500
sorgo,1993,1993/1994,Córdoba,14,Río Primero,14105,3500,3000,13500,4500
sorgo,1993,1993/1994,Córdoba,14,Río Segundo,14119,25000,25000,125000,5000
sorgo,1993,1993/1994,Córdoba,14,San Justo,14140,22000,22000,101200,4600
sorgo,1993,1993/1994,Córdoba,14,Santa María,14147,5000,5000,25000,5000
sorgo,1993,1993/1994,Córdoba,14,Tercero Arriba,14161,30000,30000,150000,5000
sorgo,1993,1993/1994,Córdoba,14,Totoral,14168,3000,3000,13500,4500
sorgo,1993,1993/1994,Córdoba,14,Tulumba,14175,500,500,2200,4400
sorgo,1993,1993/1994,Córdoba,14,Unión,14182,12000,12000,60000,5000
sorgo,1993,1993/1994,Corrientes,18,Bella Vista,18007,400,400,1000,2500
sorgo,1993,1993/1994,Corrientes,18,Curuzu Cuatia,18035,70,20,40,2000
sorgo,1993,1993/1994,Corrientes,18,Esquina,18049,500,250,700,2800
sorgo,1993,1993/1994,Corrientes,18,Lavalle,18091,250,200,400,2000
sorgo,1993,1993/1994,Corrientes,18,Mercedes,18105,50,50,100,2000
sorgo,1993,1993/1994,Corrientes,18,Monte Caseros,18112,250,100,300,3000
sorgo,1993,1993/1994,Corrientes,18,Paso de los Libres,18119,50,20,50,2500
sorgo,1993,1993/1994,Corrientes,18,San Luis del Palmar,18140,30,30,60,2000
sorgo,1993,1993/1994,Corrientes,18,San Martín,18147,100,80,400,5000
sorgo,1993,1993/1994,Corrientes,18,Santo Tomé,18168,200,150,600,4000
sorgo,1993,1993/1994,Corrientes,18,Sauce,18175,200,100,250,2500
sorgo,1993,1993/1994,Entre Ríos,30,Colón,30008,2500,2500,6800,2720
sorgo,1993,1993/1994,Entre Ríos,30,Concordia,30015,2000,1650,5000,3030
sorgo,1993,1993/1994,Entre Ríos,30,Diamante,30021,6100,5600,20200,3607
sorgo,1993,1993/1994,Entre Ríos,30,Federación,30028,1800,1600,4800,3000
sorgo,1993,1993/1994,Entre Ríos,30,Federal,30035,2400,2100,6300,3000
sorgo,1993,1993/1994,Entre Ríos,30,Feliciano,30042,1400,1150,3200,2783
sorgo,1993,1993/1994,Entre Ríos,30,Gualeguay,30049,3500,3500,14000,4000
sorgo,1993,1993/1994,Entre Ríos,30,Gualeguaychú,30056,6000,6000,18000,3000
sorgo,1993,1993/1994,Entre Ríos,30,La Paz,30070,6000,5400,17800,3296
sorgo,1993,1993/1994,Entre Ríos,30,Nogoyá,30077,4000,4000,16000,4000
sorgo,1993,1993/1994,Entre Ríos,30,Paraná,30084,10300,9500,34200,3600
sorgo,1993,1993/1994,Entre Ríos,30,Tala,30091,2500,2500,6800,2720
sorgo,1993,1993/1994,Entre Ríos,30,Uruguay,30098,3000,3000,9000,3000
sorgo,1993,1993/1994,Entre Ríos,30,Victoria,30105,5500,5500,27500,5000
sorgo,1993,1993/1994,Entre Ríos,30,Villaguay,30113,4000,4000,10800,2700
sorgo,1993,1993/1994,Formosa,34,Formosa,34014,150,150,400,2667
sorgo,1993,1993/1994,Formosa,34,Laishí,34021,250,250,700,2800
sorgo,1993,1993/1994,Formosa,34,Patiño,34035,370,370,1000,2703
sorgo,1993,1993/1994,Formosa,34,Pilagás,34042,370,370,1000,2703
sorgo,1993,1993/1994,Formosa,34,Pilcomayo,34049,300,300,800,2667
sorgo,1993,1993/1994,Formosa,34,Pirané,34056,960,960,2600,2708
sorgo,1993,1993/1994,La Pampa,42,Atreucó,42007,23000,17300,53600,3098
sorgo,1993,1993/1994,La Pampa,42,Capital,42021,25000,19700,61100,3102
sorgo,1993,1993/1994,La Pampa,42,Catriló,42028,27300,22500,69800,3102
sorgo,1993,1993/1994,La Pampa,42,Chapaleufú,42056,1500,1400,3900,2786
sorgo,1993,1993/1994,La Pampa,42,Conhelo,42035,5000,4200,10500,2500
sorgo,1993,1993/1994,La Pampa,42,Guatraché,42070,14700,8000,24000,3000
sorgo,1993,1993/1994,La Pampa,42,Hucal,42077,2000,1500,4100,2733
sorgo,1993,1993/1994,La Pampa,42,Loventué,42098,500,400,1000,2500
sorgo,1993,1993/1994,La Pampa,42,Maracó,42105,2000,1800,4500,2500
sorgo,1993,1993/1994,La Pampa,42,Quemú Quemú,42119,2000,1700,4400,2588
sorgo,1993,1993/1994,La Pampa,42,Rancul,42126,12000,10800,30200,2796
sorgo,1993,1993/1994,La Pampa,42,Realicó,42133,3000,2700,6800,2519
sorgo,1993,1993/1994,La Pampa,42,Toay,42140,13000,8800,25500,2898
sorgo,1993,1993/1994,La Pampa,42,Trenel,42147,1500,1400,3500,2500
sorgo,1993,1993/1994,La Pampa,42,Utracán,42154,5000,2200,6200,2818
sorgo,1993,1993/1994,Misiones,54,Apóstoles,54007,50,0,0,0
sorgo,1993,1993/1994,Misiones,54,Capital,54028,50,0,0,0
sorgo,1993,1993/1994,Salta,66,Anta,66007,1000,1000,3300,3300
sorgo,1993,1993/1994,Salta,66,Capital,66028,100,100,300,3000
sorgo,1993,1993/1994,Salta,66,Cerrillos,66035,300,300,1200,4000
sorgo,1993,1993/1994,San Luis,74,Ayacucho,74007,500,500,900,1800
sorgo,1993,1993/1994,San Luis,74,Belgrano,74014,500,500,1000,2000
sorgo,1993,1993/1994,San Luis,74,Chacabuco,74028,5900,5900,11200,1898
sorgo,1993,1993/1994,San Luis,74,Coronel Pringles,74021,3100,3100,5900,1903
sorgo,1993,1993/1994,San Luis,74,General Pedernera,74035,12600,12600,23900,1897
sorgo,1993,1993/1994,San Luis,74,Gobernador Dupuy,74042,5700,5700,10800,1895
sorgo,1993,1993/1994,San Luis,74,Juan Martín de Pueyrredón,74056,500,500,1000,2000
sorgo,1993,1993/1994,San Luis,74,Junín,74049,500,500,1000,2000
sorgo,1993,1993/1994,San Luis,74,Libertador General San Martín,74063,700,700,1300,1857
sorgo,1993,1993/1994,Santa Fe,82,9 de Julio,82077,11100,10000,25000,2500
sorgo,1993,1993/1994,Santa Fe,82,Belgrano,82007,1700,1700,8900,5235
sorgo,1993,1993/1994,Santa Fe,82,Caseros,82014,800,800,3800,4750
sorgo,1993,1993/1994,Santa Fe,82,Castellanos,82021,14000,13500,55400,4104
sorgo,1993,1993/1994,Santa Fe,82,Garay,82035,500,500,1800,3600
sorgo,1993,1993/1994,Santa Fe,82,General López,82042,1200,1200,6600,5500
sorgo,1993,1993/1994,Santa Fe,82,General Obligado,82049,1100,900,2500,2778
sorgo,1993,1993/1994,Santa Fe,82,Iriondo,82056,700,700,3600,5143
sorgo,1993,1993/1994,Santa Fe,82,La Capital,82063,1500,1300,5200,4000
sorgo,1993,1993/1994,Santa Fe,82,Las Colonias,82070,10000,9500,38000,4000
sorgo,1993,1993/1994,Santa Fe,82,Rosario,82084,500,500,2300,4600
sorgo,1993,1993/1994,Santa Fe,82,San Cristóbal,82091,12000,10800,42100,3898
sorgo,1993,1993/1994,Santa Fe,82,San Javier,82098,800,500,1300,2600
sorgo,1993,1993/1994,Santa Fe,82,San Jerónimo,82105,3500,2500,11200,4480
sorgo,1993,1993/1994,Santa Fe,82,San Justo,82112,8000,7400,28100,3797
sorgo,1993,1993/1994,Santa Fe,82,San Lorenzo,82119,800,800,3700,4625
sorgo,1993,1993/1994,Santa Fe,82,San Martín,82126,6100,4100,19500,4756
sorgo,1993,1993/1994,Santa Fe,82,Vera,82133,2200,1900,5700,3000
sorgo,1993,1993/1994,Santa Fe,82,Villa Constitución,82028,600,600,2900,4833
sorgo,1993,1993/1994,Santiago del Estero,86,Aguirre,86007,4200,3700,8500,2297
sorgo,1993,1993/1994,Santiago del Estero,86,Alberdi,86014,2000,2000,7000,3500
sorgo,1993,1993/1994,Santiago del Estero,86,Belgrano,86042,9900,9300,24200,2602
sorgo,1993,1993/1994,Santiago del Estero,86,Choya,86063,4000,3600,7900,2194
sorgo,1993,1993/1994,Santiago del Estero,86,Copo,86056,2000,2000,6000,3000
sorgo,1993,1993/1994,Santiago del Estero,86,General Taboada,86077,5500,5100,12800,2510
sorgo,1993,1993/1994,Santiago del Estero,86,Guasayán,86084,6000,5600,14000,2500
sorgo,1993,1993/1994,Santiago del Estero,86,Jiménez,86091,4000,3700,10000,2703
sorgo,1993,1993/1994,Santiago del Estero,86,Moreno,86119,13000,13000,32900,2531
sorgo,1993,1993/1994,Santiago del Estero,86,Pellegrini,86133,6000,5800,16900,2914
sorgo,1993,1993/1994,Santiago del Estero,86,Rivadavia,86154,1200,1000,4000,4000
sorgo,1993,1993/1994,Santiago del Estero,86,Robles,86161,1100,1000,2600,2600
sorgo,1993,1993/1994,Tucumán,90,Burruyacú,90007,800,700,2100,3000
sorgo,1993,1993/1994,Tucumán,90,Chicligasta,90021,100,100,300,3000
sorgo,1993,1993/1994,Tucumán,90,Cruz Alta,90014,450,450,1400,3111
sorgo,1993,1993/1994,Tucumán,90,Famaillá,90028,100,100,400,4000
sorgo,1993,1993/1994,Tucumán,90,Graneros,90035,800,700,2200,3143
sorgo,1993,1993/1994,Tucumán,90,Leales,90056,600,500,1500,3000
sorgo,1993,1993/1994,Tucumán,90,Río Chico,90077,100,100,300,3000
sorgo,1993,1993/1994,Tucumán,90,Tafí del Valle,90098,50,50,200,4000
sorgo,1993,1993/1994,Tucumán,90,Trancas,90112,400,300,900,3000
sorgo,1994,1994/1995,Buenos Aires,06,Adolfo Alsina,06007,1000,1000,3500,3500
sorgo,1994,1994/1995,Buenos Aires,06,Arrecifes,06077,200,200,900,4500
sorgo,1994,1994/1995,Buenos Aires,06,Bahía Blanca,06056,600,600,1400,2333
sorgo,1994,1994/1995,Buenos Aires,06,Baradero,06070,200,200,1000,5000
sorgo,1994,1994/1995,Buenos Aires,06,Bolívar,06105,100,100,400,4000
sorgo,1994,1994/1995,Buenos Aires,06,Capitán Sarmiento,06140,100,100,500,5000
sorgo,1994,1994/1995,Buenos Aires,06,Carlos Casares,06147,375,375,1900,5067
sorgo,1994,1994/1995,Buenos Aires,06,Carlos Tejedor,06154,2745,2745,13700,4991
sorgo,1994,1994/1995,Buenos Aires,06,Colón,06175,150,150,700,4667
sorgo,1994,1994/1995,Buenos Aires,06,Coronel Suárez,06203,500,500,1300,2600
sorgo,1994,1994/1995,Buenos Aires,06,Daireaux,06231,100,100,400,4000
sorgo,1994,1994/1995,Buenos Aires,06,Exaltación de la Cruz,06266,70,70,300,4286
sorgo,1994,1994/1995,Buenos Aires,06,General La Madrid,06322,300,300,900,3000
sorgo,1994,1994/1995,Buenos Aires,06,General Pinto,06351,3500,3500,15100,4314
sorgo,1994,1994/1995,Buenos Aires,06,General Villegas,06392,5000,5000,23500,4700
sorgo,1994,1994/1995,Buenos Aires,06,Guaminí,06399,500,500,1900,3800
sorgo,1994,1994/1995,Buenos Aires,06,Leandro N. Alem,06462,500,500,2200,4400
sorgo,1994,1994/1995,Buenos Aires,06,Lincoln,06469,1000,1000,4500,4500
sorgo,1994,1994/1995,Buenos Aires,06,Pehuajó,06609,875,875,4400,5029
sorgo,1994,1994/1995,Buenos Aires,06,Pellegrini,06616,500,500,1900,3800
sorgo,1994,1994/1995,Buenos Aires,06,Pergamino,06623,300,300,1500,5000
sorgo,1994,1994/1995,Buenos Aires,06,Puán,06651,4000,2500,5300,2120
sorgo,1994,1994/1995,Buenos Aires,06,Ramallo,06665,110,110,500,4545
sorgo,1994,1994/1995,Buenos Aires,06,Rivadavia,06679,3260,2760,14100,5109
sorgo,1994,1994/1995,Buenos Aires,06,Saavedra,06700,2000,1500,3900,2600
sorgo,1994,1994/1995,Buenos Aires,06,Salto,06714,150,150,700,4667
sorgo,1994,1994/1995,Buenos Aires,06,San Antonio de Areco,06735,150,150,600,4000
sorgo,1994,1994/1995,Buenos Aires,06,San Nicolás,06763,130,130,500,3846
sorgo,1994,1994/1995,Buenos Aires,06,San Pedro,06770,250,250,1100,4400
sorgo,1994,1994/1995,Buenos Aires,06,Tapalqué,06798,200,200,600,3000
sorgo,1994,1994/1995,Buenos Aires,06,Tornquist,06819,3500,3000,6300,2100
sorgo,1994,1994/1995,Buenos Aires,06,Trenque Lauquen,06826,2745,2245,11400,5078
sorgo,1994,1994/1995,Chaco,22,12 de Octubre,22036,9000,8300,21300,2566
sorgo,1994,1994/1995,Chaco,22,25 de Mayo,22168,300,300,700,2333
sorgo,1994,1994/1995,Chaco,22,9 de Julio,22105,1000,700,1800,2571
sorgo,1994,1994/1995,Chaco,22,Almirante Brown,22007,500,500,1400,2800
sorgo,1994,1994/1995,Chaco,22,Chacabuco,22028,6000,5400,14000,2593
sorgo,1994,1994/1995,Chaco,22,Comandante Fernández,22021,2000,2000,5000,2500
sorgo,1994,1994/1995,Chaco,22,Fray Justo Santa María de Oro,22043,500,400,1000,2500
sorgo,1994,1994/1995,Chaco,22,General Belgrano,22049,1000,700,1800,2571
sorgo,1994,1994/1995,Chaco,22,General Donovan,22056,200,200,500,2500
sorgo,1994,1994/1995,Chaco,22,General Güemes,22063,1000,1000,2400,2400
sorgo,1994,1994/1995,Chaco,22,Independencia,22070,1000,1000,2500,2500
sorgo,1994,1994/1995,Chaco,22,Libertad,22077,100,100,200,2000
sorgo,1994,1994/1995,Chaco,22,Libertador General San Martín,22084,1000,1000,2400,2400
sorgo,1994,1994/1995,Chaco,22,Maipú,22091,1500,1500,3600,2400
sorgo,1994,1994/1995,Chaco,22,Mayor Luis J. Fontana,22098,1500,1500,3800,2533
sorgo,1994,1994/1995,Chaco,22,O'Higgins,22112,300,300,800,2667
sorgo,1994,1994/1995,Chaco,22,Presidencia de la Plaza,22119,200,200,400,2000
sorgo,1994,1994/1995,Chaco,22,Quitilipi,22133,1000,1000,2500,2500
sorgo,1994,1994/1995,Chaco,22,San Fernando,22140,300,300,700,2333
sorgo,1994,1994/1995,Chaco,22,San Lorenzo,22147,200,200,500,2500
sorgo,1994,1994/1995,Chaco,22,Sargento Cabral,22154,200,200,400,2000
sorgo,1994,1994/1995,Chaco,22,Tapenagá,22161,1200,1200,3100,2583
sorgo,1994,1994/1995,Córdoba,14,Calamuchita,14007,4300,4300,12000,2791
sorgo,1994,1994/1995,Córdoba,14,Colón,14021,3000,2500,6500,2600
sorgo,1994,1994/1995,Córdoba,14,General Roca,14035,15000,15000,52500,3500
sorgo,1994,1994/1995,Córdoba,14,General San Martín,14042,10000,10000,37000,3700
sorgo,1994,1994/1995,Córdoba,14,Juárez Celman,14056,28800,17800,49800,2798
sorgo,1994,1994/1995,Córdoba,14,Marcos Juárez,14063,13000,13000,62400,4800
sorgo,1994,1994/1995,Córdoba,14,Presidente Roque Sáenz Peña,14084,3500,3500,13700,3914
sorgo,1994,1994/1995,Córdoba,14,Río Cuarto,14098,38900,27900,78100,2799
sorgo,1994,1994/1995,Córdoba,14,Río Primero,14105,3500,2000,5000,2500
sorgo,1994,1994/1995,Córdoba,14,Río Segundo,14119,18000,18000,72000,4000
sorgo,1994,1994/1995,Córdoba,14,San Justo,14140,22000,18000,50400,2800
sorgo,1994,1994/1995,Córdoba,14,Santa María,14147,4000,4000,14800,3700
sorgo,1994,1994/1995,Córdoba,14,Tercero Arriba,14161,21000,21000,77700,3700
sorgo,1994,1994/1995,Córdoba,14,Totoral,14168,3500,3000,8100,2700
sorgo,1994,1994/1995,Córdoba,14,Unión,14182,12000,12000,57600,4800
sorgo,1994,1994/1995,Corrientes,18,Bella Vista,18007,420,420,1200,2857
sorgo,1994,1994/1995,Corrientes,18,Curuzu Cuatia,18035,50,50,100,2000
sorgo,1994,1994/1995,Corrientes,18,Esquina,18049,600,450,1000,2222
sorgo,1994,1994/1995,Corrientes,18,Lavalle,18091,240,240,600,2500
sorgo,1994,1994/1995,Corrientes,18,Mercedes,18105,50,50,100,2000
sorgo,1994,1994/1995,Corrientes,18,Monte Caseros,18112,200,150,300,2000
sorgo,1994,1994/1995,Corrientes,18,Paso de los Libres,18119,50,50,100,2000
sorgo,1994,1994/1995,Corrientes,18,San Luis del Palmar,18140,50,50,100,2000
sorgo,1994,1994/1995,Corrientes,18,San Martín,18147,120,100,370,3700
sorgo,1994,1994/1995,Corrientes,18,Santo Tomé,18168,200,170,612,3600
sorgo,1994,1994/1995,Corrientes,18,Sauce,18175,250,250,500,2000
sorgo,1994,1994/1995,Entre Ríos,30,Colón,30008,2500,2500,8800,3520
sorgo,1994,1994/1995,Entre Ríos,30,Concordia,30015,1200,900,3200,3556
sorgo,1994,1994/1995,Entre Ríos,30,Diamante,30021,4200,3800,17100,4500
sorgo,1994,1994/1995,Entre Ríos,30,Federación,30028,1200,900,2700,3000
sorgo,1994,1994/1995,Entre Ríos,30,Federal,30035,1400,1350,4700,3481
sorgo,1994,1994/1995,Entre Ríos,30,Feliciano,30042,1400,1300,3900,3000
sorgo,1994,1994/1995,Entre Ríos,30,Gualeguay,30049,5500,5500,22000,4000
sorgo,1994,1994/1995,Entre Ríos,30,Gualeguaychú,30056,7500,7500,26300,3507
sorgo,1994,1994/1995,Entre Ríos,30,La Paz,30070,4400,4100,14400,3512
sorgo,1994,1994/1995,Entre Ríos,30,Nogoyá,30077,7500,7500,30000,4000
sorgo,1994,1994/1995,Entre Ríos,30,Paraná,30084,7200,6900,31100,4507
sorgo,1994,1994/1995,Entre Ríos,30,Tala,30091,2500,2500,8800,3520
sorgo,1994,1994/1995,Entre Ríos,30,Uruguay,30098,2000,2000,7600,3800
sorgo,1994,1994/1995,Entre Ríos,30,Victoria,30105,4000,4000,18000,4500
sorgo,1994,1994/1995,Entre Ríos,30,Villaguay,30113,2500,2500,8800,3520
sorgo,1994,1994/1995,Formosa,34,Formosa,34014,150,150,500,3333
sorgo,1994,1994/1995,Formosa,34,Laishí,34021,250,250,800,3200
sorgo,1994,1994/1995,Formosa,34,Patiño,34035,370,320,1100,3438
sorgo,1994,1994/1995,Formosa,34,Pilagás,34042,370,320,1100,3438
sorgo,1994,1994/1995,Formosa,34,Pilcomayo,34049,300,300,1000,3333
sorgo,1994,1994/1995,Formosa,34,Pirané,34056,960,860,2800,3256
sorgo,1994,1994/1995,La Pampa,42,Atreucó,42007,22500,3600,8500,2361
sorgo,1994,1994/1995,La Pampa,42,Capital,42021,24000,3700,8900,2405
sorgo,1994,1994/1995,La Pampa,42,Catriló,42028,26800,6300,17300,2746
sorgo,1994,1994/1995,La Pampa,42,Chapaleufú,42056,1000,900,2900,3222
sorgo,1994,1994/1995,La Pampa,42,Conhelo,42035,4700,4200,12200,2905
sorgo,1994,1994/1995,La Pampa,42,Guatraché,42070,14700,2200,4400,2000
sorgo,1994,1994/1995,La Pampa,42,Hucal,42077,1000,200,400,2000
sorgo,1994,1994/1995,La Pampa,42,Loventué,42098,300,250,500,2000
sorgo,1994,1994/1995,La Pampa,42,Maracó,42105,2000,1800,5400,3000
sorgo,1994,1994/1995,La Pampa,42,Quemú Quemú,42119,1900,1700,4800,2824
sorgo,1994,1994/1995,La Pampa,42,Rancul,42126,5000,4400,11000,2500
sorgo,1994,1994/1995,La Pampa,42,Realicó,42133,1200,1050,2700,2571
sorgo,1994,1994/1995,La Pampa,42,Toay,42140,12000,1800,3900,2167
sorgo,1994,1994/1995,La Pampa,42,Trenel,42147,900,800,1900,2375
sorgo,1994,1994/1995,La Pampa,42,Utracán,42154,5000,800,1700,2125
sorgo,1994,1994/1995,Misiones,54,Apóstoles,54007,50,0,0,0
sorgo,1994,1994/1995,Misiones,54,Capital,54028,50,0,0,0
sorgo,1994,1994/1995,Salta,66,Anta,66007,1400,0,0,0
sorgo,1994,1994/1995,Salta,66,General José de San Martín,66056,1600,1600,5600,3500
sorgo,1994,1994/1995,San Luis,74,Chacabuco,74028,3600,2600,5500,2115
sorgo,1994,1994/1995,San Luis,74,General Pedernera,74035,16200,11700,24600,2103
sorgo,1994,1994/1995,San Luis,74,Gobernador Dupuy,74042,14400,10400,21800,2096
sorgo,1994,1994/1995,San Luis,74,Juan Martín de Pueyrredón,74056,1800,1300,2700,2077
sorgo,1994,1994/1995,Santa Fe,82,9 de Julio,82077,12700,12400,50800,4097
sorgo,1994,1994/1995,Santa Fe,82,Belgrano,82007,1600,1600,9200,5750
sorgo,1994,1994/1995,Santa Fe,82,Caseros,82014,1600,1600,8600,5375
sorgo,1994,1994/1995,Santa Fe,82,Castellanos,82021,11000,10200,37700,3696
sorgo,1994,1994/1995,Santa Fe,82,Garay,82035,500,400,1400,3500
sorgo,1994,1994/1995,Santa Fe,82,General López,82042,1500,1500,7200,4800
sorgo,1994,1994/1995,Santa Fe,82,General Obligado,82049,1300,1300,4200,3231
sorgo,1994,1994/1995,Santa Fe,82,Iriondo,82056,700,700,4100,5857
sorgo,1994,1994/1995,Santa Fe,82,La Capital,82063,1000,800,3400,4250
sorgo,1994,1994/1995,Santa Fe,82,Las Colonias,82070,7000,6500,26700,4108
sorgo,1994,1994/1995,Santa Fe,82,Rosario,82084,700,700,4000,5714
sorgo,1994,1994/1995,Santa Fe,82,San Cristóbal,82091,12000,11300,47500,4204
sorgo,1994,1994/1995,Santa Fe,82,San Javier,82098,1000,1000,3400,3400
sorgo,1994,1994/1995,Santa Fe,82,San Jerónimo,82105,3300,2800,14600,5214
sorgo,1994,1994/1995,Santa Fe,82,San Justo,82112,4500,3600,13700,3806
sorgo,1994,1994/1995,Santa Fe,82,San Lorenzo,82119,1000,1000,5600,5600
sorgo,1994,1994/1995,Santa Fe,82,San Martín,82126,6000,5000,27200,5440
sorgo,1994,1994/1995,Santa Fe,82,Vera,82133,2500,2400,9100,3792
sorgo,1994,1994/1995,Santa Fe,82,Villa Constitución,82028,1600,1600,8500,5313
sorgo,1994,1994/1995,Santiago del Estero,86,Aguirre,86007,3500,3500,14700,4200
sorgo,1994,1994/1995,Santiago del Estero,86,Alberdi,86014,2000,2000,6200,3100
sorgo,1994,1994/1995,Santiago del Estero,86,Banda,86035,4000,4000,16400,4100
sorgo,1994,1994/1995,Santiago del Estero,86,Belgrano,86042,8500,8500,39100,4600
sorgo,1994,1994/1995,Santiago del Estero,86,Choya,86063,4000,3300,6900,2091
sorgo,1994,1994/1995,Santiago del Estero,86,Copo,86056,1000,1000,3000,3000
sorgo,1994,1994/1995,Santiago del Estero,86,General Taboada,86077,6000,6000,25800,4300
sorgo,1994,1994/1995,Santiago del Estero,86,Guasayán,86084,6000,5200,12500,2404
sorgo,1994,1994/1995,Santiago del Estero,86,Jiménez,86091,4000,3400,7100,2088
sorgo,1994,1994/1995,Santiago del Estero,86,Moreno,86119,14000,14000,44800,3200
sorgo,1994,1994/1995,Santiago del Estero,86,Pellegrini,86133,6000,5600,12300,2196
sorgo,1994,1994/1995,Santiago del Estero,86,Rivadavia,86154,1000,700,2800,4000
sorgo,1994,1994/1995,Tucumán,90,Burruyacú,90007,750,730,2300,3151
sorgo,1994,1994/1995,Tucumán,90,Capital,90084,50,50,200,4000
sorgo,1994,1994/1995,Tucumán,90,Chicligasta,90021,110,110,300,2727
sorgo,1994,1994/1995,Tucumán,90,Cruz Alta,90014,430,420,1200,2857
sorgo,1994,1994/1995,Tucumán,90,Graneros,90035,790,790,2500,3165
sorgo,1994,1994/1995,Tucumán,90,Leales,90056,540,500,1600,3200
sorgo,1994,1994/1995,Tucumán,90,Río Chico,90077,50,50,200,4000
sorgo,1994,1994/1995,Tucumán,90,Trancas,90112,300,300,1000,3333
sorgo,1995,1995/1996,Buenos Aires,06,9 de Julio,06588,400,400,1600,4000
sorgo,1995,1995/1996,Buenos Aires,06,Adolfo Alsina,06007,1500,1500,5300,3533
sorgo,1995,1995/1996,Buenos Aires,06,Arrecifes,06077,350,350,2500,7143
sorgo,1995,1995/1996,Buenos Aires,06,Bahía Blanca,06056,2500,400,320,800
sorgo,1995,1995/1996,Buenos Aires,06,Baradero,06070,200,200,1300,6500
sorgo,1995,1995/1996,Buenos Aires,06,Bolívar,06105,300,300,1200,4000
sorgo,1995,1995/1996,Buenos Aires,06,Bragado,06112,200,200,800,4000
sorgo,1995,1995/1996,Buenos Aires,06,Capitán Sarmiento,06140,250,250,1800,7200
sorgo,1995,1995/1996,Buenos Aires,06,Carlos Casares,06147,2500,2500,8800,3520
sorgo,1995,1995/1996,Buenos Aires,06,Carlos Tejedor,06154,5000,4700,16500,3511
sorgo,1995,1995/1996,Buenos Aires,06,Carmen de Areco,06161,600,600,2400,4000
sorgo,1995,1995/1996,Buenos Aires,06,Chivilcoy,06224,200,200,800,4000
sorgo,1995,1995/1996,Buenos Aires,06,Colón,06175,200,200,1500,7500
sorgo,1995,1995/1996,Buenos Aires,06,Coronel Suárez,06203,500,400,1000,2500
sorgo,1995,1995/1996,Buenos Aires,06,Daireaux,06231,200,200,700,3500
sorgo,1995,1995/1996,Buenos Aires,06,Florentino Ameghino,06277,2000,2000,8000,4000
sorgo,1995,1995/1996,Buenos Aires,06,General La Madrid,06322,300,300,600,2000
sorgo,1995,1995/1996,Buenos Aires,06,General Pinto,06351,2000,2000,7000,3500
sorgo,1995,1995/1996,Buenos Aires,06,General Villegas,06392,6000,6000,18000,3000
sorgo,1995,1995/1996,Buenos Aires,06,Guaminí,06399,500,500,1800,3600
sorgo,1995,1995/1996,Buenos Aires,06,Leandro N. Alem,06462,500,500,2800,5600
sorgo,1995,1995/1996,Buenos Aires,06,Lincoln,06469,1500,1500,8300,5533
sorgo,1995,1995/1996,Buenos Aires,06,Olavarría,06595,500,500,3000,6000
sorgo,1995,1995/1996,Buenos Aires,06,Pehuajó,06609,3000,3000,10500,3500
sorgo,1995,1995/1996,Buenos Aires,06,Pellegrini,06616,500,500,1800,3600
sorgo,1995,1995/1996,Buenos Aires,06,Pergamino,06623,500,500,3800,7600
sorgo,1995,1995/1996,Buenos Aires,06,Puán,06651,3000,2000,3600,1800
sorgo,1995,1995/1996,Buenos Aires,06,Ramallo,06665,250,250,1700,6800
sorgo,1995,1995/1996,Buenos Aires,06,Rivadavia,06679,3000,2700,9500,3519
sorgo,1995,1995/1996,Buenos Aires,06,Saavedra,06700,1500,1000,2000,2000
sorgo,1995,1995/1996,Buenos Aires,06,Salto,06714,300,300,2300,7667
sorgo,1995,1995/1996,Buenos Aires,06,San Antonio de Areco,06735,350,350,2300,6571
sorgo,1995,1995/1996,Buenos Aires,06,San Nicolás,06763,200,200,1400,7000
sorgo,1995,1995/1996,Buenos Aires,06,San Pedro,06770,300,300,1900,6333
sorgo,1995,1995/1996,Buenos Aires,06,Suipacha,06784,200,200,800,4000
sorgo,1995,1995/1996,Buenos Aires,06,Tapalqué,06798,200,200,700,3500
sorgo,1995,1995/1996,Buenos Aires,06,Tornquist,06819,4000,3000,4500,1500
sorgo,1995,1995/1996,Buenos Aires,06,Trenque Lauquen,06826,4000,4000,14000,3500
sorgo,1995,1995/1996,Chaco,22,12 de Octubre,22036,8000,8000,28000,3500
sorgo,1995,1995/1996,Chaco,22,2 de Abril,22039,500,500,1750,3500
sorgo,1995,1995/1996,Chaco,22,25 de Mayo,22168,100,100,300,3000
sorgo,1995,1995/1996,Chaco,22,9 de Julio,22105,1500,1500,5300,3533
sorgo,1995,1995/1996,Chaco,22,Almirante Brown,22007,1000,1000,3500,3500
sorgo,1995,1995/1996,Chaco,22,Chacabuco,22028,5000,5000,17500,3500
sorgo,1995,1995/1996,Chaco,22,Comandante Fernández,22021,500,500,1700,3400
sorgo,1995,1995/1996,Chaco,22,Fray Justo Santa María de Oro,22043,1000,1000,3450,3450
sorgo,1995,1995/1996,Chaco,22,General Belgrano,22049,1500,1500,5250,3500
sorgo,1995,1995/1996,Chaco,22,General Donovan,22056,100,100,300,3000
sorgo,1995,1995/1996,Chaco,22,General Güemes,22063,1000,1000,3450,3450
sorgo,1995,1995/1996,Chaco,22,Independencia,22070,1000,1000,3500,3500
sorgo,1995,1995/1996,Chaco,22,Maipú,22091,1000,1000,3400,3400
sorgo,1995,1995/1996,Chaco,22,Mayor Luis J. Fontana,22098,1000,1000,3500,3500
sorgo,1995,1995/1996,Chaco,22,O'Higgins,22112,500,500,1725,3450
sorgo,1995,1995/1996,Chaco,22,Presidencia de la Plaza,22119,200,200,600,3000
sorgo,1995,1995/1996,Chaco,22,Quitilipi,22133,500,500,1675,3350
sorgo,1995,1995/1996,Córdoba,14,Calamuchita,14007,3900,3900,13700,3513
sorgo,1995,1995/1996,Córdoba,14,Colón,14021,5000,5000,21000,4200
sorgo,1995,1995/1996,Córdoba,14,General Roca,14035,13000,11500,29900,2600
sorgo,1995,1995/1996,Córdoba,14,General San Martín,14042,13000,13000,58500,4500
sorgo,1995,1995/1996,Córdoba,14,Juárez Celman,14056,25900,25900,90700,3502
sorgo,1995,1995/1996,Córdoba,14,Marcos Juárez,14063,13000,13000,76100,5854
sorgo,1995,1995/1996,Córdoba,14,Presidente Roque Sáenz Peña,14084,3000,2800,9800,3500
sorgo,1995,1995/1996,Córdoba,14,Río Cuarto,14098,35000,35000,122500,3500
sorgo,1995,1995/1996,Córdoba,14,Río Primero,14105,10000,10000,39000,3900
sorgo,1995,1995/1996,Córdoba,14,Río Segundo,14119,25000,25000,110000,4400
sorgo,1995,1995/1996,Córdoba,14,San Justo,14140,25000,22000,88000,4000
sorgo,1995,1995/1996,Córdoba,14,Santa María,14147,4800,4800,21600,4500
sorgo,1995,1995/1996,Córdoba,14,Tercero Arriba,14161,25200,25200,110900,4401
sorgo,1995,1995/1996,Córdoba,14,Totoral,14168,5000,5000,21000,4200
sorgo,1995,1995/1996,Córdoba,14,Tulumba,14175,1000,1000,4300,4300
sorgo,1995,1995/1996,Córdoba,14,Unión,14182,12000,12000,70200,5850
sorgo,1995,1995/1996,Corrientes,18,Bella Vista,18007,350,250,600,2400
sorgo,1995,1995/1996,Corrientes,18,Esquina,18049,400,300,900,3000
sorgo,1995,1995/1996,Corrientes,18,Lavalle,18091,200,100,250,2500
sorgo,1995,1995/1996,Corrientes,18,Monte Caseros,18112,150,150,450,3000
sorgo,1995,1995/1996,Corrientes,18,San Luis del Palmar,18140,50,40,100,2500
sorgo,1995,1995/1996,Corrientes,18,San Martín,18147,100,0,0,0
sorgo,1995,1995/1996,Corrientes,18,Santo Tomé,18168,200,200,600,3000
sorgo,1995,1995/1996,Corrientes,18,Sauce,18175,350,260,800,3077
sorgo,1995,1995/1996,Entre Ríos,30,Colón,30008,2000,2000,6000,3000
sorgo,1995,1995/1996,Entre Ríos,30,Concordia,30015,1900,1900,8200,4316
sorgo,1995,1995/1996,Entre Ríos,30,Diamante,30021,4500,4500,21200,4711
sorgo,1995,1995/1996,Entre Ríos,30,Federación,30028,1500,1500,6200,4133
sorgo,1995,1995/1996,Entre Ríos,30,Federal,30035,1700,1700,6700,3941
sorgo,1995,1995/1996,Entre Ríos,30,Feliciano,30042,1400,1400,5400,3857
sorgo,1995,1995/1996,Entre Ríos,30,Gualeguay,30049,5500,5200,15600,3000
sorgo,1995,1995/1996,Entre Ríos,30,Gualeguaychú,30056,8000,7300,20400,2795
sorgo,1995,1995/1996,Entre Ríos,30,La Paz,30070,6200,6200,28500,4597
sorgo,1995,1995/1996,Entre Ríos,30,Nogoyá,30077,7000,7000,24500,3500
sorgo,1995,1995/1996,Entre Ríos,30,Paraná,30084,6700,6700,31500,4701
sorgo,1995,1995/1996,Entre Ríos,30,Tala,30091,1500,1400,3500,2500
sorgo,1995,1995/1996,Entre Ríos,30,Uruguay,30098,4000,4000,12000,3000
sorgo,1995,1995/1996,Entre Ríos,30,Victoria,30105,5000,4800,21600,4500
sorgo,1995,1995/1996,Entre Ríos,30,Villaguay,30113,4000,4000,14000,3500
sorgo,1995,1995/1996,Formosa,34,Formosa,34014,150,150,975,6500
sorgo,1995,1995/1996,Formosa,34,Laishí,34021,250,250,1625,6500
sorgo,1995,1995/1996,Formosa,34,Patiño,34035,250,250,1600,6400
sorgo,1995,1995/1996,Formosa,34,Pilagás,34042,300,300,1950,6500
sorgo,1995,1995/1996,Formosa,34,Pilcomayo,34049,300,300,1950,6500
sorgo,1995,1995/1996,Formosa,34,Pirané,34056,830,830,5800,6988
sorgo,1995,1995/1996,La Pampa,42,Atreucó,42007,32000,6000,15600,2600
sorgo,1995,1995/1996,La Pampa,42,Capital,42021,12000,2000,5000,2500
sorgo,1995,1995/1996,La Pampa,42,Catriló,42028,30000,5000,14000,2800
sorgo,1995,1995/1996,La Pampa,42,Chapaleufú,42056,1200,1100,3100,2818
sorgo,1995,1995/1996,La Pampa,42,Conhelo,42035,5400,4600,11000,2391
sorgo,1995,1995/1996,La Pampa,42,Guatraché,42070,20000,4000,7600,1900
sorgo,1995,1995/1996,La Pampa,42,Loventué,42098,300,250,500,2000
sorgo,1995,1995/1996,La Pampa,42,Maracó,42105,2400,2150,5600,2605
sorgo,1995,1995/1996,La Pampa,42,Quemú Quemú,42119,2200,2000,5200,2600
sorgo,1995,1995/1996,La Pampa,42,Rancul,42126,5800,4700,10300,2191
sorgo,1995,1995/1996,La Pampa,42,Realicó,42133,1300,1100,2400,2182
sorgo,1995,1995/1996,La Pampa,42,Toay,42140,8500,1500,3000,2000
sorgo,1995,1995/1996,La Pampa,42,Trenel,42147,1000,900,2100,2333
sorgo,1995,1995/1996,La Pampa,42,Utracán,42154,7500,1500,3000,2000
sorgo,1995,1995/1996,Salta,66,Anta,66007,1000,0,0,0
sorgo,1995,1995/1996,Salta,66,General José de San Martín,66056,500,0,0,0
sorgo,1995,1995/1996,San Luis,74,Chacabuco,74028,3600,3600,12600,3500
sorgo,1995,1995/1996,San Luis,74,General Pedernera,74035,16200,16200,56700,3500
sorgo,1995,1995/1996,San Luis,74,Gobernador Dupuy,74042,14400,14400,50400,3500
sorgo,1995,1995/1996,San Luis,74,Juan Martín de Pueyrredón,74056,1800,1800,6300,3500
sorgo,1995,1995/1996,Santa Fe,82,9 de Julio,82077,9000,9000,33300,3700
sorgo,1995,1995/1996,Santa Fe,82,Belgrano,82007,1800,1800,9900,5500
sorgo,1995,1995/1996,Santa Fe,82,Caseros,82014,2000,2000,11400,5700
sorgo,1995,1995/1996,Santa Fe,82,Castellanos,82021,12000,10200,45900,4500
sorgo,1995,1995/1996,Santa Fe,82,Garay,82035,500,500,2000,4000
sorgo,1995,1995/1996,Santa Fe,82,General López,82042,3000,3000,16500,5500
sorgo,1995,1995/1996,Santa Fe,82,General Obligado,82049,1000,1000,3800,3800
sorgo,1995,1995/1996,Santa Fe,82,Iriondo,82056,850,850,4400,5176
sorgo,1995,1995/1996,Santa Fe,82,La Capital,82063,2000,1500,5700,3800
sorgo,1995,1995/1996,Santa Fe,82,Las Colonias,82070,8000,6800,28600,4206
sorgo,1995,1995/1996,Santa Fe,82,Rosario,82084,1000,1000,5800,5800
sorgo,1995,1995/1996,Santa Fe,82,San Cristóbal,82091,16000,13000,57200,4400
sorgo,1995,1995/1996,Santa Fe,82,San Javier,82098,800,800,2600,3250
sorgo,1995,1995/1996,Santa Fe,82,San Jerónimo,82105,3350,2350,11800,5021
sorgo,1995,1995/1996,Santa Fe,82,San Justo,82112,7500,7000,32900,4700
sorgo,1995,1995/1996,Santa Fe,82,San Lorenzo,82119,1000,1000,5500,5500
sorgo,1995,1995/1996,Santa Fe,82,San Martín,82126,14000,10000,60000,6000
sorgo,1995,1995/1996,Santa Fe,82,Vera,82133,3000,3000,11700,3900
sorgo,1995,1995/1996,Santa Fe,82,Villa Constitución,82028,6000,6000,36000,6000
sorgo,1995,1995/1996,Santiago del Estero,86,Aguirre,86007,1200,1200,4400,3667
sorgo,1995,1995/1996,Santiago del Estero,86,Belgrano,86042,10000,10000,34000,3400
sorgo,1995,1995/1996,Santiago del Estero,86,Choya,86063,2300,1600,3500,2188
sorgo,1995,1995/1996,Santiago del Estero,86,General Taboada,86077,6000,6000,20400,3400
sorgo,1995,1995/1996,Santiago del Estero,86,Guasayán,86084,3700,2800,5900,2107
sorgo,1995,1995/1996,Santiago del Estero,86,Jiménez,86091,2800,2600,8000,3077
sorgo,1995,1995/1996,Santiago del Estero,86,Juan F. Ibarra,86098,3500,3500,10500,3000
sorgo,1995,1995/1996,Santiago del Estero,86,Moreno,86119,15000,15000,52500,3500
sorgo,1995,1995/1996,Santiago del Estero,86,Pellegrini,86133,4200,3800,11000,2895
sorgo,1995,1995/1996,Santiago del Estero,86,Rivadavia,86154,1500,1200,4600,3833
sorgo,1995,1995/1996,Tucumán,90,Burruyacú,90007,500,450,1500,3333
sorgo,1995,1995/1996,Tucumán,90,Chicligasta,90021,100,100,310,3100
sorgo,1995,1995/1996,Tucumán,90,Cruz Alta,90014,350,330,1000,3030
sorgo,1995,1995/1996,Tucumán,90,Graneros,90035,370,320,850,2656
sorgo,1995,1995/1996,Tucumán,90,Juan Bautista Alberdi,90042,90,90,220,2444
sorgo,1995,1995/1996,Tucumán,90,La Cocha,90049,40,40,125,3125
sorgo,1995,1995/1996,Tucumán,90,Leales,90056,350,320,860,2688
sorgo,1995,1995/1996,Tucumán,90,Trancas,90112,300,300,835,2783
sorgo,1996,1996/1997,Buenos Aires,06,25 de Mayo,06854,600,600,2800,4667
sorgo,1996,1996/1997,Buenos Aires,06,9 de Julio,06588,800,800,3400,4250
sorgo,1996,1996/1997,Buenos Aires,06,Adolfo Alsina,06007,1850,1850,6700,3622
sorgo,1996,1996/1997,Buenos Aires,06,Arrecifes,06077,800,800,5600,7000
sorgo,1996,1996/1997,Buenos Aires,06,Bahía Blanca,06056,500,300,180,600
sorgo,1996,1996/1997,Buenos Aires,06,Baradero,06070,600,600,3400,5667
sorgo,1996,1996/1997,Buenos Aires,06,Bolívar,06105,500,500,2000,4000
sorgo,1996,1996/1997,Buenos Aires,06,Bragado,06112,300,300,1400,4667
sorgo,1996,1996/1997,Buenos Aires,06,Campana,06126,150,150,900,6000
sorgo,1996,1996/1997,Buenos Aires,06,Cañuelas,06134,400,400,1800,4500
sorgo,1996,1996/1997,Buenos Aires,06,Capitán Sarmiento,06140,900,900,6300,7000
sorgo,1996,1996/1997,Buenos Aires,06,Carlos Casares,06147,3000,3000,14400,4800
sorgo,1996,1996/1997,Buenos Aires,06,Carlos Tejedor,06154,4800,4800,21600,4500
sorgo,1996,1996/1997,Buenos Aires,06,Carmen de Areco,06161,700,700,2800,4000
sorgo,1996,1996/1997,Buenos Aires,06,Chascomús,06217,200,200,900,4500
sorgo,1996,1996/1997,Buenos Aires,06,Chivilcoy,06224,300,300,1200,4000
sorgo,1996,1996/1997,Buenos Aires,06,Colón,06175,300,300,2300,7667
sorgo,1996,1996/1997,Buenos Aires,06,Coronel de Marina Leonardo Rosales,06182,2000,700,520,743
sorgo,1996,1996/1997,Buenos Aires,06,Coronel Suárez,06203,500,300,1100,3667
sorgo,1996,1996/1997,Buenos Aires,06,Daireaux,06231,300,300,1100,3667
sorgo,1996,1996/1997,Buenos Aires,06,Exaltación de la Cruz,06266,200,200,1200,6000
sorgo,1996,1996/1997,Buenos Aires,06,Florentino Ameghino,06277,2000,2000,6000,3000
sorgo,1996,1996/1997,Buenos Aires,06,General Alvear,06287,200,200,700,3500
sorgo,1996,1996/1997,Buenos Aires,06,General Belgrano,06301,300,300,1300,4333
sorgo,1996,1996/1997,Buenos Aires,06,General La Madrid,06322,300,200,700,3500
sorgo,1996,1996/1997,Buenos Aires,06,General Pinto,06351,2500,2200,9900,4500
sorgo,1996,1996/1997,Buenos Aires,06,General Villegas,06392,8000,8000,32400,4050
sorgo,1996,1996/1997,Buenos Aires,06,Guaminí,06399,550,550,2100,3818
sorgo,1996,1996/1997,Buenos Aires,06,Hipólito Yrigoyen,06406,200,200,800,4000
sorgo,1996,1996/1997,Buenos Aires,06,Leandro N. Alem,06462,500,500,2500,5000
sorgo,1996,1996/1997,Buenos Aires,06,Lincoln,06469,1500,1400,5400,3857
sorgo,1996,1996/1997,Buenos Aires,06,Lobos,06483,200,200,900,4500
sorgo,1996,1996/1997,Buenos Aires,06,Luján,06497,200,200,800,4000
sorgo,1996,1996/1997,Buenos Aires,06,Mercedes,06532,300,300,1100,3667
sorgo,1996,1996/1997,Buenos Aires,06,Monte,06547,100,100,400,4000
sorgo,1996,1996/1997,Buenos Aires,06,Navarro,06574,200,200,900,4500
sorgo,1996,1996/1997,Buenos Aires,06,Olavarría,06595,700,700,3200,4571
sorgo,1996,1996/1997,Buenos Aires,06,Pehuajó,06609,4000,4000,19200,4800
sorgo,1996,1996/1997,Buenos Aires,06,Pellegrini,06616,700,700,2700,3857
sorgo,1996,1996/1997,Buenos Aires,06,Pergamino,06623,2500,2500,18300,7320
sorgo,1996,1996/1997,Buenos Aires,06,Puán,06651,3000,2000,6000,3000
sorgo,1996,1996/1997,Buenos Aires,06,Ramallo,06665,900,900,5500,6111
sorgo,1996,1996/1997,Buenos Aires,06,Rivadavia,06679,7000,6500,29300,4508
sorgo,1996,1996/1997,Buenos Aires,06,Roque Pérez,06693,200,200,900,4500
sorgo,1996,1996/1997,Buenos Aires,06,Saavedra,06700,1200,300,900,3000
sorgo,1996,1996/1997,Buenos Aires,06,Saladillo,06707,300,300,1400,4667
sorgo,1996,1996/1997,Buenos Aires,06,Salliqueló,06721,300,300,1200,4000
sorgo,1996,1996/1997,Buenos Aires,06,Salto,06714,800,800,6200,7750
sorgo,1996,1996/1997,Buenos Aires,06,San Andrés de Giles,06728,300,300,1300,4333
sorgo,1996,1996/1997,Buenos Aires,06,San Antonio de Areco,06735,1000,1000,6700,6700
sorgo,1996,1996/1997,Buenos Aires,06,San Nicolás,06763,500,500,3000,6000
sorgo,1996,1996/1997,Buenos Aires,06,San Pedro,06770,800,800,4800,6000
sorgo,1996,1996/1997,Buenos Aires,06,Suipacha,06784,300,300,1100,3667
sorgo,1996,1996/1997,Buenos Aires,06,Tapalqué,06798,200,200,800,4000
sorgo,1996,1996/1997,Buenos Aires,06,Tornquist,06819,3200,1700,4300,2529
sorgo,1996,1996/1997,Buenos Aires,06,Trenque Lauquen,06826,5500,5000,21000,4200
sorgo,1996,1996/1997,Buenos Aires,06,Tres Lomas,06847,300,300,100,333
sorgo,1996,1996/1997,Buenos Aires,06,Zárate,06882,400,400,2200,5500
sorgo,1996,1996/1997,Chaco,22,12 de Octubre,22036,13000,13000,48100,3700
sorgo,1996,1996/1997,Chaco,22,2 de Abril,22039,1000,1000,3600,3600
sorgo,1996,1996/1997,Chaco,22,25 de Mayo,22168,500,500,1800,3600
sorgo,1996,1996/1997,Chaco,22,9 de Julio,22105,1500,1500,5300,3533
sorgo,1996,1996/1997,Chaco,22,Almirante Brown,22007,1000,1000,3400,3400
sorgo,1996,1996/1997,Chaco,22,Chacabuco,22028,6000,6000,22200,3700
sorgo,1996,1996/1997,Chaco,22,Comandante Fernández,22021,3000,3000,9900,3300
sorgo,1996,1996/1997,Chaco,22,Fray Justo Santa María de Oro,22043,2000,2000,7200,3600
sorgo,1996,1996/1997,Chaco,22,General Belgrano,22049,2000,2000,7200,3600
sorgo,1996,1996/1997,Chaco,22,General Donovan,22056,500,500,1900,3800
sorgo,1996,1996/1997,Chaco,22,General Güemes,22063,3000,3000,9900,3300
sorgo,1996,1996/1997,Chaco,22,Independencia,22070,2000,2000,7600,3800
sorgo,1996,1996/1997,Chaco,22,Libertad,22077,200,200,700,3500
sorgo,1996,1996/1997,Chaco,22,Libertador General San Martín,22084,1000,1000,3000,3000
sorgo,1996,1996/1997,Chaco,22,Maipú,22091,1000,1000,3600,3600
sorgo,1996,1996/1997,Chaco,22,Mayor Luis J. Fontana,22098,2000,2000,6600,3300
sorgo,1996,1996/1997,Chaco,22,O'Higgins,22112,1000,1000,3500,3500
sorgo,1996,1996/1997,Chaco,22,Presidencia de la Plaza,22119,500,500,1700,3400
sorgo,1996,1996/1997,Chaco,22,Quitilipi,22133,1500,1500,5000,3333
sorgo,1996,1996/1997,Chaco,22,San Fernando,22140,1000,1000,3000,3000
sorgo,1996,1996/1997,Chaco,22,San Lorenzo,22147,500,500,1800,3600
sorgo,1996,1996/1997,Chaco,22,Sargento Cabral,22154,500,500,2100,4200
sorgo,1996,1996/1997,Córdoba,14,Calamuchita,14007,2000,2000,3200,1600
sorgo,1996,1996/1997,Córdoba,14,Colón,14021,5000,5000,20500,4100
sorgo,1996,1996/1997,Córdoba,14,General Roca,14035,20000,15000,39000,2600
sorgo,1996,1996/1997,Córdoba,14,General San Martín,14042,16600,16600,49100,2958
sorgo,1996,1996/1997,Córdoba,14,Juárez Celman,14056,20000,13000,20800,1600
sorgo,1996,1996/1997,Córdoba,14,Marcos Juárez,14063,15600,15600,81100,5199
sorgo,1996,1996/1997,Córdoba,14,Presidente Roque Sáenz Peña,14084,5000,3000,8100,2700
sorgo,1996,1996/1997,Córdoba,14,Río Cuarto,14098,26000,17000,27200,1600
sorgo,1996,1996/1997,Córdoba,14,Río Primero,14105,10000,10000,40000,4000
sorgo,1996,1996/1997,Córdoba,14,Río Seco,14112,1000,1000,4000,4000
sorgo,1996,1996/1997,Córdoba,14,Río Segundo,14119,53000,53000,241700,4560
sorgo,1996,1996/1997,Córdoba,14,San Justo,14140,28000,18000,50400,2800
sorgo,1996,1996/1997,Córdoba,14,Santa María,14147,7500,7500,38500,5133
sorgo,1996,1996/1997,Córdoba,14,Tercero Arriba,14161,59000,57500,209900,3650
sorgo,1996,1996/1997,Córdoba,14,Totoral,14168,5000,5000,21000,4200
sorgo,1996,1996/1997,Córdoba,14,Tulumba,14175,1000,1000,3800,3800
sorgo,1996,1996/1997,Córdoba,14,Unión,14182,14400,14400,69100,4799
sorgo,1996,1996/1997,Corrientes,18,Bella Vista,18007,300,200,600,3000
sorgo,1996,1996/1997,Corrientes,18,Esquina,18049,400,320,900,2813
sorgo,1996,1996/1997,Corrientes,18,Ituzaingó,18084,100,100,370,3700
sorgo,1996,1996/1997,Corrientes,18,Lavalle,18091,250,200,620,3100
sorgo,1996,1996/1997,Corrientes,18,Monte Caseros,18112,150,100,300,3000
sorgo,1996,1996/1997,Corrientes,18,San Luis del Palmar,18140,50,20,65,3250
sorgo,1996,1996/1997,Corrientes,18,San Martín,18147,300,260,1100,4231
sorgo,1996,1996/1997,Corrientes,18,Santo Tomé,18168,600,600,2545,4242
sorgo,1996,1996/1997,Corrientes,18,Sauce,18175,350,200,500,2500
sorgo,1996,1996/1997,Entre Ríos,30,Colón,30008,1000,1000,3500,3500
sorgo,1996,1996/1997,Entre Ríos,30,Concordia,30015,3000,3000,12600,4200
sorgo,1996,1996/1997,Entre Ríos,30,Diamante,30021,4000,4000,20000,5000
sorgo,1996,1996/1997,Entre Ríos,30,Federación,30028,2500,2500,10000,4000
sorgo,1996,1996/1997,Entre Ríos,30,Federal,30035,2600,2600,11700,4500
sorgo,1996,1996/1997,Entre Ríos,30,Feliciano,30042,2500,2500,9500,3800
sorgo,1996,1996/1997,Entre Ríos,30,Gualeguay,30049,2500,2500,10000,4000
sorgo,1996,1996/1997,Entre Ríos,30,Gualeguaychú,30056,7600,7300,27700,3795
sorgo,1996,1996/1997,Entre Ríos,30,La Paz,30070,6500,6500,27300,4200
sorgo,1996,1996/1997,Entre Ríos,30,Nogoyá,30077,3500,3100,8100,2613
sorgo,1996,1996/1997,Entre Ríos,30,Paraná,30084,4000,4000,20000,5000
sorgo,1996,1996/1997,Entre Ríos,30,Tala,30091,3000,3000,6900,2300
sorgo,1996,1996/1997,Entre Ríos,30,Uruguay,30098,3000,3000,9000,3000
sorgo,1996,1996/1997,Entre Ríos,30,Victoria,30105,2000,2000,9000,4500
sorgo,1996,1996/1997,Entre Ríos,30,Villaguay,30113,3500,3500,12300,3514
sorgo,1996,1996/1997,Formosa,34,Formosa,34014,150,150,500,3333
sorgo,1996,1996/1997,Formosa,34,Laishí,34021,250,250,900,3600
sorgo,1996,1996/1997,Formosa,34,Patiño,34035,500,500,1700,3400
sorgo,1996,1996/1997,Formosa,34,Pilagás,34042,400,400,1400,3500
sorgo,1996,1996/1997,Formosa,34,Pilcomayo,34049,300,300,1100,3667
sorgo,1996,1996/1997,Formosa,34,Pirané,34056,1000,900,3200,3556
sorgo,1996,1996/1997,Jujuy,38,El Carmen,38014,300,300,1000,3333
sorgo,1996,1996/1997,La Pampa,42,Atreucó,42007,25000,9000,26100,2900
sorgo,1996,1996/1997,La Pampa,42,Capital,42021,9500,6000,18000,3000
sorgo,1996,1996/1997,La Pampa,42,Catriló,42028,20000,7000,21000,3000
sorgo,1996,1996/1997,La Pampa,42,Chapaleufú,42056,1000,900,3400,3778
sorgo,1996,1996/1997,La Pampa,42,Conhelo,42035,4300,3900,14000,3590
sorgo,1996,1996/1997,La Pampa,42,Guatraché,42070,16000,6000,14400,2400
sorgo,1996,1996/1997,La Pampa,42,Maracó,42105,1900,1800,6900,3833
sorgo,1996,1996/1997,La Pampa,42,Quemú Quemú,42119,1800,1700,6000,3529
sorgo,1996,1996/1997,La Pampa,42,Rancul,42126,4100,3700,12600,3405
sorgo,1996,1996/1997,La Pampa,42,Realicó,42133,900,800,2700,3375
sorgo,1996,1996/1997,La Pampa,42,Toay,42140,9000,4000,12000,3000
sorgo,1996,1996/1997,La Pampa,42,Trenel,42147,800,700,2100,3000
sorgo,1996,1996/1997,La Pampa,42,Utracán,42154,8000,5000,12500,2500
sorgo,1996,1996/1997,Salta,66,Anta,66007,2000,2000,6900,3450
sorgo,1996,1996/1997,Salta,66,General José de San Martín,66056,1000,1000,3400,3400
sorgo,1996,1996/1997,San Luis,74,Chacabuco,74028,3800,3000,5400,1800
sorgo,1996,1996/1997,San Luis,74,General Pedernera,74035,17100,13500,24300,1800
sorgo,1996,1996/1997,San Luis,74,Gobernador Dupuy,74042,15200,12000,21600,1800
sorgo,1996,1996/1997,San Luis,74,Juan Martín de Pueyrredón,74056,1900,1500,2700,1800
sorgo,1996,1996/1997,Santa Fe,82,9 de Julio,82077,13000,11000,41800,3800
sorgo,1996,1996/1997,Santa Fe,82,Belgrano,82007,2300,2300,12700,5522
sorgo,1996,1996/1997,Santa Fe,82,Caseros,82014,5000,5000,25800,5160
sorgo,1996,1996/1997,Santa Fe,82,Castellanos,82021,13000,6500,19500,3000
sorgo,1996,1996/1997,Santa Fe,82,Garay,82035,500,500,2000,4000
sorgo,1996,1996/1997,Santa Fe,82,General López,82042,4500,4500,27000,6000
sorgo,1996,1996/1997,Santa Fe,82,General Obligado,82049,600,600,1500,2500
sorgo,1996,1996/1997,Santa Fe,82,Iriondo,82056,1000,1000,5200,5200
sorgo,1996,1996/1997,Santa Fe,82,La Capital,82063,2500,1500,6000,4000
sorgo,1996,1996/1997,Santa Fe,82,Las Colonias,82070,10000,5000,16500,3300
sorgo,1996,1996/1997,Santa Fe,82,Rosario,82084,6000,6000,24300,4050
sorgo,1996,1996/1997,Santa Fe,82,San Cristóbal,82091,19000,14000,54600,3900
sorgo,1996,1996/1997,Santa Fe,82,San Javier,82098,800,800,1800,2250
sorgo,1996,1996/1997,Santa Fe,82,San Jerónimo,82105,3850,3850,15400,4000
sorgo,1996,1996/1997,Santa Fe,82,San Justo,82112,7000,6500,27300,4200
sorgo,1996,1996/1997,Santa Fe,82,San Lorenzo,82119,5000,5000,26500,5300
sorgo,1996,1996/1997,Santa Fe,82,San Martín,82126,17650,17650,61800,3501
sorgo,1996,1996/1997,Santa Fe,82,Vera,82133,2200,2200,6600,3000
sorgo,1996,1996/1997,Santa Fe,82,Villa Constitución,82028,11000,11000,60500,5500
sorgo,1996,1996/1997,Santiago del Estero,86,Aguirre,86007,2000,2000,5800,2900
sorgo,1996,1996/1997,Santiago del Estero,86,Alberdi,86014,4000,4000,15600,3900
sorgo,1996,1996/1997,Santiago del Estero,86,Belgrano,86042,8000,7300,21200,2904
sorgo,1996,1996/1997,Santiago del Estero,86,Choya,86063,2800,2700,10000,3704
sorgo,1996,1996/1997,Santiago del Estero,86,Copo,86056,6000,6000,22200,3700
sorgo,1996,1996/1997,Santiago del Estero,86,General Taboada,86077,15000,13400,53600,4000
sorgo,1996,1996/1997,Santiago del Estero,86,Guasayán,86084,4200,4100,14800,3610
sorgo,1996,1996/1997,Santiago del Estero,86,Jiménez,86091,3100,2900,11000,3793
sorgo,1996,1996/1997,Santiago del Estero,86,Juan F. Ibarra,86098,5000,4100,7800,1902
sorgo,1996,1996/1997,Santiago del Estero,86,Moreno,86119,15000,15000,60300,4020
sorgo,1996,1996/1997,Santiago del Estero,86,Pellegrini,86133,5100,5000,18000,3600
sorgo,1996,1996/1997,Santiago del Estero,86,Rivadavia,86154,1500,1200,4800,4000
sorgo,1996,1996/1997,Tucumán,90,Burruyacú,90007,700,700,2900,4143
sorgo,1996,1996/1997,Tucumán,90,Chicligasta,90021,200,200,800,4000
sorgo,1996,1996/1997,Tucumán,90,Cruz Alta,90014,550,550,1900,3455
sorgo,1996,1996/1997,Tucumán,90,Graneros,90035,550,550,2300,4182
sorgo,1996,1996/1997,Tucumán,90,Juan Bautista Alberdi,90042,250,250,1000,4000
sorgo,1996,1996/1997,Tucumán,90,La Cocha,90049,200,200,800,4000
sorgo,1996,1996/1997,Tucumán,90,Leales,90056,400,400,1300,3250
sorgo,1996,1996/1997,Tucumán,90,Trancas,90112,450,450,1600,3556
sorgo,1997,1997/1998,Buenos Aires,06,25 de Mayo,06854,600,600,2700,4500
sorgo,1997,1997/1998,Buenos Aires,06,Adolfo Alsina,06007,3500,3500,14400,4114
sorgo,1997,1997/1998,Buenos Aires,06,Arrecifes,06077,900,900,6500,7222
sorgo,1997,1997/1998,Buenos Aires,06,Bahía Blanca,06056,500,500,1000,2000
sorgo,1997,1997/1998,Buenos Aires,06,Baradero,06070,800,800,5100,6375
sorgo,1997,1997/1998,Buenos Aires,06,Bolívar,06105,350,150,700,4667
sorgo,1997,1997/1998,Buenos Aires,06,Bragado,06112,100,0,0,0
sorgo,1997,1997/1998,Buenos Aires,06,Campana,06126,150,150,1000,6667
sorgo,1997,1997/1998,Buenos Aires,06,Cañuelas,06134,400,400,1800,4500
sorgo,1997,1997/1998,Buenos Aires,06,Capitán Sarmiento,06140,1000,1000,7200,7200
sorgo,1997,1997/1998,Buenos Aires,06,Carlos Casares,06147,3000,1500,10500,7000
sorgo,1997,1997/1998,Buenos Aires,06,Carlos Tejedor,06154,4800,2800,18200,6500
sorgo,1997,1997/1998,Buenos Aires,06,Carmen de Areco,06161,700,700,3400,4857
sorgo,1997,1997/1998,Buenos Aires,06,Chascomús,06217,200,200,900,4500
sorgo,1997,1997/1998,Buenos Aires,06,Chivilcoy,06224,100,100,500,5000
sorgo,1997,1997/1998,Buenos Aires,06,Colón,06175,700,700,5100,7286
sorgo,1997,1997/1998,Buenos Aires,06,Coronel de Marina Leonardo Rosales,06182,1500,1500,3800,2533
sorgo,1997,1997/1998,Buenos Aires,06,Coronel Dorrego,06189,1000,950,2375,2500
sorgo,1997,1997/1998,Buenos Aires,06,Coronel Pringles,06196,1000,950,2375,2500
sorgo,1997,1997/1998,Buenos Aires,06,Coronel Suárez,06203,500,450,1800,4000
sorgo,1997,1997/1998,Buenos Aires,06,Daireaux,06231,300,100,500,5000
sorgo,1997,1997/1998,Buenos Aires,06,Exaltación de la Cruz,06266,300,300,2200,7333
sorgo,1997,1997/1998,Buenos Aires,06,Florentino Ameghino,06277,3000,3000,13200,4400
sorgo,1997,1997/1998,Buenos Aires,06,General Alvear,06287,100,0,0,0
sorgo,1997,1997/1998,Buenos Aires,06,General Belgrano,06301,300,300,1400,4667
sorgo,1997,1997/1998,Buenos Aires,06,General La Madrid,06322,300,250,1000,4000
sorgo,1997,1997/1998,Buenos Aires,06,General Pinto,06351,3500,3500,16100,4600
sorgo,1997,1997/1998,Buenos Aires,06,General Villegas,06392,8000,8000,36800,4600
sorgo,1997,1997/1998,Buenos Aires,06,Guaminí,06399,2000,2000,9400,4700
sorgo,1997,1997/1998,Buenos Aires,06,Leandro N. Alem,06462,500,500,2400,4800
sorgo,1997,1997/1998,Buenos Aires,06,Lincoln,06469,2500,2500,11500,4600
sorgo,1997,1997/1998,Buenos Aires,06,Lobos,06483,200,200,900,4500
sorgo,1997,1997/1998,Buenos Aires,06,Luján,06497,200,200,900,4500
sorgo,1997,1997/1998,Buenos Aires,06,Mercedes,06532,600,100,500,5000
sorgo,1997,1997/1998,Buenos Aires,06,Monte,06547,100,100,440,4400
sorgo,1997,1997/1998,Buenos Aires,06,Navarro,06574,200,200,900,4500
sorgo,1997,1997/1998,Buenos Aires,06,Olavarría,06595,550,250,1300,5200
sorgo,1997,1997/1998,Buenos Aires,06,Pehuajó,06609,4000,2800,19600,7000
sorgo,1997,1997/1998,Buenos Aires,06,Pellegrini,06616,1200,1200,5800,4833
sorgo,1997,1997/1998,Buenos Aires,06,Pergamino,06623,3100,3100,24000,7742
sorgo,1997,1997/1998,Buenos Aires,06,Puán,06651,3000,2800,9800,3500
sorgo,1997,1997/1998,Buenos Aires,06,Ramallo,06665,800,800,4800,6000
sorgo,1997,1997/1998,Buenos Aires,06,Rivadavia,06679,9500,3500,24500,7000
sorgo,1997,1997/1998,Buenos Aires,06,Roque Pérez,06693,200,200,900,4500
sorgo,1997,1997/1998,Buenos Aires,06,Saavedra,06700,1200,1100,4400,4000
sorgo,1997,1997/1998,Buenos Aires,06,Saladillo,06707,300,300,1400,4667
sorgo,1997,1997/1998,Buenos Aires,06,Salliqueló,06721,700,700,3200,4571
sorgo,1997,1997/1998,Buenos Aires,06,Salto,06714,800,800,6200,7750
sorgo,1997,1997/1998,Buenos Aires,06,San Andrés de Giles,06728,300,300,1400,4667
sorgo,1997,1997/1998,Buenos Aires,06,San Antonio de Areco,06735,1200,1200,8900,7417
sorgo,1997,1997/1998,Buenos Aires,06,San Cayetano,06742,100,100,270,2700
sorgo,1997,1997/1998,Buenos Aires,06,San Nicolás,06763,1100,1100,7900,7182
sorgo,1997,1997/1998,Buenos Aires,06,San Pedro,06770,1000,1000,6200,6200
sorgo,1997,1997/1998,Buenos Aires,06,Suipacha,06784,700,200,900,4500
sorgo,1997,1997/1998,Buenos Aires,06,Tapalqué,06798,200,100,500,5000
sorgo,1997,1997/1998,Buenos Aires,06,Tornquist,06819,3500,3400,11600,3412
sorgo,1997,1997/1998,Buenos Aires,06,Trenque Lauquen,06826,8000,5000,37500,7500
sorgo,1997,1997/1998,Buenos Aires,06,Tres Arroyos,06833,100,100,280,2800
sorgo,1997,1997/1998,Buenos Aires,06,Tres Lomas,06847,600,600,3000,5000
sorgo,1997,1997/1998,Buenos Aires,06,Zárate,06882,700,700,4700,6714
sorgo,1997,1997/1998,Chaco,22,12 de Octubre,22036,8300,8300,33200,4000
sorgo,1997,1997/1998,Chaco,22,2 de Abril,22039,5400,400,1500,3750
sorgo,1997,1997/1998,Chaco,22,25 de Mayo,22168,500,300,800,2667
sorgo,1997,1997/1998,Chaco,22,9 de Julio,22105,1000,1000,4100,4100
sorgo,1997,1997/1998,Chaco,22,Almirante Brown,22007,1700,1700,6800,4000
sorgo,1997,1997/1998,Chaco,22,Chacabuco,22028,4000,4000,16000,4000
sorgo,1997,1997/1998,Chaco,22,Comandante Fernández,22021,2000,1600,5600,3500
sorgo,1997,1997/1998,Chaco,22,Fray Justo Santa María de Oro,22043,1500,0,0,0
sorgo,1997,1997/1998,Chaco,22,General Belgrano,22049,1500,1400,5600,4000
sorgo,1997,1997/1998,Chaco,22,General Donovan,22056,300,200,600,3000
sorgo,1997,1997/1998,Chaco,22,General Güemes,22063,1900,1900,6700,3526
sorgo,1997,1997/1998,Chaco,22,Independencia,22070,1500,1200,4800,4000
sorgo,1997,1997/1998,Chaco,22,Libertad,22077,200,100,300,3000
sorgo,1997,1997/1998,Chaco,22,Libertador General San Martín,22084,1500,1000,3100,3100
sorgo,1997,1997/1998,Chaco,22,Maipú,22091,500,100,400,4000
sorgo,1997,1997/1998,Chaco,22,Mayor Luis J. Fontana,22098,1000,600,1700,2833
sorgo,1997,1997/1998,Chaco,22,O'Higgins,22112,700,0,0,0
sorgo,1997,1997/1998,Chaco,22,Presidencia de la Plaza,22119,300,0,0,0
sorgo,1997,1997/1998,Chaco,22,Quitilipi,22133,1000,200,700,3500
sorgo,1997,1997/1998,Chaco,22,San Fernando,22140,400,400,1200,3000
sorgo,1997,1997/1998,Chaco,22,San Lorenzo,22147,300,100,300,3000
sorgo,1997,1997/1998,Chaco,22,Sargento Cabral,22154,500,500,1600,3200
sorgo,1997,1997/1998,Córdoba,14,Calamuchita,14007,2500,2500,11300,4520
sorgo,1997,1997/1998,Córdoba,14,Capital,14014,300,300,1700,5667
sorgo,1997,1997/1998,Córdoba,14,Colón,14021,3000,3000,17400,5800
sorgo,1997,1997/1998,Córdoba,14,General Roca,14035,20000,15000,82500,5500
sorgo,1997,1997/1998,Córdoba,14,General San Martín,14042,21400,21400,102700,4799
sorgo,1997,1997/1998,Córdoba,14,Ischilín,14049,1000,1000,5200,5200
sorgo,1997,1997/1998,Córdoba,14,Juárez Celman,14056,18000,18000,81000,4500
sorgo,1997,1997/1998,Córdoba,14,Marcos Juárez,14063,18000,18000,120600,6700
sorgo,1997,1997/1998,Córdoba,14,Presidente Roque Sáenz Peña,14084,5000,3600,18000,5000
sorgo,1997,1997/1998,Córdoba,14,Río Cuarto,14098,23400,23400,105300,4500
sorgo,1997,1997/1998,Córdoba,14,Río Primero,14105,40000,36000,187200,5200
sorgo,1997,1997/1998,Córdoba,14,Río Seco,14112,2500,2500,14000,5600
sorgo,1997,1997/1998,Córdoba,14,Río Segundo,14119,58000,58000,232000,4000
sorgo,1997,1997/1998,Córdoba,14,San Justo,14140,35000,29000,153700,5300
sorgo,1997,1997/1998,Córdoba,14,Santa María,14147,5300,5300,26500,5000
sorgo,1997,1997/1998,Córdoba,14,Tercero Arriba,14161,60200,58700,264200,4501
sorgo,1997,1997/1998,Córdoba,14,Totoral,14168,4000,4000,22800,5700
sorgo,1997,1997/1998,Córdoba,14,Tulumba,14175,7000,7000,35700,5100
sorgo,1997,1997/1998,Córdoba,14,Unión,14182,18500,18500,122100,6600
sorgo,1997,1997/1998,Corrientes,18,Bella Vista,18007,300,200,450,2250
sorgo,1997,1997/1998,Corrientes,18,Esquina,18049,400,200,400,2000
sorgo,1997,1997/1998,Corrientes,18,Ituzaingó,18084,60,60,210,3500
sorgo,1997,1997/1998,Corrientes,18,Lavalle,18091,250,150,330,2200
sorgo,1997,1997/1998,Corrientes,18,Mercedes,18105,100,70,163,2329
sorgo,1997,1997/1998,Corrientes,18,Monte Caseros,18112,50,50,117,2340
sorgo,1997,1997/1998,Corrientes,18,San Luis del Palmar,18140,50,30,60,2000
sorgo,1997,1997/1998,Corrientes,18,San Martín,18147,100,0,0,0
sorgo,1997,1997/1998,Corrientes,18,Santo Tomé,18168,300,300,1140,3800
sorgo,1997,1997/1998,Corrientes,18,Sauce,18175,350,200,460,2300
sorgo,1997,1997/1998,Entre Ríos,30,Colón,30008,3000,2900,10200,3517
sorgo,1997,1997/1998,Entre Ríos,30,Concordia,30015,3500,3500,16800,4800
sorgo,1997,1997/1998,Entre Ríos,30,Diamante,30021,4500,4500,23900,5311
sorgo,1997,1997/1998,Entre Ríos,30,Federación,30028,3500,3500,15800,4514
sorgo,1997,1997/1998,Entre Ríos,30,Federal,30035,4000,4000,19200,4800
sorgo,1997,1997/1998,Entre Ríos,30,Feliciano,30042,1200,1200,4800,4000
sorgo,1997,1997/1998,Entre Ríos,30,Gualeguay,30049,7000,6800,37400,5500
sorgo,1997,1997/1998,Entre Ríos,30,Gualeguaychú,30056,10000,9700,38800,4000
sorgo,1997,1997/1998,Entre Ríos,30,La Paz,30070,5800,5500,27500,5000
sorgo,1997,1997/1998,Entre Ríos,30,Nogoyá,30077,7000,6100,27500,4508
sorgo,1997,1997/1998,Entre Ríos,30,Paraná,30084,4500,4500,23400,5200
sorgo,1997,1997/1998,Entre Ríos,30,Tala,30091,3500,3500,12300,3514
sorgo,1997,1997/1998,Entre Ríos,30,Uruguay,30098,3000,3000,10500,3500
sorgo,1997,1997/1998,Entre Ríos,30,Victoria,30105,3500,3400,20400,6000
sorgo,1997,1997/1998,Entre Ríos,30,Villaguay,30113,6000,5900,20700,3508
sorgo,1997,1997/1998,Formosa,34,Formosa,34014,150,100,300,3000
sorgo,1997,1997/1998,Formosa,34,Laishí,34021,250,150,480,3200
sorgo,1997,1997/1998,Formosa,34,Patiño,34035,400,200,640,3200
sorgo,1997,1997/1998,Formosa,34,Pilagás,34042,300,50,160,3200
sorgo,1997,1997/1998,Formosa,34,Pilcomayo,34049,300,200,640,3200
sorgo,1997,1997/1998,Formosa,34,Pirané,34056,800,400,1280,3200
sorgo,1997,1997/1998,Jujuy,38,El Carmen,38014,300,300,990,3300
sorgo,1997,1997/1998,La Pampa,42,Atreucó,42007,25000,10000,36000,3600
sorgo,1997,1997/1998,La Pampa,42,Capital,42021,10000,5000,18000,3600
sorgo,1997,1997/1998,La Pampa,42,Catriló,42028,20000,12000,44400,3700
sorgo,1997,1997/1998,La Pampa,42,Chapaleufú,42056,1100,700,2100,3000
sorgo,1997,1997/1998,La Pampa,42,Conhelo,42035,4300,2600,6200,2385
sorgo,1997,1997/1998,La Pampa,42,Guatraché,42070,16000,6000,18700,3117
sorgo,1997,1997/1998,La Pampa,42,Maracó,42105,2100,1400,3900,2786
sorgo,1997,1997/1998,La Pampa,42,Quemú Quemú,42119,2000,1200,3100,2583
sorgo,1997,1997/1998,La Pampa,42,Rancul,42126,4700,2800,7000,2500
sorgo,1997,1997/1998,La Pampa,42,Realicó,42133,1000,600,1500,2500
sorgo,1997,1997/1998,La Pampa,42,Toay,42140,11000,3000,9600,3200
sorgo,1997,1997/1998,La Pampa,42,Trenel,42147,800,500,1200,2400
sorgo,1997,1997/1998,La Pampa,42,Utracán,42154,8000,2000,5800,2900
sorgo,1997,1997/1998,Salta,66,Anta,66007,1500,1000,3300,3300
sorgo,1997,1997/1998,Salta,66,General José de San Martín,66056,4500,3000,9900,3300
sorgo,1997,1997/1998,San Luis,74,Chacabuco,74028,3600,3600,14400,4000
sorgo,1997,1997/1998,San Luis,74,General Pedernera,74035,16200,16200,64800,4000
sorgo,1997,1997/1998,San Luis,74,Gobernador Dupuy,74042,14400,14400,57600,4000
sorgo,1997,1997/1998,San Luis,74,Juan Martín de Pueyrredón,74056,1800,1800,7200,4000
sorgo,1997,1997/1998,Santa Fe,82,9 de Julio,82077,12000,4000,12000,3000
sorgo,1997,1997/1998,Santa Fe,82,Belgrano,82007,2500,2500,18800,7520
sorgo,1997,1997/1998,Santa Fe,82,Caseros,82014,7000,7000,48300,6900
sorgo,1997,1997/1998,Santa Fe,82,Castellanos,82021,19000,15500,82200,5303
sorgo,1997,1997/1998,Santa Fe,82,Garay,82035,1000,1000,4500,4500
sorgo,1997,1997/1998,Santa Fe,82,General López,82042,5400,5400,37800,7000
sorgo,1997,1997/1998,Santa Fe,82,General Obligado,82049,600,300,1100,3667
sorgo,1997,1997/1998,Santa Fe,82,Iriondo,82056,1500,1500,10200,6800
sorgo,1997,1997/1998,Santa Fe,82,La Capital,82063,4000,3600,16200,4500
sorgo,1997,1997/1998,Santa Fe,82,Las Colonias,82070,13000,10000,55000,5500
sorgo,1997,1997/1998,Santa Fe,82,Rosario,82084,8000,8000,55200,6900
sorgo,1997,1997/1998,Santa Fe,82,San Cristóbal,82091,23000,19400,82500,4253
sorgo,1997,1997/1998,Santa Fe,82,San Javier,82098,500,50,145,2900
sorgo,1997,1997/1998,Santa Fe,82,San Jerónimo,82105,7000,7000,44100,6300
sorgo,1997,1997/1998,Santa Fe,82,San Justo,82112,8000,7500,33800,4507
sorgo,1997,1997/1998,Santa Fe,82,San Lorenzo,82119,8000,8000,56000,7000
sorgo,1997,1997/1998,Santa Fe,82,San Martín,82126,26500,26500,172300,6502
sorgo,1997,1997/1998,Santa Fe,82,Vera,82133,1600,1100,3700,3364
sorgo,1997,1997/1998,Santa Fe,82,Villa Constitución,82028,13000,13000,89700,6900
sorgo,1997,1997/1998,Santiago del Estero,86,Aguirre,86007,2500,1500,4500,3000
sorgo,1997,1997/1998,Santiago del Estero,86,Alberdi,86014,3000,3000,12300,4100
sorgo,1997,1997/1998,Santiago del Estero,86,Banda,86035,200,200,800,4000
sorgo,1997,1997/1998,Santiago del Estero,86,Belgrano,86042,15000,8000,22400,2800
sorgo,1997,1997/1998,Santiago del Estero,86,Choya,86063,3100,3100,13000,4194
sorgo,1997,1997/1998,Santiago del Estero,86,Copo,86056,5000,5000,20000,4000
sorgo,1997,1997/1998,Santiago del Estero,86,Figueroa,86070,200,200,700,3500
sorgo,1997,1997/1998,Santiago del Estero,86,General Taboada,86077,5000,5000,21500,4300
sorgo,1997,1997/1998,Santiago del Estero,86,Guasayán,86084,4600,4600,18400,4000
sorgo,1997,1997/1998,Santiago del Estero,86,Jiménez,86091,3500,3500,14000,4000
sorgo,1997,1997/1998,Santiago del Estero,86,Juan F. Ibarra,86098,6500,6500,17600,2708
sorgo,1997,1997/1998,Santiago del Estero,86,Moreno,86119,12000,12000,46800,3900
sorgo,1997,1997/1998,Santiago del Estero,86,Pellegrini,86133,5600,5600,23500,4196
sorgo,1997,1997/1998,Santiago del Estero,86,Río Hondo,86147,500,500,1800,3600
sorgo,1997,1997/1998,Santiago del Estero,86,Rivadavia,86154,2000,1500,7200,4800
sorgo,1997,1997/1998,Tucumán,90,Burruyacú,90007,380,380,1800,4737
sorgo,1997,1997/1998,Tucumán,90,Cruz Alta,90014,680,680,3330,4897
sorgo,1997,1997/1998,Tucumán,90,Leales,90056,390,390,2000,5128
sorgo,1998,1998/1999,Buenos Aires,06,25 de Mayo,06854,600,600,2400,4000
sorgo,1998,1998/1999,Buenos Aires,06,9 de Julio,06588,300,100,500,5000
sorgo,1998,1998/1999,Buenos Aires,06,Adolfo Alsina,06007,4000,4000,15200,3800
sorgo,1998,1998/1999,Buenos Aires,06,Arrecifes,06077,300,300,2100,7000
sorgo,1998,1998/1999,Buenos Aires,06,Baradero,06070,500,500,2900,5800
sorgo,1998,1998/1999,Buenos Aires,06,Bolívar,06105,250,250,900,3600
sorgo,1998,1998/1999,Buenos Aires,06,Bragado,06112,200,100,500,5000
sorgo,1998,1998/1999,Buenos Aires,06,Campana,06126,100,100,600,6000
sorgo,1998,1998/1999,Buenos Aires,06,Cañuelas,06134,400,400,1600,4000
sorgo,1998,1998/1999,Buenos Aires,06,Capitán Sarmiento,06140,500,500,3500,7000
sorgo,1998,1998/1999,Buenos Aires,06,Carlos Casares,06147,3000,2400,11500,4792
sorgo,1998,1998/1999,Buenos Aires,06,Carlos Tejedor,06154,4000,3300,14900,4515
sorgo,1998,1998/1999,Buenos Aires,06,Carmen de Areco,06161,700,700,3500,5000
sorgo,1998,1998/1999,Buenos Aires,06,Chascomús,06217,200,200,800,4000
sorgo,1998,1998/1999,Buenos Aires,06,Chivilcoy,06224,200,100,500,5000
sorgo,1998,1998/1999,Buenos Aires,06,Colón,06175,400,400,3300,8250
sorgo,1998,1998/1999,Buenos Aires,06,Coronel Dorrego,06189,1000,1000,1700,1700
sorgo,1998,1998/1999,Buenos Aires,06,Coronel Pringles,06196,1000,1000,1700,1700
sorgo,1998,1998/1999,Buenos Aires,06,Coronel Suárez,06203,500,200,500,2500
sorgo,1998,1998/1999,Buenos Aires,06,Daireaux,06231,250,250,1000,4000
sorgo,1998,1998/1999,Buenos Aires,06,Exaltación de la Cruz,06266,200,200,1200,6000
sorgo,1998,1998/1999,Buenos Aires,06,Florentino Ameghino,06277,3000,3000,17700,5900
sorgo,1998,1998/1999,Buenos Aires,06,General Alvear,06287,100,100,400,4000
sorgo,1998,1998/1999,Buenos Aires,06,General Arenales,06294,200,200,1000,5000
sorgo,1998,1998/1999,Buenos Aires,06,General Belgrano,06301,300,300,1200,4000
sorgo,1998,1998/1999,Buenos Aires,06,General La Madrid,06322,300,100,190,1900
sorgo,1998,1998/1999,Buenos Aires,06,General Pinto,06351,3500,3500,22800,6514
sorgo,1998,1998/1999,Buenos Aires,06,General Villegas,06392,8000,8000,43200,5400
sorgo,1998,1998/1999,Buenos Aires,06,Guaminí,06399,2500,2500,9000,3600
sorgo,1998,1998/1999,Buenos Aires,06,Hipólito Yrigoyen,06406,400,400,1500,3750
sorgo,1998,1998/1999,Buenos Aires,06,Leandro N. Alem,06462,500,500,3200,6400
sorgo,1998,1998/1999,Buenos Aires,06,Lincoln,06469,2500,2500,15300,6120
sorgo,1998,1998/1999,Buenos Aires,06,Lobos,06483,200,200,800,4000
sorgo,1998,1998/1999,Buenos Aires,06,Luján,06497,200,200,1000,5000
sorgo,1998,1998/1999,Buenos Aires,06,Mercedes,06532,600,300,1500,5000
sorgo,1998,1998/1999,Buenos Aires,06,Monte,06547,100,100,400,4000
sorgo,1998,1998/1999,Buenos Aires,06,Navarro,06574,200,200,800,4000
sorgo,1998,1998/1999,Buenos Aires,06,Pehuajó,06609,3000,2400,12000,5000
sorgo,1998,1998/1999,Buenos Aires,06,Pellegrini,06616,1200,1200,4400,3667
sorgo,1998,1998/1999,Buenos Aires,06,Pergamino,06623,2000,2000,15200,7600
sorgo,1998,1998/1999,Buenos Aires,06,Puán,06651,3500,2500,5000,2000
sorgo,1998,1998/1999,Buenos Aires,06,Ramallo,06665,500,500,2900,5800
sorgo,1998,1998/1999,Buenos Aires,06,Rivadavia,06679,8000,7000,33600,4800
sorgo,1998,1998/1999,Buenos Aires,06,Rojas,06686,200,200,1000,5000
sorgo,1998,1998/1999,Buenos Aires,06,Roque Pérez,06693,200,200,800,4000
sorgo,1998,1998/1999,Buenos Aires,06,Saavedra,06700,1400,900,1800,2000
sorgo,1998,1998/1999,Buenos Aires,06,Saladillo,06707,300,300,1200,4000
sorgo,1998,1998/1999,Buenos Aires,06,Salliqueló,06721,700,700,2800,4000
sorgo,1998,1998/1999,Buenos Aires,06,Salto,06714,700,700,5600,8000
sorgo,1998,1998/1999,Buenos Aires,06,San Andrés de Giles,06728,300,300,1500,5000
sorgo,1998,1998/1999,Buenos Aires,06,San Antonio de Areco,06735,800,800,4900,6125
sorgo,1998,1998/1999,Buenos Aires,06,San Nicolás,06763,500,500,3000,6000
sorgo,1998,1998/1999,Buenos Aires,06,San Pedro,06770,400,400,2400,6000
sorgo,1998,1998/1999,Buenos Aires,06,Suipacha,06784,700,400,2000,5000
sorgo,1998,1998/1999,Buenos Aires,06,Tapalqué,06798,500,500,1800,3600
sorgo,1998,1998/1999,Buenos Aires,06,Tornquist,06819,3600,2100,4200,2000
sorgo,1998,1998/1999,Buenos Aires,06,Trenque Lauquen,06826,7000,6000,28800,4800
sorgo,1998,1998/1999,Buenos Aires,06,Tres Lomas,06847,600,600,2300,3833
sorgo,1998,1998/1999,Buenos Aires,06,Zárate,06882,400,400,2400,6000
sorgo,1998,1998/1999,Chaco,22,12 de Octubre,22036,10000,8000,24000,3000
sorgo,1998,1998/1999,Chaco,22,2 de Abril,22039,6000,5000,15000,3000
sorgo,1998,1998/1999,Chaco,22,25 de Mayo,22168,500,500,1500,3000
sorgo,1998,1998/1999,Chaco,22,9 de Julio,22105,2000,1500,4700,3133
sorgo,1998,1998/1999,Chaco,22,Almirante Brown,22007,2000,1000,3200,3200
sorgo,1998,1998/1999,Chaco,22,Chacabuco,22028,5000,4000,12000,3000
sorgo,1998,1998/1999,Chaco,22,Comandante Fernández,22021,2000,2000,6000,3000
sorgo,1998,1998/1999,Chaco,22,Fray Justo Santa María de Oro,22043,1500,500,1500,3000
sorgo,1998,1998/1999,Chaco,22,General Belgrano,22049,2000,1900,5900,3105
sorgo,1998,1998/1999,Chaco,22,General Donovan,22056,500,500,1600,3200
sorgo,1998,1998/1999,Chaco,22,General Güemes,22063,2000,2000,6000,3000
sorgo,1998,1998/1999,Chaco,22,Independencia,22070,2000,1500,5100,3400
sorgo,1998,1998/1999,Chaco,22,Libertad,22077,200,200,600,3000
sorgo,1998,1998/1999,Chaco,22,Libertador General San Martín,22084,1000,1000,3000,3000
sorgo,1998,1998/1999,Chaco,22,Maipú,22091,1000,1000,3000,3000
sorgo,1998,1998/1999,Chaco,22,Mayor Luis J. Fontana,22098,1500,1000,3100,3100
sorgo,1998,1998/1999,Chaco,22,O'Higgins,22112,1500,1000,3100,3100
sorgo,1998,1998/1999,Chaco,22,Presidencia de la Plaza,22119,300,300,900,3000
sorgo,1998,1998/1999,Chaco,22,Quitilipi,22133,1500,1500,4500,3000
sorgo,1998,1998/1999,Chaco,22,San Fernando,22140,500,500,1600,3200
sorgo,1998,1998/1999,Chaco,22,San Lorenzo,22147,500,500,1500,3000
sorgo,1998,1998/1999,Chaco,22,Sargento Cabral,22154,1500,1500,5000,3333
sorgo,1998,1998/1999,Córdoba,14,Calamuchita,14007,2500,2500,10000,4000
sorgo,1998,1998/1999,Córdoba,14,Capital,14014,300,300,1300,4333
sorgo,1998,1998/1999,Córdoba,14,Colón,14021,2000,800,2800,3500
sorgo,1998,1998/1999,Córdoba,14,General Roca,14035,20000,18900,79400,4201
sorgo,1998,1998/1999,Córdoba,14,General San Martín,14042,17500,17000,68000,4000
sorgo,1998,1998/1999,Córdoba,14,Ischilín,14049,1000,500,1700,3400
sorgo,1998,1998/1999,Córdoba,14,Juárez Celman,14056,18000,18000,72000,4000
sorgo,1998,1998/1999,Córdoba,14,Marcos Juárez,14063,18000,18000,100800,5600
sorgo,1998,1998/1999,Córdoba,14,Presidente Roque Sáenz Peña,14084,5000,4200,16800,4000
sorgo,1998,1998/1999,Córdoba,14,Río Cuarto,14098,23400,23400,93600,4000
sorgo,1998,1998/1999,Córdoba,14,Río Primero,14105,38000,27000,110700,4100
sorgo,1998,1998/1999,Córdoba,14,Río Seco,14112,2000,0,0,0
sorgo,1998,1998/1999,Córdoba,14,Río Segundo,14119,46000,46000,207000,4500
sorgo,1998,1998/1999,Córdoba,14,San Justo,14140,30000,12000,46800,3900
sorgo,1998,1998/1999,Córdoba,14,Santa María,14147,4000,4000,16000,4000
sorgo,1998,1998/1999,Córdoba,14,Tercero Arriba,14161,48000,48000,182400,3800
sorgo,1998,1998/1999,Córdoba,14,Totoral,14168,2000,1000,3700,3700
sorgo,1998,1998/1999,Córdoba,14,Tulumba,14175,6000,1200,4800,4000
sorgo,1998,1998/1999,Córdoba,14,Unión,14182,18000,18000,99900,5550
sorgo,1998,1998/1999,Corrientes,18,Bella Vista,18007,350,350,1000,2857
sorgo,1998,1998/1999,Corrientes,18,Esquina,18049,500,500,1400,2800
sorgo,1998,1998/1999,Corrientes,18,Ituzaingó,18084,100,100,200,2000
sorgo,1998,1998/1999,Corrientes,18,Lavalle,18091,300,300,825,2750
sorgo,1998,1998/1999,Corrientes,18,Mercedes,18105,100,100,300,3000
sorgo,1998,1998/1999,Corrientes,18,Monte Caseros,18112,100,100,150,1500
sorgo,1998,1998/1999,Corrientes,18,San Luis del Palmar,18140,50,50,135,2700
sorgo,1998,1998/1999,Corrientes,18,San Martín,18147,100,100,250,2500
sorgo,1998,1998/1999,Corrientes,18,Santo Tomé,18168,300,300,1140,3800
sorgo,1998,1998/1999,Corrientes,18,Sauce,18175,400,400,1100,2750
sorgo,1998,1998/1999,Entre Ríos,30,Colón,30008,1000,900,3200,3556
sorgo,1998,1998/1999,Entre Ríos,30,Concordia,30015,4100,4100,20900,5098
sorgo,1998,1998/1999,Entre Ríos,30,Diamante,30021,4000,4000,24000,6000
sorgo,1998,1998/1999,Entre Ríos,30,Federación,30028,3000,3000,14100,4700
sorgo,1998,1998/1999,Entre Ríos,30,Federal,30035,4200,4200,21400,5095
sorgo,1998,1998/1999,Entre Ríos,30,Feliciano,30042,1600,1600,7200,4500
sorgo,1998,1998/1999,Entre Ríos,30,Gualeguay,30049,5000,4800,24000,5000
sorgo,1998,1998/1999,Entre Ríos,30,Gualeguaychú,30056,9500,8900,35600,4000
sorgo,1998,1998/1999,Entre Ríos,30,La Paz,30070,6700,6700,34200,5104
sorgo,1998,1998/1999,Entre Ríos,30,Nogoyá,30077,5000,4500,20300,4511
sorgo,1998,1998/1999,Entre Ríos,30,Paraná,30084,4900,4900,27000,5510
sorgo,1998,1998/1999,Entre Ríos,30,Tala,30091,2500,2500,10000,4000
sorgo,1998,1998/1999,Entre Ríos,30,Uruguay,30098,1500,1500,5300,3533
sorgo,1998,1998/1999,Entre Ríos,30,Victoria,30105,3000,2900,16000,5517
sorgo,1998,1998/1999,Entre Ríos,30,Villaguay,30113,3000,2900,10200,3517
sorgo,1998,1998/1999,Formosa,34,Formosa,34014,250,200,600,3000
sorgo,1998,1998/1999,Formosa,34,Laishí,34021,300,300,800,2667
sorgo,1998,1998/1999,Formosa,34,Patiño,34035,600,500,1400,2800
sorgo,1998,1998/1999,Formosa,34,Pilagás,34042,400,200,600,3000
sorgo,1998,1998/1999,Formosa,34,Pilcomayo,34049,300,100,300,3000
sorgo,1998,1998/1999,Formosa,34,Pirané,34056,900,900,2500,2778
sorgo,1998,1998/1999,Jujuy,38,sin definir,38000,300,300,1200,4000
sorgo,1998,1998/1999,La Pampa,42,Atreucó,42007,20000,8000,32000,4000
sorgo,1998,1998/1999,La Pampa,42,Capital,42021,10000,4000,15200,3800
sorgo,1998,1998/1999,La Pampa,42,Catriló,42028,20000,8000,31200,3900
sorgo,1998,1998/1999,La Pampa,42,Chapaleufú,42056,900,200,500,2500
sorgo,1998,1998/1999,La Pampa,42,Conhelo,42035,2100,600,1300,2167
sorgo,1998,1998/1999,La Pampa,42,Guatraché,42070,12000,5000,19000,3800
sorgo,1998,1998/1999,La Pampa,42,Maracó,42105,1800,700,1700,2429
sorgo,1998,1998/1999,La Pampa,42,Quemú Quemú,42119,1700,700,1700,2429
sorgo,1998,1998/1999,La Pampa,42,Rancul,42126,2100,1300,2900,2231
sorgo,1998,1998/1999,La Pampa,42,Realicó,42133,800,200,440,2200
sorgo,1998,1998/1999,La Pampa,42,Toay,42140,10000,4500,17100,3800
sorgo,1998,1998/1999,La Pampa,42,Trenel,42147,600,100,220,2200
sorgo,1998,1998/1999,La Pampa,42,Utracán,42154,2000,500,1400,2800
sorgo,1998,1998/1999,Salta,66,Anta,66007,3000,3000,11100,3700
sorgo,1998,1998/1999,Salta,66,General José de San Martín,66056,3000,3000,11100,3700
sorgo,1998,1998/1999,San Luis,74,Chacabuco,74028,3600,3600,14400,4000
sorgo,1998,1998/1999,San Luis,74,General Pedernera,74035,9000,9000,36000,4000
sorgo,1998,1998/1999,San Luis,74,Gobernador Dupuy,74042,21600,21600,86400,4000
sorgo,1998,1998/1999,San Luis,74,Juan Martín de Pueyrredón,74056,1800,1800,7200,4000
sorgo,1998,1998/1999,Santa Fe,82,9 de Julio,82077,18000,13000,49400,3800
sorgo,1998,1998/1999,Santa Fe,82,Belgrano,82007,2900,2900,19500,6724
sorgo,1998,1998/1999,Santa Fe,82,Caseros,82014,7000,7000,40500,5786
sorgo,1998,1998/1999,Santa Fe,82,Castellanos,82021,21000,18000,81000,4500
sorgo,1998,1998/1999,Santa Fe,82,Garay,82035,1000,1000,4500,4500
sorgo,1998,1998/1999,Santa Fe,82,General López,82042,6000,6000,43200,7200
sorgo,1998,1998/1999,Santa Fe,82,General Obligado,82049,800,650,2500,3846
sorgo,1998,1998/1999,Santa Fe,82,Iriondo,82056,1650,1650,10700,6485
sorgo,1998,1998/1999,Santa Fe,82,La Capital,82063,4000,3500,16600,4743
sorgo,1998,1998/1999,Santa Fe,82,Las Colonias,82070,14000,11500,56400,4904
sorgo,1998,1998/1999,Santa Fe,82,Rosario,82084,10000,10000,48000,4800
sorgo,1998,1998/1999,Santa Fe,82,San Cristóbal,82091,23000,19500,78000,4000
sorgo,1998,1998/1999,Santa Fe,82,San Javier,82098,700,600,1800,3000
sorgo,1998,1998/1999,Santa Fe,82,San Jerónimo,82105,8000,5500,34500,6273
sorgo,1998,1998/1999,Santa Fe,82,San Justo,82112,9000,8500,42500,5000
sorgo,1998,1998/1999,Santa Fe,82,San Lorenzo,82119,6500,6500,40600,6246
sorgo,1998,1998/1999,Santa Fe,82,San Martín,82126,30500,30500,188500,6180
sorgo,1998,1998/1999,Santa Fe,82,Vera,82133,5000,4500,12600,2800
sorgo,1998,1998/1999,Santa Fe,82,Villa Constitución,82028,13500,13500,79800,5911
sorgo,1998,1998/1999,Santiago del Estero,86,Aguirre,86007,4500,4000,14000,3500
sorgo,1998,1998/1999,Santiago del Estero,86,Alberdi,86014,4000,3000,9300,3100
sorgo,1998,1998/1999,Santiago del Estero,86,Belgrano,86042,12000,8400,25200,3000
sorgo,1998,1998/1999,Santiago del Estero,86,Choya,86063,6000,4800,15400,3208
sorgo,1998,1998/1999,Santiago del Estero,86,Copo,86056,3500,3400,13900,4088
sorgo,1998,1998/1999,Santiago del Estero,86,Figueroa,86070,350,350,1200,3429
sorgo,1998,1998/1999,Santiago del Estero,86,General Taboada,86077,10000,6000,21000,3500
sorgo,1998,1998/1999,Santiago del Estero,86,Guasayán,86084,4900,4850,19400,4000
sorgo,1998,1998/1999,Santiago del Estero,86,Jiménez,86091,3500,3450,13800,4000
sorgo,1998,1998/1999,Santiago del Estero,86,Juan F. Ibarra,86098,8000,5500,18700,3400
sorgo,1998,1998/1999,Santiago del Estero,86,Moreno,86119,15000,12000,38400,3200
sorgo,1998,1998/1999,Santiago del Estero,86,Pellegrini,86133,5800,5800,23800,4103
sorgo,1998,1998/1999,Santiago del Estero,86,Río Hondo,86147,550,550,2100,3818
sorgo,1998,1998/1999,Santiago del Estero,86,Rivadavia,86154,3000,2000,9000,4500
sorgo,1998,1998/1999,Tucumán,90,Burruyacú,90007,300,300,1400,4667
sorgo,1998,1998/1999,Tucumán,90,Cruz Alta,90014,700,700,3500,5000
sorgo,1998,1998/1999,Tucumán,90,Leales,90056,400,400,2000,5000
sorgo,1999,1999/2000,Buenos Aires,06,25 de Mayo,06854,700,700,2800,4000
sorgo,1999,1999/2000,Buenos Aires,06,9 de Julio,06588,300,0,0,0
sorgo,1999,1999/2000,Buenos Aires,06,Adolfo Alsina,06007,6000,6000,25200,4200
sorgo,1999,1999/2000,Buenos Aires,06,Arrecifes,06077,250,250,875,3500
sorgo,1999,1999/2000,Buenos Aires,06,Bahía Blanca,06056,400,0,0,0
sorgo,1999,1999/2000,Buenos Aires,06,Baradero,06070,200,200,780,3900
sorgo,1999,1999/2000,Buenos Aires,06,Bolívar,06105,350,0,0,0
sorgo,1999,1999/2000,Buenos Aires,06,Bragado,06112,200,0,0,0
sorgo,1999,1999/2000,Buenos Aires,06,Cañuelas,06134,400,400,1600,4000
sorgo,1999,1999/2000,Buenos Aires,06,Capitán Sarmiento,06140,200,200,660,3300
sorgo,1999,1999/2000,Buenos Aires,06,Carlos Casares,06147,1500,800,4000,5000
sorgo,1999,1999/2000,Buenos Aires,06,Carlos Tejedor,06154,4000,2000,9000,4500
sorgo,1999,1999/2000,Buenos Aires,06,Carmen de Areco,06161,700,700,3150,4500
sorgo,1999,1999/2000,Buenos Aires,06,Chascomús,06217,250,250,1000,4000
sorgo,1999,1999/2000,Buenos Aires,06,Chivilcoy,06224,200,0,0,0
sorgo,1999,1999/2000,Buenos Aires,06,Colón,06175,200,200,1260,6300
sorgo,1999,1999/2000,Buenos Aires,06,Coronel Dorrego,06189,1000,900,2100,2333
sorgo,1999,1999/2000,Buenos Aires,06,Coronel Pringles,06196,1000,900,2100,2333
sorgo,1999,1999/2000,Buenos Aires,06,Coronel Suárez,06203,500,400,1200,3000
sorgo,1999,1999/2000,Buenos Aires,06,Daireaux,06231,350,0,0,0
sorgo,1999,1999/2000,Buenos Aires,06,Exaltación de la Cruz,06266,20,20,52,2600
sorgo,1999,1999/2000,Buenos Aires,06,Florentino Ameghino,06277,3000,3000,19500,6500
sorgo,1999,1999/2000,Buenos Aires,06,General Alvear,06287,200,0,0,0
sorgo,1999,1999/2000,Buenos Aires,06,General Arenales,06294,200,200,900,4500
sorgo,1999,1999/2000,Buenos Aires,06,General Belgrano,06301,400,400,1600,4000
sorgo,1999,1999/2000,Buenos Aires,06,General La Madrid,06322,300,200,600,3000
sorgo,1999,1999/2000,Buenos Aires,06,General Pinto,06351,3500,3500,23500,6714
sorgo,1999,1999/2000,Buenos Aires,06,General Villegas,06392,8000,8000,51200,6400
sorgo,1999,1999/2000,Buenos Aires,06,Guaminí,06399,4000,4000,16000,4000
sorgo,1999,1999/2000,Buenos Aires,06,Hipólito Yrigoyen,06406,200,0,0,0
sorgo,1999,1999/2000,Buenos Aires,06,Las Flores,06455,100,100,400,4000
sorgo,1999,1999/2000,Buenos Aires,06,Leandro N. Alem,06462,500,500,3300,6600
sorgo,1999,1999/2000,Buenos Aires,06,Lincoln,06469,2500,2500,16300,6520
sorgo,1999,1999/2000,Buenos Aires,06,Lobos,06483,200,200,800,4000
sorgo,1999,1999/2000,Buenos Aires,06,Luján,06497,200,200,900,4500
sorgo,1999,1999/2000,Buenos Aires,06,Mercedes,06532,600,0,0,0
sorgo,1999,1999/2000,Buenos Aires,06,Monte,06547,100,100,400,4000
sorgo,1999,1999/2000,Buenos Aires,06,Navarro,06574,250,250,1000,4000
sorgo,1999,1999/2000,Buenos Aires,06,Olavarría,06595,500,0,0,0
sorgo,1999,1999/2000,Buenos Aires,06,Patagones,06602,200,0,0,0
sorgo,1999,1999/2000,Buenos Aires,06,Pehuajó,06609,1500,900,4500,5000
sorgo,1999,1999/2000,Buenos Aires,06,Pellegrini,06616,1500,1500,6000,4000
sorgo,1999,1999/2000,Buenos Aires,06,Pergamino,06623,1000,1000,5700,5700
sorgo,1999,1999/2000,Buenos Aires,06,Puán,06651,2000,1500,3800,2533
sorgo,1999,1999/2000,Buenos Aires,06,Ramallo,06665,250,250,1300,5200
sorgo,1999,1999/2000,Buenos Aires,06,Rivadavia,06679,5000,2500,12500,5000
sorgo,1999,1999/2000,Buenos Aires,06,Rojas,06686,200,200,900,4500
sorgo,1999,1999/2000,Buenos Aires,06,Roque Pérez,06693,250,250,1000,4000
sorgo,1999,1999/2000,Buenos Aires,06,Saavedra,06700,1000,700,2100,3000
sorgo,1999,1999/2000,Buenos Aires,06,Saladillo,06707,350,350,1400,4000
sorgo,1999,1999/2000,Buenos Aires,06,Salliqueló,06721,1000,1000,4100,4100
sorgo,1999,1999/2000,Buenos Aires,06,Salto,06714,400,400,2160,5400
sorgo,1999,1999/2000,Buenos Aires,06,San Andrés de Giles,06728,300,300,1350,4500
sorgo,1999,1999/2000,Buenos Aires,06,San Antonio de Areco,06735,700,700,2660,3800
sorgo,1999,1999/2000,Buenos Aires,06,San Nicolás,06763,150,150,750,5000
sorgo,1999,1999/2000,Buenos Aires,06,San Pedro,06770,150,150,750,5000
sorgo,1999,1999/2000,Buenos Aires,06,Suipacha,06784,700,0,0,0
sorgo,1999,1999/2000,Buenos Aires,06,Tapalqué,06798,500,0,0,0
sorgo,1999,1999/2000,Buenos Aires,06,Tornquist,06819,2500,2000,5000,2500
sorgo,1999,1999/2000,Buenos Aires,06,Trenque Lauquen,06826,7000,4500,21600,4800
sorgo,1999,1999/2000,Buenos Aires,06,Tres Lomas,06847,1000,1000,4000,4000
sorgo,1999,1999/2000,Buenos Aires,06,Villarino,06875,300,0,0,0
sorgo,1999,1999/2000,Buenos Aires,06,Zárate,06882,180,180,666,3700
sorgo,1999,1999/2000,Chaco,22,12 de Octubre,22036,5500,5500,19250,3500
sorgo,1999,1999/2000,Chaco,22,2 de Abril,22039,3500,3500,12250,3500
sorgo,1999,1999/2000,Chaco,22,25 de Mayo,22168,500,500,1650,3300
sorgo,1999,1999/2000,Chaco,22,9 de Julio,22105,1500,1500,5250,3500
sorgo,1999,1999/2000,Chaco,22,Almirante Brown,22007,1500,1500,5250,3500
sorgo,1999,1999/2000,Chaco,22,Chacabuco,22028,4000,4000,14000,3500
sorgo,1999,1999/2000,Chaco,22,Comandante Fernández,22021,1500,1500,4800,3200
sorgo,1999,1999/2000,Chaco,22,Fray Justo Santa María de Oro,22043,500,500,1650,3300
sorgo,1999,1999/2000,Chaco,22,General Belgrano,22049,1500,1500,5250,3500
sorgo,1999,1999/2000,Chaco,22,General Donovan,22056,500,500,1650,3300
sorgo,1999,1999/2000,Chaco,22,General Güemes,22063,500,500,1650,3300
sorgo,1999,1999/2000,Chaco,22,Independencia,22070,1000,1000,3300,3300
sorgo,1999,1999/2000,Chaco,22,Libertad,22077,200,200,700,3500
sorgo,1999,1999/2000,Chaco,22,Libertador General San Martín,22084,1000,1000,3200,3200
sorgo,1999,1999/2000,Chaco,22,Maipú,22091,500,500,1750,3500
sorgo,1999,1999/2000,Chaco,22,Mayor Luis J. Fontana,22098,1000,1000,3500,3500
sorgo,1999,1999/2000,Chaco,22,O'Higgins,22112,500,500,1750,3500
sorgo,1999,1999/2000,Chaco,22,Presidencia de la Plaza,22119,300,300,900,3000
sorgo,1999,1999/2000,Chaco,22,Quitilipi,22133,1000,1000,3300,3300
sorgo,1999,1999/2000,Chaco,22,San Fernando,22140,500,500,1650,3300
sorgo,1999,1999/2000,Chaco,22,San Lorenzo,22147,500,500,1600,3200
sorgo,1999,1999/2000,Chaco,22,Sargento Cabral,22154,500,500,1750,3500
sorgo,1999,1999/2000,Córdoba,14,Calamuchita,14007,2500,2500,13800,5520
sorgo,1999,1999/2000,Córdoba,14,Capital,14014,300,300,1600,5333
sorgo,1999,1999/2000,Córdoba,14,Colón,14021,3000,3000,16200,5400
sorgo,1999,1999/2000,Córdoba,14,General Roca,14035,15000,15000,90000,6000
sorgo,1999,1999/2000,Córdoba,14,General San Martín,14042,17500,17500,94500,5400
sorgo,1999,1999/2000,Córdoba,14,Ischilín,14049,3000,3000,14400,4800
sorgo,1999,1999/2000,Córdoba,14,Juárez Celman,14056,18000,18000,99000,5500
sorgo,1999,1999/2000,Córdoba,14,Marcos Juárez,14063,12000,9800,49000,5000
sorgo,1999,1999/2000,Córdoba,14,Presidente Roque Sáenz Peña,14084,2500,2500,15000,6000
sorgo,1999,1999/2000,Córdoba,14,Río Cuarto,14098,24000,24000,132000,5500
sorgo,1999,1999/2000,Córdoba,14,Río Primero,14105,50000,47500,251800,5301
sorgo,1999,1999/2000,Córdoba,14,Río Seco,14112,6000,6000,28800,4800
sorgo,1999,1999/2000,Córdoba,14,Río Segundo,14119,38000,38000,209000,5500
sorgo,1999,1999/2000,Córdoba,14,San Justo,14140,40000,33000,165000,5000
sorgo,1999,1999/2000,Córdoba,14,Santa María,14147,4000,4000,21600,5400
sorgo,1999,1999/2000,Córdoba,14,Tercero Arriba,14161,40000,40000,216000,5400
sorgo,1999,1999/2000,Córdoba,14,Totoral,14168,3500,3500,19300,5514
sorgo,1999,1999/2000,Córdoba,14,Tulumba,14175,4000,4000,23200,5800
sorgo,1999,1999/2000,Córdoba,14,Unión,14182,16000,13500,66200,4904
sorgo,1999,1999/2000,Corrientes,18,Bella Vista,18007,300,300,750,2500
sorgo,1999,1999/2000,Corrientes,18,Concepción,18028,35,28,50,1786
sorgo,1999,1999/2000,Corrientes,18,Curuzu Cuatia,18035,80,80,220,2750
sorgo,1999,1999/2000,Corrientes,18,Esquina,18049,180,130,310,2385
sorgo,1999,1999/2000,Corrientes,18,Goya,18070,70,45,100,2222
sorgo,1999,1999/2000,Corrientes,18,Ituzaingó,18084,130,110,330,3000
sorgo,1999,1999/2000,Corrientes,18,Lavalle,18091,95,60,150,2500
sorgo,1999,1999/2000,Corrientes,18,Mercedes,18105,120,80,200,2500
sorgo,1999,1999/2000,Corrientes,18,Monte Caseros,18112,50,30,90,3000
sorgo,1999,1999/2000,Corrientes,18,San Luis del Palmar,18140,25,15,30,2000
sorgo,1999,1999/2000,Corrientes,18,San Martín,18147,130,90,340,3778
sorgo,1999,1999/2000,Corrientes,18,Santo Tomé,18168,200,190,760,4000
sorgo,1999,1999/2000,Corrientes,18,Sauce,18175,140,140,420,3000
sorgo,1999,1999/2000,Entre Ríos,30,Colón,30008,500,300,600,2000
sorgo,1999,1999/2000,Entre Ríos,30,Concordia,30015,2000,2000,6000,3000
sorgo,1999,1999/2000,Entre Ríos,30,Diamante,30021,1500,1500,6000,4000
sorgo,1999,1999/2000,Entre Ríos,30,Federación,30028,1500,1500,4500,3000
sorgo,1999,1999/2000,Entre Ríos,30,Federal,30035,2500,2500,7500,3000
sorgo,1999,1999/2000,Entre Ríos,30,Feliciano,30042,1000,1000,3500,3500
sorgo,1999,1999/2000,Entre Ríos,30,Gualeguay,30049,4000,3700,13000,3514
sorgo,1999,1999/2000,Entre Ríos,30,Gualeguaychú,30056,10000,9100,22800,2505
sorgo,1999,1999/2000,Entre Ríos,30,La Paz,30070,4000,4000,15200,3800
sorgo,1999,1999/2000,Entre Ríos,30,Nogoyá,30077,4000,3500,14000,4000
sorgo,1999,1999/2000,Entre Ríos,30,Paraná,30084,2000,2000,7600,3800
sorgo,1999,1999/2000,Entre Ríos,30,Tala,30091,3500,2500,7000,2800
sorgo,1999,1999/2000,Entre Ríos,30,Uruguay,30098,1000,900,1800,2000
sorgo,1999,1999/2000,Entre Ríos,30,Victoria,30105,1500,1400,5600,4000
sorgo,1999,1999/2000,Entre Ríos,30,Villaguay,30113,5000,4600,13800,3000
sorgo,1999,1999/2000,Formosa,34,sin definir,34000,1500,1000,3000,3000
sorgo,1999,1999/2000,Jujuy,38,El Carmen,38014,300,300,1200,4000
sorgo,1999,1999/2000,La Pampa,42,Atreucó,42007,22500,10400,38500,3702
sorgo,1999,1999/2000,La Pampa,42,Capital,42021,12500,5700,21200,3719
sorgo,1999,1999/2000,La Pampa,42,Catriló,42028,25000,11600,44100,3802
sorgo,1999,1999/2000,La Pampa,42,Chapaleufú,42056,900,900,4800,5333
sorgo,1999,1999/2000,La Pampa,42,Conhelo,42035,1600,1600,7000,4375
sorgo,1999,1999/2000,La Pampa,42,Guatraché,42070,13000,5900,21000,3559
sorgo,1999,1999/2000,La Pampa,42,Maracó,42105,600,550,2700,4909
sorgo,1999,1999/2000,La Pampa,42,Quemú Quemú,42119,100,100,400,4000
sorgo,1999,1999/2000,La Pampa,42,Rancul,42126,100,100,400,4000
sorgo,1999,1999/2000,La Pampa,42,Realicó,42133,100,100,400,4000
sorgo,1999,1999/2000,La Pampa,42,Toay,42140,12000,5500,19800,3600
sorgo,1999,1999/2000,La Pampa,42,Trenel,42147,200,200,800,4000
sorgo,1999,1999/2000,La Pampa,42,Utracán,42154,2000,900,3200,3556
sorgo,1999,1999/2000,Salta,66,Anta,66007,2000,1000,3500,3500
sorgo,1999,1999/2000,Salta,66,General José de San Martín,66056,5000,4000,14000,3500
sorgo,1999,1999/2000,San Luis,74,sin definir,74000,36000,36000,162000,4500
sorgo,1999,1999/2000,Santa Fe,82,9 de Julio,82077,13000,10000,40000,4000
sorgo,1999,1999/2000,Santa Fe,82,Belgrano,82007,3200,3200,18200,5688
sorgo,1999,1999/2000,Santa Fe,82,Caseros,82014,2000,2000,8900,4450
sorgo,1999,1999/2000,Santa Fe,82,Castellanos,82021,20000,16000,67200,4200
sorgo,1999,1999/2000,Santa Fe,82,Garay,82035,1000,1000,4100,4100
sorgo,1999,1999/2000,Santa Fe,82,General López,82042,4500,4500,33800,7511
sorgo,1999,1999/2000,Santa Fe,82,General Obligado,82049,1000,800,2240,2800
sorgo,1999,1999/2000,Santa Fe,82,Iriondo,82056,1800,1800,10100,5611
sorgo,1999,1999/2000,Santa Fe,82,La Capital,82063,5000,4500,18900,4200
sorgo,1999,1999/2000,Santa Fe,82,Las Colonias,82070,14000,10500,47300,4505
sorgo,1999,1999/2000,Santa Fe,82,Rosario,82084,6000,6000,27300,4550
sorgo,1999,1999/2000,Santa Fe,82,San Cristóbal,82091,26000,22500,99000,4400
sorgo,1999,1999/2000,Santa Fe,82,San Javier,82098,200,200,600,3000
sorgo,1999,1999/2000,Santa Fe,82,San Jerónimo,82105,8800,8800,45800,5205
sorgo,1999,1999/2000,Santa Fe,82,San Justo,82112,11000,10500,43100,4105
sorgo,1999,1999/2000,Santa Fe,82,San Lorenzo,82119,3000,3000,14000,4667
sorgo,1999,1999/2000,Santa Fe,82,San Martín,82126,33550,33550,184500,5499
sorgo,1999,1999/2000,Santa Fe,82,Vera,82133,5000,4300,16340,3800
sorgo,1999,1999/2000,Santa Fe,82,Villa Constitución,82028,7000,7000,32200,4600
sorgo,1999,1999/2000,Santiago del Estero,86,sin definir,86000,71600,70600,247800,3510
sorgo,1999,1999/2000,Tucumán,90,sin definir,90000,1500,1500,5600,3733
sorgo,2000,2000/2001,Buenos Aires,06,25 de Mayo,06854,700,700,2310,3300
sorgo,2000,2000/2001,Buenos Aires,06,Adolfo Alsina,06007,6500,6500,24700,3800
sorgo,2000,2000/2001,Buenos Aires,06,Arrecifes,06077,200,200,1300,6500
sorgo,2000,2000/2001,Buenos Aires,06,Bahía Blanca,06056,200,0,0,0
sorgo,2000,2000/2001,Buenos Aires,06,Baradero,06070,200,200,1160,5800
sorgo,2000,2000/2001,Buenos Aires,06,Bolívar,06105,100,0,0,0
sorgo,2000,2000/2001,Buenos Aires,06,Cañuelas,06134,400,200,660,3300
sorgo,2000,2000/2001,Buenos Aires,06,Capitán Sarmiento,06140,200,200,1200,6000
sorgo,2000,2000/2001,Buenos Aires,06,Carlos Casares,06147,1000,800,3920,4900
sorgo,2000,2000/2001,Buenos Aires,06,Carlos Tejedor,06154,2300,2000,9000,4500
sorgo,2000,2000/2001,Buenos Aires,06,Carmen de Areco,06161,700,700,3850,5500
sorgo,2000,2000/2001,Buenos Aires,06,Chascomús,06217,250,250,750,3000
sorgo,2000,2000/2001,Buenos Aires,06,Chivilcoy,06224,200,200,900,4500
sorgo,2000,2000/2001,Buenos Aires,06,Colón,06175,200,200,1240,6200
sorgo,2000,2000/2001,Buenos Aires,06,Coronel de Marina Leonardo Rosales,06182,300,0,0,0
sorgo,2000,2000/2001,Buenos Aires,06,Coronel Dorrego,06189,1000,1000,2400,2400
sorgo,2000,2000/2001,Buenos Aires,06,Coronel Pringles,06196,1000,1000,2400,2400
sorgo,2000,2000/2001,Buenos Aires,06,Coronel Suárez,06203,500,400,1400,3500
sorgo,2000,2000/2001,Buenos Aires,06,Daireaux,06231,200,100,400,4000
sorgo,2000,2000/2001,Buenos Aires,06,Florentino Ameghino,06277,2000,2000,11000,5500
sorgo,2000,2000/2001,Buenos Aires,06,General Arenales,06294,200,200,900,4500
sorgo,2000,2000/2001,Buenos Aires,06,General Belgrano,06301,400,400,1320,3300
sorgo,2000,2000/2001,Buenos Aires,06,General La Madrid,06322,300,200,700,3500
sorgo,2000,2000/2001,Buenos Aires,06,General Villegas,06392,4000,4000,24000,6000
sorgo,2000,2000/2001,Buenos Aires,06,Guaminí,06399,4500,4500,16650,3700
sorgo,2000,2000/2001,Buenos Aires,06,Las Flores,06455,100,100,350,3500
sorgo,2000,2000/2001,Buenos Aires,06,Leandro N. Alem,06462,200,200,1120,5600
sorgo,2000,2000/2001,Buenos Aires,06,Lincoln,06469,1500,1500,8700,5800
sorgo,2000,2000/2001,Buenos Aires,06,Lobos,06483,200,200,720,3600
sorgo,2000,2000/2001,Buenos Aires,06,Luján,06497,200,200,900,4500
sorgo,2000,2000/2001,Buenos Aires,06,Mercedes,06532,350,250,1130,4520
sorgo,2000,2000/2001,Buenos Aires,06,Monte,06547,100,100,360,3600
sorgo,2000,2000/2001,Buenos Aires,06,Navarro,06574,250,250,850,3400
sorgo,2000,2000/2001,Buenos Aires,06,Olavarría,06595,300,100,400,4000
sorgo,2000,2000/2001,Buenos Aires,06,Patagones,06602,300,0,0,0
sorgo,2000,2000/2001,Buenos Aires,06,Pehuajó,06609,1150,1000,5000,5000
sorgo,2000,2000/2001,Buenos Aires,06,Pellegrini,06616,2000,2000,7000,3500
sorgo,2000,2000/2001,Buenos Aires,06,Pergamino,06623,600,600,4020,6700
sorgo,2000,2000/2001,Buenos Aires,06,Puán,06651,2500,2000,6000,3000
sorgo,2000,2000/2001,Buenos Aires,06,Ramallo,06665,200,200,1120,5600
sorgo,2000,2000/2001,Buenos Aires,06,Rivadavia,06679,2100,2000,11000,5500
sorgo,2000,2000/2001,Buenos Aires,06,Rojas,06686,200,200,900,4500
sorgo,2000,2000/2001,Buenos Aires,06,Roque Pérez,06693,250,250,880,3520
sorgo,2000,2000/2001,Buenos Aires,06,Saavedra,06700,1200,1000,3000,3000
sorgo,2000,2000/2001,Buenos Aires,06,Saladillo,06707,350,350,1230,3514
sorgo,2000,2000/2001,Buenos Aires,06,Salliqueló,06721,1000,1000,4000,4000
sorgo,2000,2000/2001,Buenos Aires,06,Salto,06714,300,300,1800,6000
sorgo,2000,2000/2001,Buenos Aires,06,San Andrés de Giles,06728,300,300,1350,4500
sorgo,2000,2000/2001,Buenos Aires,06,San Antonio de Areco,06735,500,500,2750,5500
sorgo,2000,2000/2001,Buenos Aires,06,San Nicolás,06763,100,100,580,5800
sorgo,2000,2000/2001,Buenos Aires,06,San Pedro,06770,200,200,1100,5500
sorgo,2000,2000/2001,Buenos Aires,06,Tornquist,06819,2500,2000,5000,2500
sorgo,2000,2000/2001,Buenos Aires,06,Trenque Lauquen,06826,3050,3000,15000,5000
sorgo,2000,2000/2001,Buenos Aires,06,Tres Lomas,06847,800,800,3040,3800
sorgo,2000,2000/2001,Buenos Aires,06,Villarino,06875,300,0,0,0
sorgo,2000,2000/2001,Buenos Aires,06,Zárate,06882,200,200,1040,5200
sorgo,2000,2000/2001,Chaco,22,12 de Octubre,22036,7000,7000,21700,3100
sorgo,2000,2000/2001,Chaco,22,2 de Abril,22039,3500,3500,10850,3100
sorgo,2000,2000/2001,Chaco,22,25 de Mayo,22168,500,500,1350,2700
sorgo,2000,2000/2001,Chaco,22,9 de Julio,22105,2000,2000,6200,3100
sorgo,2000,2000/2001,Chaco,22,Almirante Brown,22007,2500,2500,7500,3000
sorgo,2000,2000/2001,Chaco,22,Chacabuco,22028,5000,5000,15000,3000
sorgo,2000,2000/2001,Chaco,22,Comandante Fernández,22021,3500,3500,10500,3000
sorgo,2000,2000/2001,Chaco,22,Fray Justo Santa María de Oro,22043,1000,1000,2800,2800
sorgo,2000,2000/2001,Chaco,22,General Belgrano,22049,2500,2500,7500,3000
sorgo,2000,2000/2001,Chaco,22,General Donovan,22056,500,500,1450,2900
sorgo,2000,2000/2001,Chaco,22,General Güemes,22063,500,500,1300,2600
sorgo,2000,2000/2001,Chaco,22,Independencia,22070,1500,1500,4350,2900
sorgo,2000,2000/2001,Chaco,22,Libertad,22077,200,200,580,2900
sorgo,2000,2000/2001,Chaco,22,Libertador General San Martín,22084,1500,1500,4350,2900
sorgo,2000,2000/2001,Chaco,22,Maipú,22091,1000,1000,3000,3000
sorgo,2000,2000/2001,Chaco,22,Mayor Luis J. Fontana,22098,2000,2000,6000,3000
sorgo,2000,2000/2001,Chaco,22,O'Higgins,22112,500,500,1500,3000
sorgo,2000,2000/2001,Chaco,22,Presidencia de la Plaza,22119,300,300,780,2600
sorgo,2000,2000/2001,Chaco,22,Quitilipi,22133,1000,1000,3000,3000
sorgo,2000,2000/2001,Chaco,22,San Fernando,22140,500,500,1450,2900
sorgo,2000,2000/2001,Chaco,22,San Lorenzo,22147,500,500,1400,2800
sorgo,2000,2000/2001,Chaco,22,Sargento Cabral,22154,500,500,1600,3200
sorgo,2000,2000/2001,Córdoba,14,Calamuchita,14007,3200,3200,16000,5000
sorgo,2000,2000/2001,Córdoba,14,Capital,14014,250,250,1550,6200
sorgo,2000,2000/2001,Córdoba,14,Colón,14021,2000,1300,7280,5600
sorgo,2000,2000/2001,Córdoba,14,General Roca,14035,10000,4800,28800,6000
sorgo,2000,2000/2001,Córdoba,14,General San Martín,14042,11400,11400,71820,6300
sorgo,2000,2000/2001,Córdoba,14,Ischilín,14049,3000,3000,15900,5300
sorgo,2000,2000/2001,Córdoba,14,Juárez Celman,14056,18000,18000,81000,4500
sorgo,2000,2000/2001,Córdoba,14,Marcos Juárez,14063,9600,6000,38400,6400
sorgo,2000,2000/2001,Córdoba,14,Presidente Roque Sáenz Peña,14084,1500,700,4270,6100
sorgo,2000,2000/2001,Córdoba,14,Río Cuarto,14098,24000,24000,108000,4500
sorgo,2000,2000/2001,Córdoba,14,Río Primero,14105,40000,34500,200100,5800
sorgo,2000,2000/2001,Córdoba,14,Río Seco,14112,5000,4850,26190,5400
sorgo,2000,2000/2001,Córdoba,14,Río Segundo,14119,25000,25000,155000,6200
sorgo,2000,2000/2001,Córdoba,14,San Justo,14140,36000,28000,151200,5400
sorgo,2000,2000/2001,Córdoba,14,Santa María,14147,3000,3000,17400,5800
sorgo,2000,2000/2001,Córdoba,14,Tercero Arriba,14161,26000,26000,156000,6000
sorgo,2000,2000/2001,Córdoba,14,Totoral,14168,2000,1850,10180,5503
sorgo,2000,2000/2001,Córdoba,14,Tulumba,14175,2000,1500,7800,5200
sorgo,2000,2000/2001,Córdoba,14,Unión,14182,13000,5500,36300,6600
sorgo,2000,2000/2001,Corrientes,18,Bella Vista,18007,400,400,720,1800
sorgo,2000,2000/2001,Corrientes,18,Concepción,18028,30,25,50,2000
sorgo,2000,2000/2001,Corrientes,18,Curuzu Cuatia,18035,80,80,200,2500
sorgo,2000,2000/2001,Corrientes,18,Esquina,18049,250,190,440,2316
sorgo,2000,2000/2001,Corrientes,18,Goya,18070,85,65,165,2538
sorgo,2000,2000/2001,Corrientes,18,Ituzaingó,18084,90,70,220,3143
sorgo,2000,2000/2001,Corrientes,18,Lavalle,18091,70,55,130,2364
sorgo,2000,2000/2001,Corrientes,18,Mercedes,18105,140,110,290,2636
sorgo,2000,2000/2001,Corrientes,18,Monte Caseros,18112,30,20,72,3600
sorgo,2000,2000/2001,Corrientes,18,San Luis del Palmar,18140,15,10,23,2300
sorgo,2000,2000/2001,Corrientes,18,San Martín,18147,180,160,640,4000
sorgo,2000,2000/2001,Corrientes,18,Santo Tomé,18168,350,350,1435,4100
sorgo,2000,2000/2001,Corrientes,18,Sauce,18175,600,600,600,1000
sorgo,2000,2000/2001,Entre Ríos,30,Colón,30008,2000,1800,7200,4000
sorgo,2000,2000/2001,Entre Ríos,30,Concordia,30015,2500,2200,11000,5000
sorgo,2000,2000/2001,Entre Ríos,30,Diamante,30021,2000,2000,11000,5500
sorgo,2000,2000/2001,Entre Ríos,30,Federación,30028,2000,1800,8280,4600
sorgo,2000,2000/2001,Entre Ríos,30,Federal,30035,4800,4300,20640,4800
sorgo,2000,2000/2001,Entre Ríos,30,Feliciano,30042,1500,1300,5850,4500
sorgo,2000,2000/2001,Entre Ríos,30,Gualeguay,30049,5000,4500,23850,5300
sorgo,2000,2000/2001,Entre Ríos,30,Gualeguaychú,30056,11500,10500,45150,4300
sorgo,2000,2000/2001,Entre Ríos,30,La Paz,30070,6000,5400,27000,5000
sorgo,2000,2000/2001,Entre Ríos,30,Nogoyá,30077,7000,6500,26000,4000
sorgo,2000,2000/2001,Entre Ríos,30,Paraná,30084,3500,3200,16000,5000
sorgo,2000,2000/2001,Entre Ríos,30,Tala,30091,4000,3500,15050,4300
sorgo,2000,2000/2001,Entre Ríos,30,Uruguay,30098,2000,1800,7740,4300
sorgo,2000,2000/2001,Entre Ríos,30,Victoria,30105,1500,1300,7150,5500
sorgo,2000,2000/2001,Entre Ríos,30,Villaguay,30113,7000,6600,28380,4300
sorgo,2000,2000/2001,Formosa,34,sin definir,34000,250,250,1250,5000
sorgo,2000,2000/2001,La Pampa,42,Atreucó,42007,8000,6500,25350,3900
sorgo,2000,2000/2001,La Pampa,42,Capital,42021,4300,3300,12540,3800
sorgo,2000,2000/2001,La Pampa,42,Catriló,42028,8500,7100,26980,3800
sorgo,2000,2000/2001,La Pampa,42,Conhelo,42035,200,200,800,4000
sorgo,2000,2000/2001,La Pampa,42,Guatraché,42070,4700,3700,13320,3600
sorgo,2000,2000/2001,La Pampa,42,Hucal,42077,50,50,140,2800
sorgo,2000,2000/2001,La Pampa,42,Maracó,42105,200,200,800,4000
sorgo,2000,2000/2001,La Pampa,42,Realicó,42133,50,50,200,4000
sorgo,2000,2000/2001,La Pampa,42,Toay,42140,3800,2900,11310,3900
sorgo,2000,2000/2001,La Pampa,42,Trenel,42147,50,50,200,4000
sorgo,2000,2000/2001,La Pampa,42,Utracán,42154,650,450,1620,3600
sorgo,2000,2000/2001,Salta,66,Anta,66007,2000,1500,5250,3500
sorgo,2000,2000/2001,Salta,66,General José de San Martín,66056,3000,2000,7000,3500
sorgo,2000,2000/2001,San Luis,74,sin definir,74000,36000,36000,162000,4500
sorgo,2000,2000/2001,Santa Fe,82,9 de Julio,82077,15000,9000,31500,3500
sorgo,2000,2000/2001,Santa Fe,82,Belgrano,82007,2800,2800,20440,7300
sorgo,2000,2000/2001,Santa Fe,82,Caseros,82014,1000,1000,6000,6000
sorgo,2000,2000/2001,Santa Fe,82,Castellanos,82021,22000,17000,90100,5300
sorgo,2000,2000/2001,Santa Fe,82,Garay,82035,1000,700,3360,4800
sorgo,2000,2000/2001,Santa Fe,82,General López,82042,4500,4500,24750,5500
sorgo,2000,2000/2001,Santa Fe,82,General Obligado,82049,1800,1500,5100,3400
sorgo,2000,2000/2001,Santa Fe,82,Iriondo,82056,1600,1600,11520,7200
sorgo,2000,2000/2001,Santa Fe,82,La Capital,82063,5000,4300,21070,4900
sorgo,2000,2000/2001,Santa Fe,82,Las Colonias,82070,16000,12000,64800,5400
sorgo,2000,2000/2001,Santa Fe,82,Rosario,82084,3300,3300,19800,6000
sorgo,2000,2000/2001,Santa Fe,82,San Cristóbal,82091,21000,17000,85000,5000
sorgo,2000,2000/2001,Santa Fe,82,San Javier,82098,500,300,840,2800
sorgo,2000,2000/2001,Santa Fe,82,San Jerónimo,82105,7500,7500,45000,6000
sorgo,2000,2000/2001,Santa Fe,82,San Justo,82112,10000,9000,47700,5300
sorgo,2000,2000/2001,Santa Fe,82,San Lorenzo,82119,1500,1500,9000,6000
sorgo,2000,2000/2001,Santa Fe,82,San Martín,82126,30000,30000,180000,6000
sorgo,2000,2000/2001,Santa Fe,82,Vera,82133,5000,3600,10800,3000
sorgo,2000,2000/2001,Santa Fe,82,Villa Constitución,82028,3500,3500,20300,5800
sorgo,2000,2000/2001,Santiago del Estero,86,sin definir,86000,83500,70900,222560,3139
sorgo,2000,2000/2001,Tucumán,90,sin definir,90000,1500,1500,5250,3500
sorgo,2001,2001/2002,Buenos Aires,06,Adolfo Alsina,06007,5000,5000,19500,3900
sorgo,2001,2001/2002,Buenos Aires,06,Arrecifes,06077,100,100,570,5700
sorgo,2001,2001/2002,Buenos Aires,06,Baradero,06070,100,100,500,5000
sorgo,2001,2001/2002,Buenos Aires,06,Capitán Sarmiento,06140,100,100,550,5500
sorgo,2001,2001/2002,Buenos Aires,06,Carlos Casares,06147,1000,1000,5500,5500
sorgo,2001,2001/2002,Buenos Aires,06,Carlos Tejedor,06154,1500,1500,7500,5000
sorgo,2001,2001/2002,Buenos Aires,06,Carmen de Areco,06161,500,0,0,0
sorgo,2001,2001/2002,Buenos Aires,06,Colón,06175,100,100,630,6300
sorgo,2001,2001/2002,Buenos Aires,06,Coronel Dorrego,06189,1000,1000,2400,2400
sorgo,2001,2001/2002,Buenos Aires,06,Coronel Pringles,06196,1000,500,1100,2200
sorgo,2001,2001/2002,Buenos Aires,06,Coronel Suárez,06203,500,300,1050,3500
sorgo,2001,2001/2002,Buenos Aires,06,General La Madrid,06322,300,200,700,3500
sorgo,2001,2001/2002,Buenos Aires,06,General Pinto,06351,200,200,1360,6800
sorgo,2001,2001/2002,Buenos Aires,06,General Villegas,06392,3000,3000,20400,6800
sorgo,2001,2001/2002,Buenos Aires,06,Guaminí,06399,4000,4000,15600,3900
sorgo,2001,2001/2002,Buenos Aires,06,Mercedes,06532,150,0,0,0
sorgo,2001,2001/2002,Buenos Aires,06,Pehuajó,06609,500,500,2500,5000
sorgo,2001,2001/2002,Buenos Aires,06,Pellegrini,06616,2500,2500,10000,4000
sorgo,2001,2001/2002,Buenos Aires,06,Pergamino,06623,200,200,1300,6500
sorgo,2001,2001/2002,Buenos Aires,06,Puán,06651,1600,1000,3000,3000
sorgo,2001,2001/2002,Buenos Aires,06,Ramallo,06665,100,100,530,5300
sorgo,2001,2001/2002,Buenos Aires,06,Rivadavia,06679,2000,2000,10000,5000
sorgo,2001,2001/2002,Buenos Aires,06,Rojas,06686,200,0,0,0
sorgo,2001,2001/2002,Buenos Aires,06,Saavedra,06700,800,300,900,3000
sorgo,2001,2001/2002,Buenos Aires,06,Salliqueló,06721,1000,1000,3700,3700
sorgo,2001,2001/2002,Buenos Aires,06,Salto,06714,150,150,930,6200
sorgo,2001,2001/2002,Buenos Aires,06,San Andrés de Giles,06728,200,0,0,0
sorgo,2001,2001/2002,Buenos Aires,06,San Antonio de Areco,06735,200,200,1120,5600
sorgo,2001,2001/2002,Buenos Aires,06,San Nicolás,06763,100,100,500,5000
sorgo,2001,2001/2002,Buenos Aires,06,San Pedro,06770,100,100,500,5000
sorgo,2001,2001/2002,Buenos Aires,06,Suipacha,06784,100,0,0,0
sorgo,2001,2001/2002,Buenos Aires,06,Tornquist,06819,2000,1200,3000,2500
sorgo,2001,2001/2002,Buenos Aires,06,Trenque Lauquen,06826,4000,4000,18000,4500
sorgo,2001,2001/2002,Buenos Aires,06,Tres Lomas,06847,700,700,2660,3800
sorgo,2001,2001/2002,Buenos Aires,06,Zárate,06882,100,100,480,4800
sorgo,2001,2001/2002,Chaco,22,12 de Octubre,22036,4000,4000,12000,3000
sorgo,2001,2001/2002,Chaco,22,2 de Abril,22039,2000,2000,6000,3000
sorgo,2001,2001/2002,Chaco,22,25 de Mayo,22168,300,300,900,3000
sorgo,2001,2001/2002,Chaco,22,9 de Julio,22105,1000,1000,3000,3000
sorgo,2001,2001/2002,Chaco,22,Almirante Brown,22007,1500,1500,4500,3000
sorgo,2001,2001/2002,Chaco,22,Chacabuco,22028,3000,3000,9000,3000
sorgo,2001,2001/2002,Chaco,22,Comandante Fernández,22021,2000,2000,6000,3000
sorgo,2001,2001/2002,Chaco,22,Fray Justo Santa María de Oro,22043,1000,1000,3000,3000
sorgo,2001,2001/2002,Chaco,22,General Belgrano,22049,1000,1000,3000,3000
sorgo,2001,2001/2002,Chaco,22,General Donovan,22056,300,300,900,3000
sorgo,2001,2001/2002,Chaco,22,General Güemes,22063,300,300,900,3000
sorgo,2001,2001/2002,Chaco,22,Independencia,22070,1000,1000,3000,3000
sorgo,2001,2001/2002,Chaco,22,Libertad,22077,200,200,600,3000
sorgo,2001,2001/2002,Chaco,22,Libertador General San Martín,22084,1000,1000,3000,3000
sorgo,2001,2001/2002,Chaco,22,Maipú,22091,1000,1000,3000,3000
sorgo,2001,2001/2002,Chaco,22,Mayor Luis J. Fontana,22098,1000,1000,3000,3000
sorgo,2001,2001/2002,Chaco,22,O'Higgins,22112,300,300,900,3000
sorgo,2001,2001/2002,Chaco,22,Presidencia de la Plaza,22119,200,200,600,3000
sorgo,2001,2001/2002,Chaco,22,Quitilipi,22133,1000,1000,3000,3000
sorgo,2001,2001/2002,Chaco,22,San Fernando,22140,300,300,900,3000
sorgo,2001,2001/2002,Chaco,22,San Lorenzo,22147,300,300,900,3000
sorgo,2001,2001/2002,Chaco,22,Sargento Cabral,22154,300,300,900,3000
sorgo,2001,2001/2002,Córdoba,14,Calamuchita,14007,3200,3200,22400,7000
sorgo,2001,2001/2002,Córdoba,14,Capital,14014,250,250,1630,6520
sorgo,2001,2001/2002,Córdoba,14,Colón,14021,2000,1500,10500,7000
sorgo,2001,2001/2002,Córdoba,14,General Roca,14035,6000,3000,20400,6800
sorgo,2001,2001/2002,Córdoba,14,General San Martín,14042,7500,7500,45000,6000
sorgo,2001,2001/2002,Córdoba,14,Ischilín,14049,4000,4000,26000,6500
sorgo,2001,2001/2002,Córdoba,14,Juárez Celman,14056,16200,16200,113400,7000
sorgo,2001,2001/2002,Córdoba,14,Marcos Juárez,14063,3680,3643,21860,6001
sorgo,2001,2001/2002,Córdoba,14,Presidente Roque Sáenz Peña,14084,500,250,1700,6800
sorgo,2001,2001/2002,Córdoba,14,Río Cuarto,14098,20400,20400,142800,7000
sorgo,2001,2001/2002,Córdoba,14,Río Primero,14105,40000,38000,262200,6900
sorgo,2001,2001/2002,Córdoba,14,Río Seco,14112,5000,5000,34000,6800
sorgo,2001,2001/2002,Córdoba,14,Río Segundo,14119,17000,17000,110500,6500
sorgo,2001,2001/2002,Córdoba,14,San Justo,14140,34000,31500,214200,6800
sorgo,2001,2001/2002,Córdoba,14,Santa María,14147,2000,2000,13000,6500
sorgo,2001,2001/2002,Córdoba,14,Tercero Arriba,14161,19000,19000,114000,6000
sorgo,2001,2001/2002,Córdoba,14,Totoral,14168,2000,2000,14000,7000
sorgo,2001,2001/2002,Córdoba,14,Tulumba,14175,3000,3000,20400,6800
sorgo,2001,2001/2002,Córdoba,14,Unión,14182,5100,4947,29680,6000
sorgo,2001,2001/2002,Corrientes,18,Bella Vista,18007,200,200,560,2800
sorgo,2001,2001/2002,Corrientes,18,Curuzu Cuatia,18035,100,100,30,300
sorgo,2001,2001/2002,Corrientes,18,Esquina,18049,180,90,140,1556
sorgo,2001,2001/2002,Corrientes,18,Goya,18070,70,45,70,1556
sorgo,2001,2001/2002,Corrientes,18,Ituzaingó,18084,50,50,150,3000
sorgo,2001,2001/2002,Corrientes,18,Lavalle,18091,35,15,25,1667
sorgo,2001,2001/2002,Corrientes,18,Mercedes,18105,90,50,90,1800
sorgo,2001,2001/2002,Corrientes,18,Monte Caseros,18112,120,97,270,2784
sorgo,2001,2001/2002,Corrientes,18,San Luis del Palmar,18140,12,5,7,1400
sorgo,2001,2001/2002,Corrientes,18,San Martín,18147,180,150,530,3533
sorgo,2001,2001/2002,Corrientes,18,Santo Tomé,18168,250,190,700,3684
sorgo,2001,2001/2002,Corrientes,18,Sauce,18175,60,30,50,1667
sorgo,2001,2001/2002,Entre Ríos,30,Colón,30008,1500,1250,5250,4200
sorgo,2001,2001/2002,Entre Ríos,30,Concordia,30015,3500,2800,11760,4200
sorgo,2001,2001/2002,Entre Ríos,30,Diamante,30021,2500,2500,13750,5500
sorgo,2001,2001/2002,Entre Ríos,30,Federación,30028,2500,2000,8000,4000
sorgo,2001,2001/2002,Entre Ríos,30,Federal,30035,5700,4700,19740,4200
sorgo,2001,2001/2002,Entre Ríos,30,Feliciano,30042,2600,1900,7600,4000
sorgo,2001,2001/2002,Entre Ríos,30,Gualeguay,30049,4500,4000,19200,4800
sorgo,2001,2001/2002,Entre Ríos,30,Gualeguaychú,30056,5000,4500,19350,4300
sorgo,2001,2001/2002,Entre Ríos,30,La Paz,30070,8500,7000,35000,5000
sorgo,2001,2001/2002,Entre Ríos,30,Nogoyá,30077,4000,3500,17500,5000
sorgo,2001,2001/2002,Entre Ríos,30,Paraná,30084,4800,4000,20000,5000
sorgo,2001,2001/2002,Entre Ríos,30,Tala,30091,3500,3200,12800,4000
sorgo,2001,2001/2002,Entre Ríos,30,Uruguay,30098,3000,2650,11930,4502
sorgo,2001,2001/2002,Entre Ríos,30,Victoria,30105,1000,700,3850,5500
sorgo,2001,2001/2002,Entre Ríos,30,Villaguay,30113,4000,3600,14400,4000
sorgo,2001,2001/2002,Formosa,34,Formosa,34014,250,250,1125,4500
sorgo,2001,2001/2002,Formosa,34,Laishí,34021,50,50,225,4500
sorgo,2001,2001/2002,Formosa,34,Patiño,34035,585,585,2633,4501
sorgo,2001,2001/2002,Formosa,34,Pilagás,34042,390,390,1755,4500
sorgo,2001,2001/2002,Formosa,34,Pilcomayo,34049,380,380,1710,4500
sorgo,2001,2001/2002,Formosa,34,Pirané,34056,1250,1250,5625,4500
sorgo,2001,2001/2002,La Pampa,42,Atreucó,42007,6000,4560,16420,3601
sorgo,2001,2001/2002,La Pampa,42,Capital,42021,3300,2400,8640,3600
sorgo,2001,2001/2002,La Pampa,42,Catriló,42028,7500,6800,24480,3600
sorgo,2001,2001/2002,La Pampa,42,Conhelo,42035,200,200,800,4000
sorgo,2001,2001/2002,La Pampa,42,Guatraché,42070,3400,2950,9740,3302
sorgo,2001,2001/2002,La Pampa,42,Hucal,42077,40,40,110,2750
sorgo,2001,2001/2002,La Pampa,42,Maracó,42105,50,50,200,4000
sorgo,2001,2001/2002,La Pampa,42,Rancul,42126,500,500,2000,4000
sorgo,2001,2001/2002,La Pampa,42,Toay,42140,3500,3060,10710,3500
sorgo,2001,2001/2002,La Pampa,42,Trenel,42147,50,50,200,4000
sorgo,2001,2001/2002,La Pampa,42,Utracán,42154,260,190,670,3526
sorgo,2001,2001/2002,Salta,66,Anta,66007,500,500,1750,3500
sorgo,2001,2001/2002,Salta,66,General José de San Martín,66056,1500,1000,3500,3500
sorgo,2001,2001/2002,San Luis,74,sin definir,74000,36000,36000,216000,6000
sorgo,2001,2001/2002,Santa Fe,82,9 de Julio,82077,15000,13000,45500,3500
sorgo,2001,2001/2002,Santa Fe,82,Belgrano,82007,2800,2700,18900,7000
sorgo,2001,2001/2002,Santa Fe,82,Caseros,82014,900,900,4950,5500
sorgo,2001,2001/2002,Santa Fe,82,Castellanos,82021,21000,16500,87450,5300
sorgo,2001,2001/2002,Santa Fe,82,Garay,82035,1000,1000,4700,4700
sorgo,2001,2001/2002,Santa Fe,82,General López,82042,3500,3500,29750,8500
sorgo,2001,2001/2002,Santa Fe,82,General Obligado,82049,2500,2000,7000,3500
sorgo,2001,2001/2002,Santa Fe,82,Iriondo,82056,1600,1500,10500,7000
sorgo,2001,2001/2002,Santa Fe,82,La Capital,82063,5500,4700,23500,5000
sorgo,2001,2001/2002,Santa Fe,82,Las Colonias,82070,17000,13800,59340,4300
sorgo,2001,2001/2002,Santa Fe,82,Rosario,82084,2800,2800,15400,5500
sorgo,2001,2001/2002,Santa Fe,82,San Cristóbal,82091,20000,16000,72000,4500
sorgo,2001,2001/2002,Santa Fe,82,San Javier,82098,500,400,1120,2800
sorgo,2001,2001/2002,Santa Fe,82,San Jerónimo,82105,7500,6200,43400,7000
sorgo,2001,2001/2002,Santa Fe,82,San Justo,82112,14500,13000,65000,5000
sorgo,2001,2001/2002,Santa Fe,82,San Lorenzo,82119,1200,1200,7200,6000
sorgo,2001,2001/2002,Santa Fe,82,San Martín,82126,30000,27500,165000,6000
sorgo,2001,2001/2002,Santa Fe,82,Vera,82133,5000,3900,12870,3300
sorgo,2001,2001/2002,Santa Fe,82,Villa Constitución,82028,3000,3000,16500,5500
sorgo,2001,2001/2002,Santiago del Estero,86,Aguirre,86007,3500,3500,12600,3600
sorgo,2001,2001/2002,Santiago del Estero,86,Alberdi,86014,1000,1000,3000,3000
sorgo,2001,2001/2002,Santiago del Estero,86,Belgrano,86042,18000,18000,72000,4000
sorgo,2001,2001/2002,Santiago del Estero,86,Copo,86056,800,800,2400,3000
sorgo,2001,2001/2002,Santiago del Estero,86,General Taboada,86077,4000,4000,19200,4800
sorgo,2001,2001/2002,Santiago del Estero,86,Juan F. Ibarra,86098,8500,5000,16000,3200
sorgo,2001,2001/2002,Santiago del Estero,86,Moreno,86119,6000,6000,18000,3000
sorgo,2001,2001/2002,Santiago del Estero,86,Rivadavia,86154,3800,2800,12600,4500
sorgo,2001,2001/2002,Tucumán,90,sin definir,90000,1500,1500,4650,3100
sorgo,2002,2002/2003,Buenos Aires,06,9 de Julio,06588,500,500,4250,8500
sorgo,2002,2002/2003,Buenos Aires,06,Adolfo Alsina,06007,3500,3500,13650,3900
sorgo,2002,2002/2003,Buenos Aires,06,Arrecifes,06077,350,350,2450,7000
sorgo,2002,2002/2003,Buenos Aires,06,Baradero,06070,200,200,1320,6600
sorgo,2002,2002/2003,Buenos Aires,06,Campana,06126,50,50,330,6600
sorgo,2002,2002/2003,Buenos Aires,06,Capitán Sarmiento,06140,300,300,2040,6800
sorgo,2002,2002/2003,Buenos Aires,06,Carlos Casares,06147,1000,1000,5200,5200
sorgo,2002,2002/2003,Buenos Aires,06,Carlos Tejedor,06154,375,375,1690,4507
sorgo,2002,2002/2003,Buenos Aires,06,Carmen de Areco,06161,400,400,2200,5500
sorgo,2002,2002/2003,Buenos Aires,06,Colón,06175,200,200,1540,7700
sorgo,2002,2002/2003,Buenos Aires,06,Coronel Dorrego,06189,1000,500,1100,2200
sorgo,2002,2002/2003,Buenos Aires,06,Coronel Pringles,06196,1000,500,950,1900
sorgo,2002,2002/2003,Buenos Aires,06,Coronel Suárez,06203,500,300,600,2000
sorgo,2002,2002/2003,Buenos Aires,06,Exaltación de la Cruz,06266,100,100,620,6200
sorgo,2002,2002/2003,Buenos Aires,06,Florentino Ameghino,06277,1200,1190,6900,5798
sorgo,2002,2002/2003,Buenos Aires,06,General La Madrid,06322,300,200,400,2000
sorgo,2002,2002/2003,Buenos Aires,06,Guaminí,06399,3000,3000,12000,4000
sorgo,2002,2002/2003,Buenos Aires,06,Mercedes,06532,200,200,1700,8500
sorgo,2002,2002/2003,Buenos Aires,06,Pehuajó,06609,100,100,550,5500
sorgo,2002,2002/2003,Buenos Aires,06,Pellegrini,06616,1200,1200,4680,3900
sorgo,2002,2002/2003,Buenos Aires,06,Pergamino,06623,550,550,4130,7509
sorgo,2002,2002/2003,Buenos Aires,06,Puán,06651,1500,1100,1650,1500
sorgo,2002,2002/2003,Buenos Aires,06,Ramallo,06665,250,250,1630,6520
sorgo,2002,2002/2003,Buenos Aires,06,Rivadavia,06679,500,500,2500,5000
sorgo,2002,2002/2003,Buenos Aires,06,Rojas,06686,200,200,1000,5000
sorgo,2002,2002/2003,Buenos Aires,06,Saavedra,06700,600,200,400,2000
sorgo,2002,2002/2003,Buenos Aires,06,Salliqueló,06721,600,600,2220,3700
sorgo,2002,2002/2003,Buenos Aires,06,Salto,06714,400,400,3000,7500
sorgo,2002,2002/2003,Buenos Aires,06,San Antonio de Areco,06735,600,600,3720,6200
sorgo,2002,2002/2003,Buenos Aires,06,San Nicolás,06763,200,200,1220,6100
sorgo,2002,2002/2003,Buenos Aires,06,San Pedro,06770,250,250,1600,6400
sorgo,2002,2002/2003,Buenos Aires,06,Suipacha,06784,150,0,0,0
sorgo,2002,2002/2003,Buenos Aires,06,Tornquist,06819,2000,1400,2800,2000
sorgo,2002,2002/2003,Buenos Aires,06,Trenque Lauquen,06826,1000,1000,5000,5000
sorgo,2002,2002/2003,Buenos Aires,06,Tres Lomas,06847,700,700,2590,3700
sorgo,2002,2002/2003,Buenos Aires,06,Zárate,06882,150,150,980,6533
sorgo,2002,2002/2003,Chaco,22,12 de Octubre,22036,5000,5000,18500,3700
sorgo,2002,2002/2003,Chaco,22,2 de Abril,22039,4000,4000,14800,3700
sorgo,2002,2002/2003,Chaco,22,25 de Mayo,22168,500,500,1750,3500
sorgo,2002,2002/2003,Chaco,22,9 de Julio,22105,3000,3000,11100,3700
sorgo,2002,2002/2003,Chaco,22,Almirante Brown,22007,5000,5000,18500,3700
sorgo,2002,2002/2003,Chaco,22,Bermejo,22014,500,500,1650,3300
sorgo,2002,2002/2003,Chaco,22,Chacabuco,22028,1000,1000,3700,3700
sorgo,2002,2002/2003,Chaco,22,Comandante Fernández,22021,1000,1000,3500,3500
sorgo,2002,2002/2003,Chaco,22,Fray Justo Santa María de Oro,22043,2000,2000,7000,3500
sorgo,2002,2002/2003,Chaco,22,General Belgrano,22049,2000,2000,7200,3600
sorgo,2002,2002/2003,Chaco,22,General Donovan,22056,500,500,1650,3300
sorgo,2002,2002/2003,Chaco,22,General Güemes,22063,2000,2000,7000,3500
sorgo,2002,2002/2003,Chaco,22,Independencia,22070,2000,2000,7200,3600
sorgo,2002,2002/2003,Chaco,22,Libertad,22077,500,500,1700,3400
sorgo,2002,2002/2003,Chaco,22,Libertador General San Martín,22084,2000,2000,7200,3600
sorgo,2002,2002/2003,Chaco,22,Maipú,22091,2000,2000,7200,3600
sorgo,2002,2002/2003,Chaco,22,Mayor Luis J. Fontana,22098,2000,2000,6800,3400
sorgo,2002,2002/2003,Chaco,22,O'Higgins,22112,500,500,1700,3400
sorgo,2002,2002/2003,Chaco,22,Presidencia de la Plaza,22119,500,500,1650,3300
sorgo,2002,2002/2003,Chaco,22,Quitilipi,22133,2000,2000,7000,3500
sorgo,2002,2002/2003,Chaco,22,San Fernando,22140,500,500,1750,3500
sorgo,2002,2002/2003,Chaco,22,San Lorenzo,22147,500,500,1750,3500
sorgo,2002,2002/2003,Chaco,22,Sargento Cabral,22154,1000,1000,4000,4000
sorgo,2002,2002/2003,Córdoba,14,Calamuchita,14007,3200,3200,22400,7000
sorgo,2002,2002/2003,Córdoba,14,Capital,14014,250,250,1480,5920
sorgo,2002,2002/2003,Córdoba,14,Colón,14021,500,500,3250,6500
sorgo,2002,2002/2003,Córdoba,14,General Roca,14035,4500,4050,28350,7000
sorgo,2002,2002/2003,Córdoba,14,General San Martín,14042,2000,2000,12000,6000
sorgo,2002,2002/2003,Córdoba,14,Ischilín,14049,1000,1000,6300,6300
sorgo,2002,2002/2003,Córdoba,14,Juárez Celman,14056,16200,16200,113400,7000
sorgo,2002,2002/2003,Córdoba,14,Marcos Juárez,14063,3100,1120,6720,6000
sorgo,2002,2002/2003,Córdoba,14,Presidente Roque Sáenz Peña,14084,500,450,3150,7000
sorgo,2002,2002/2003,Córdoba,14,Río Cuarto,14098,20400,20400,142800,7000
sorgo,2002,2002/2003,Córdoba,14,Río Primero,14105,11500,9500,64600,6800
sorgo,2002,2002/2003,Córdoba,14,Río Seco,14112,3000,2500,16000,6400
sorgo,2002,2002/2003,Córdoba,14,Río Segundo,14119,10000,10000,62000,6200
sorgo,2002,2002/2003,Córdoba,14,San Justo,14140,40000,32500,195000,6000
sorgo,2002,2002/2003,Córdoba,14,Santa María,14147,2000,2000,10000,5000
sorgo,2002,2002/2003,Córdoba,14,Tercero Arriba,14161,19000,19000,104500,5500
sorgo,2002,2002/2003,Córdoba,14,Totoral,14168,1000,1000,6500,6500
sorgo,2002,2002/2003,Córdoba,14,Tulumba,14175,1000,1000,6500,6500
sorgo,2002,2002/2003,Córdoba,14,Unión,14182,4600,2300,13800,6000
sorgo,2002,2002/2003,Corrientes,18,Bella Vista,18007,300,300,540,1800
sorgo,2002,2002/2003,Corrientes,18,Concepción,18028,200,200,700,3500
sorgo,2002,2002/2003,Corrientes,18,Curuzu Cuatia,18035,80,55,120,2182
sorgo,2002,2002/2003,Corrientes,18,Esquina,18049,210,180,360,2000
sorgo,2002,2002/2003,Corrientes,18,Goya,18070,35,20,30,1500
sorgo,2002,2002/2003,Corrientes,18,Lavalle,18091,15,9,10,1111
sorgo,2002,2002/2003,Corrientes,18,Mercedes,18105,75,50,100,2000
sorgo,2002,2002/2003,Corrientes,18,Monte Caseros,18112,40,40,140,3500
sorgo,2002,2002/2003,Corrientes,18,San Luis del Palmar,18140,10,6,10,1667
sorgo,2002,2002/2003,Corrientes,18,San Martín,18147,280,180,520,2889
sorgo,2002,2002/2003,Corrientes,18,Santo Tomé,18168,130,110,360,3273
sorgo,2002,2002/2003,Corrientes,18,Sauce,18175,150,120,160,1333
sorgo,2002,2002/2003,Entre Ríos,30,Colón,30008,2000,1900,8170,4300
sorgo,2002,2002/2003,Entre Ríos,30,Concordia,30015,5000,4000,18000,4500
sorgo,2002,2002/2003,Entre Ríos,30,Diamante,30021,2000,1700,11050,6500
sorgo,2002,2002/2003,Entre Ríos,30,Federación,30028,2800,2000,8000,4000
sorgo,2002,2002/2003,Entre Ríos,30,Federal,30035,5500,4500,20250,4500
sorgo,2002,2002/2003,Entre Ríos,30,Feliciano,30042,3100,2600,10400,4000
sorgo,2002,2002/2003,Entre Ríos,30,Gualeguay,30049,5500,5150,25750,5000
sorgo,2002,2002/2003,Entre Ríos,30,Gualeguaychú,30056,7500,7100,31950,4500
sorgo,2002,2002/2003,Entre Ríos,30,La Paz,30070,9000,7000,38500,5500
sorgo,2002,2002/2003,Entre Ríos,30,Nogoyá,30077,5000,4100,18450,4500
sorgo,2002,2002/2003,Entre Ríos,30,Paraná,30084,5500,4300,26660,6200
sorgo,2002,2002/2003,Entre Ríos,30,Tala,30091,4000,3800,17100,4500
sorgo,2002,2002/2003,Entre Ríos,30,Uruguay,30098,4000,3850,16170,4200
sorgo,2002,2002/2003,Entre Ríos,30,Victoria,30105,3000,2900,15950,5500
sorgo,2002,2002/2003,Entre Ríos,30,Villaguay,30113,7000,6700,26800,4000
sorgo,2002,2002/2003,Formosa,34,Laishí,34021,250,250,1080,4320
sorgo,2002,2002/2003,Formosa,34,Patiño,34035,800,800,2880,3600
sorgo,2002,2002/2003,Formosa,34,Pilagás,34042,170,170,710,4176
sorgo,2002,2002/2003,Formosa,34,Pilcomayo,34049,60,60,240,4000
sorgo,2002,2002/2003,Formosa,34,Pirané,34056,1560,1560,6550,4199
sorgo,2002,2002/2003,La Pampa,42,Atreucó,42007,5000,2500,8000,3200
sorgo,2002,2002/2003,La Pampa,42,Capital,42021,2300,1300,4030,3100
sorgo,2002,2002/2003,La Pampa,42,Catriló,42028,5500,4500,14400,3200
sorgo,2002,2002/2003,La Pampa,42,Conhelo,42035,200,200,800,4000
sorgo,2002,2002/2003,La Pampa,42,Guatraché,42070,2500,1500,5850,3900
sorgo,2002,2002/2003,La Pampa,42,Hucal,42077,40,20,50,2500
sorgo,2002,2002/2003,La Pampa,42,Maracó,42105,50,50,200,4000
sorgo,2002,2002/2003,La Pampa,42,Rancul,42126,500,500,2000,4000
sorgo,2002,2002/2003,La Pampa,42,Toay,42140,2600,2140,5990,2799
sorgo,2002,2002/2003,La Pampa,42,Trenel,42147,50,50,200,4000
sorgo,2002,2002/2003,La Pampa,42,Utracán,42154,60,40,90,2250
sorgo,2002,2002/2003,Salta,66,General José de San Martín,66056,1000,600,2400,4000
sorgo,2002,2002/2003,San Luis,74,sin definir,74000,36000,36000,216000,6000
sorgo,2002,2002/2003,Santa Fe,82,9 de Julio,82077,15000,13000,39000,3000
sorgo,2002,2002/2003,Santa Fe,82,Belgrano,82007,3000,2900,20300,7000
sorgo,2002,2002/2003,Santa Fe,82,Caseros,82014,900,900,6300,7000
sorgo,2002,2002/2003,Santa Fe,82,Castellanos,82021,24000,18000,95400,5300
sorgo,2002,2002/2003,Santa Fe,82,Garay,82035,500,500,2000,4000
sorgo,2002,2002/2003,Santa Fe,82,General López,82042,3500,3050,25620,8400
sorgo,2002,2002/2003,Santa Fe,82,General Obligado,82049,5000,5000,19000,3800
sorgo,2002,2002/2003,Santa Fe,82,Iriondo,82056,1700,1600,11200,7000
sorgo,2002,2002/2003,Santa Fe,82,La Capital,82063,6500,5500,25850,4700
sorgo,2002,2002/2003,Santa Fe,82,Las Colonias,82070,18000,13000,65000,5000
sorgo,2002,2002/2003,Santa Fe,82,Rosario,82084,2800,2800,19600,7000
sorgo,2002,2002/2003,Santa Fe,82,San Cristóbal,82091,20000,15000,67500,4500
sorgo,2002,2002/2003,Santa Fe,82,San Javier,82098,3000,3000,6900,2300
sorgo,2002,2002/2003,Santa Fe,82,San Jerónimo,82105,8000,6800,47600,7000
sorgo,2002,2002/2003,Santa Fe,82,San Justo,82112,26000,25000,117500,4700
sorgo,2002,2002/2003,Santa Fe,82,San Lorenzo,82119,1200,1200,8400,7000
sorgo,2002,2002/2003,Santa Fe,82,San Martín,82126,32000,30000,180000,6000
sorgo,2002,2002/2003,Santa Fe,82,Vera,82133,7000,7000,31500,4500
sorgo,2002,2002/2003,Santa Fe,82,Villa Constitución,82028,3000,3000,21000,7000
sorgo,2002,2002/2003,Santiago del Estero,86,Aguirre,86007,2500,2500,10750,4300
sorgo,2002,2002/2003,Santiago del Estero,86,Alberdi,86014,5000,5000,17500,3500
sorgo,2002,2002/2003,Santiago del Estero,86,Belgrano,86042,14000,14000,54600,3900
sorgo,2002,2002/2003,Santiago del Estero,86,Copo,86056,3000,3000,10500,3500
sorgo,2002,2002/2003,Santiago del Estero,86,General Taboada,86077,10000,10000,45000,4500
sorgo,2002,2002/2003,Santiago del Estero,86,Juan F. Ibarra,86098,9000,9000,31500,3500
sorgo,2002,2002/2003,Santiago del Estero,86,Moreno,86119,10000,10000,38000,3800
sorgo,2002,2002/2003,Santiago del Estero,86,Rivadavia,86154,4500,3500,15750,4500
sorgo,2002,2002/2003,Tucumán,90,sin definir,90000,700,500,900,1800
sorgo,2003,2003/2004,Buenos Aires,06,9 de Julio,06588,500,300,1350,4500
sorgo,2003,2003/2004,Buenos Aires,06,Adolfo Alsina,06007,1500,1000,3500,3500
sorgo,2003,2003/2004,Buenos Aires,06,Arrecifes,06077,750,750,4950,6600
sorgo,2003,2003/2004,Buenos Aires,06,Baradero,06070,200,200,1300,6500
sorgo,2003,2003/2004,Buenos Aires,06,Campana,06126,50,50,300,6000
sorgo,2003,2003/2004,Buenos Aires,06,Capitán Sarmiento,06140,350,350,2380,6800
sorgo,2003,2003/2004,Buenos Aires,06,Carlos Casares,06147,1500,1500,8250,5500
sorgo,2003,2003/2004,Buenos Aires,06,Carlos Tejedor,06154,500,500,2250,4500
sorgo,2003,2003/2004,Buenos Aires,06,Colón,06175,250,250,1880,7520
sorgo,2003,2003/2004,Buenos Aires,06,Coronel Suárez,06203,500,300,900,3000
sorgo,2003,2003/2004,Buenos Aires,06,Exaltación de la Cruz,06266,100,100,670,6700
sorgo,2003,2003/2004,Buenos Aires,06,Florentino Ameghino,06277,500,500,3000,6000
sorgo,2003,2003/2004,Buenos Aires,06,General La Madrid,06322,300,200,600,3000
sorgo,2003,2003/2004,Buenos Aires,06,General Pinto,06351,200,200,1200,6000
sorgo,2003,2003/2004,Buenos Aires,06,General Villegas,06392,1000,1000,5500,5500
sorgo,2003,2003/2004,Buenos Aires,06,Guaminí,06399,1000,800,3200,4000
sorgo,2003,2003/2004,Buenos Aires,06,Lincoln,06469,200,200,1200,6000
sorgo,2003,2003/2004,Buenos Aires,06,Mercedes,06532,200,0,0,0
sorgo,2003,2003/2004,Buenos Aires,06,Pehuajó,06609,500,500,2750,5500
sorgo,2003,2003/2004,Buenos Aires,06,Pellegrini,06616,700,500,1900,3800
sorgo,2003,2003/2004,Buenos Aires,06,Pergamino,06623,500,500,3750,7500
sorgo,2003,2003/2004,Buenos Aires,06,Puán,06651,1500,700,1750,2500
sorgo,2003,2003/2004,Buenos Aires,06,Ramallo,06665,200,200,1240,6200
sorgo,2003,2003/2004,Buenos Aires,06,Rivadavia,06679,1000,1000,5500,5500
sorgo,2003,2003/2004,Buenos Aires,06,Saavedra,06700,600,300,900,3000
sorgo,2003,2003/2004,Buenos Aires,06,Salliqueló,06721,400,300,1140,3800
sorgo,2003,2003/2004,Buenos Aires,06,Salto,06714,450,450,3240,7200
sorgo,2003,2003/2004,Buenos Aires,06,San Antonio de Areco,06735,550,550,3850,7000
sorgo,2003,2003/2004,Buenos Aires,06,San Nicolás,06763,250,250,1600,6400
sorgo,2003,2003/2004,Buenos Aires,06,San Pedro,06770,300,300,1800,6000
sorgo,2003,2003/2004,Buenos Aires,06,Suipacha,06784,150,0,0,0
sorgo,2003,2003/2004,Buenos Aires,06,Tornquist,06819,1500,700,1750,2500
sorgo,2003,2003/2004,Buenos Aires,06,Trenque Lauquen,06826,2500,2500,11250,4500
sorgo,2003,2003/2004,Buenos Aires,06,Tres Lomas,06847,500,400,1520,3800
sorgo,2003,2003/2004,Buenos Aires,06,Zárate,06882,150,150,980,6533
sorgo,2003,2003/2004,Chaco,22,12 de Octubre,22036,5000,3500,9800,2800
sorgo,2003,2003/2004,Chaco,22,2 de Abril,22039,4000,4000,12000,3000
sorgo,2003,2003/2004,Chaco,22,25 de Mayo,22168,500,500,1350,2700
sorgo,2003,2003/2004,Chaco,22,9 de Julio,22105,3000,2100,5670,2700
sorgo,2003,2003/2004,Chaco,22,Almirante Brown,22007,5000,4250,11480,2701
sorgo,2003,2003/2004,Chaco,22,Bermejo,22014,500,500,1400,2800
sorgo,2003,2003/2004,Chaco,22,Chacabuco,22028,1000,700,1960,2800
sorgo,2003,2003/2004,Chaco,22,Comandante Fernández,22021,1000,820,2210,2695
sorgo,2003,2003/2004,Chaco,22,Fray Justo Santa María de Oro,22043,2000,1700,4930,2900
sorgo,2003,2003/2004,Chaco,22,General Belgrano,22049,2000,1400,3920,2800
sorgo,2003,2003/2004,Chaco,22,General Donovan,22056,500,500,1450,2900
sorgo,2003,2003/2004,Chaco,22,General Güemes,22063,2000,1400,3780,2700
sorgo,2003,2003/2004,Chaco,22,Independencia,22070,2000,1400,3920,2800
sorgo,2003,2003/2004,Chaco,22,Libertad,22077,500,500,1450,2900
sorgo,2003,2003/2004,Chaco,22,Libertador General San Martín,22084,2000,1800,5220,2900
sorgo,2003,2003/2004,Chaco,22,Maipú,22091,2000,1500,3900,2600
sorgo,2003,2003/2004,Chaco,22,Mayor Luis J. Fontana,22098,2000,1600,4640,2900
sorgo,2003,2003/2004,Chaco,22,O'Higgins,22112,500,430,1160,2698
sorgo,2003,2003/2004,Chaco,22,Presidencia de la Plaza,22119,500,500,1300,2600
sorgo,2003,2003/2004,Chaco,22,Quitilipi,22133,2000,1700,4590,2700
sorgo,2003,2003/2004,Chaco,22,San Fernando,22140,500,500,1400,2800
sorgo,2003,2003/2004,Chaco,22,San Lorenzo,22147,500,400,1040,2600
sorgo,2003,2003/2004,Chaco,22,Sargento Cabral,22154,1000,1000,3000,3000
sorgo,2003,2003/2004,Córdoba,14,Calamuchita,14007,1600,1600,8000,5000
sorgo,2003,2003/2004,Córdoba,14,Capital,14014,250,250,1080,4320
sorgo,2003,2003/2004,Córdoba,14,General Roca,14035,2500,1600,8320,5200
sorgo,2003,2003/2004,Córdoba,14,General San Martín,14042,1500,1500,6600,4400
sorgo,2003,2003/2004,Córdoba,14,Juárez Celman,14056,12000,12000,60000,5000
sorgo,2003,2003/2004,Córdoba,14,Marcos Juárez,14063,3080,1180,7320,6203
sorgo,2003,2003/2004,Córdoba,14,Presidente Roque Sáenz Peña,14084,300,200,1040,5200
sorgo,2003,2003/2004,Córdoba,14,Río Cuarto,14098,15000,15000,75000,5000
sorgo,2003,2003/2004,Córdoba,14,Río Primero,14105,10000,3000,13200,4400
sorgo,2003,2003/2004,Córdoba,14,Río Segundo,14119,6000,6000,25200,4200
sorgo,2003,2003/2004,Córdoba,14,San Justo,14140,38000,25000,107500,4300
sorgo,2003,2003/2004,Córdoba,14,Santa María,14147,1000,1000,4000,4000
sorgo,2003,2003/2004,Córdoba,14,Tercero Arriba,14161,8000,8000,32000,4000
sorgo,2003,2003/2004,Córdoba,14,Unión,14182,4200,1900,11210,5900
sorgo,2003,2003/2004,Corrientes,18,Bella Vista,18007,300,250,575,2300
sorgo,2003,2003/2004,Corrientes,18,Concepción,18028,100,100,200,2000
sorgo,2003,2003/2004,Corrientes,18,Curuzu Cuatia,18035,110,80,168,2100
sorgo,2003,2003/2004,Corrientes,18,Esquina,18049,350,300,594,1980
sorgo,2003,2003/2004,Corrientes,18,General Alvear,18056,100,0,0,0
sorgo,2003,2003/2004,Corrientes,18,Goya,18070,20,15,30,2000
sorgo,2003,2003/2004,Corrientes,18,Lavalle,18091,15,10,16,1600
sorgo,2003,2003/2004,Corrientes,18,Mercedes,18105,60,45,83,1844
sorgo,2003,2003/2004,Corrientes,18,Monte Caseros,18112,64,58,133,2293
sorgo,2003,2003/2004,Corrientes,18,San Martín,18147,230,230,782,3400
sorgo,2003,2003/2004,Corrientes,18,Santo Tomé,18168,350,350,875,2500
sorgo,2003,2003/2004,Corrientes,18,Sauce,18175,120,90,117,1300
sorgo,2003,2003/2004,Entre Ríos,30,Colón,30008,1500,1300,5200,4000
sorgo,2003,2003/2004,Entre Ríos,30,Concordia,30015,6000,6000,33000,5500
sorgo,2003,2003/2004,Entre Ríos,30,Diamante,30021,1500,1300,8450,6500
sorgo,2003,2003/2004,Entre Ríos,30,Federación,30028,3000,3000,15000,5000
sorgo,2003,2003/2004,Entre Ríos,30,Federal,30035,6000,5400,29700,5500
sorgo,2003,2003/2004,Entre Ríos,30,Feliciano,30042,3000,3000,15000,5000
sorgo,2003,2003/2004,Entre Ríos,30,Gualeguay,30049,6500,5400,28620,5300
sorgo,2003,2003/2004,Entre Ríos,30,Gualeguaychú,30056,8500,7500,37500,5000
sorgo,2003,2003/2004,Entre Ríos,30,La Paz,30070,10500,9000,54000,6000
sorgo,2003,2003/2004,Entre Ríos,30,Nogoyá,30077,7500,4500,22500,5000
sorgo,2003,2003/2004,Entre Ríos,30,Paraná,30084,6500,5500,34100,6200
sorgo,2003,2003/2004,Entre Ríos,30,San Salvador,30088,2000,1800,7560,4200
sorgo,2003,2003/2004,Entre Ríos,30,Tala,30091,5000,4300,19350,4500
sorgo,2003,2003/2004,Entre Ríos,30,Uruguay,30098,4500,4200,16800,4000
sorgo,2003,2003/2004,Entre Ríos,30,Victoria,30105,1700,800,4400,5500
sorgo,2003,2003/2004,Entre Ríos,30,Villaguay,30113,7800,7200,32400,4500
sorgo,2003,2003/2004,Formosa,34,Bermejo,34007,340,340,1460,4294
sorgo,2003,2003/2004,Formosa,34,Formosa,34014,100,100,380,3800
sorgo,2003,2003/2004,Formosa,34,Laishí,34021,145,145,580,4000
sorgo,2003,2003/2004,Formosa,34,Patiño,34035,395,395,1260,3190
sorgo,2003,2003/2004,Formosa,34,Pilagás,34042,125,125,460,3680
sorgo,2003,2003/2004,Formosa,34,Pilcomayo,34049,56,56,200,3571
sorgo,2003,2003/2004,Formosa,34,Pirané,34056,935,935,4210,4503
sorgo,2003,2003/2004,La Pampa,42,Atreucó,42007,5000,3800,14820,3900
sorgo,2003,2003/2004,La Pampa,42,Capital,42021,2300,1500,5700,3800
sorgo,2003,2003/2004,La Pampa,42,Catriló,42028,5500,5000,19250,3850
sorgo,2003,2003/2004,La Pampa,42,Guatraché,42070,2500,2130,8020,3765
sorgo,2003,2003/2004,La Pampa,42,Hucal,42077,40,30,90,3000
sorgo,2003,2003/2004,La Pampa,42,Toay,42140,2600,2500,9000,3600
sorgo,2003,2003/2004,La Pampa,42,Utracán,42154,60,40,120,3000
sorgo,2003,2003/2004,San Luis,74,sin definir,74000,36000,36000,180000,5000
sorgo,2003,2003/2004,Santa Fe,82,9 de Julio,82077,17000,17000,51000,3000
sorgo,2003,2003/2004,Santa Fe,82,Belgrano,82007,3000,3000,19500,6500
sorgo,2003,2003/2004,Santa Fe,82,Caseros,82014,900,900,5850,6500
sorgo,2003,2003/2004,Santa Fe,82,Castellanos,82021,22000,17000,71400,4200
sorgo,2003,2003/2004,Santa Fe,82,Garay,82035,500,500,2000,4000
sorgo,2003,2003/2004,Santa Fe,82,General López,82042,1200,1200,6600,5500
sorgo,2003,2003/2004,Santa Fe,82,General Obligado,82049,7000,6000,19200,3200
sorgo,2003,2003/2004,Santa Fe,82,Iriondo,82056,1700,1700,10200,6000
sorgo,2003,2003/2004,Santa Fe,82,La Capital,82063,6000,5000,25000,5000
sorgo,2003,2003/2004,Santa Fe,82,Las Colonias,82070,17000,13000,58500,4500
sorgo,2003,2003/2004,Santa Fe,82,Rosario,82084,2800,2800,18200,6500
sorgo,2003,2003/2004,Santa Fe,82,San Cristóbal,82091,21000,17000,85000,5000
sorgo,2003,2003/2004,Santa Fe,82,San Javier,82098,3000,2200,5100,2318
sorgo,2003,2003/2004,Santa Fe,82,San Jerónimo,82105,8000,8000,52000,6500
sorgo,2003,2003/2004,Santa Fe,82,San Justo,82112,13500,12500,63750,5100
sorgo,2003,2003/2004,Santa Fe,82,San Lorenzo,82119,1200,1200,7800,6500
sorgo,2003,2003/2004,Santa Fe,82,San Martín,82126,32000,32000,208000,6500
sorgo,2003,2003/2004,Santa Fe,82,Vera,82133,9000,8700,40000,4598
sorgo,2003,2003/2004,Santa Fe,82,Villa Constitución,82028,3000,3000,19500,6500
sorgo,2003,2003/2004,Santiago del Estero,86,Aguirre,86007,2500,2500,7500,3000
sorgo,2003,2003/2004,Santiago del Estero,86,Alberdi,86014,5000,5000,14000,2800
sorgo,2003,2003/2004,Santiago del Estero,86,Belgrano,86042,14000,14000,56000,4000
sorgo,2003,2003/2004,Santiago del Estero,86,Copo,86056,3000,3000,8400,2800
sorgo,2003,2003/2004,Santiago del Estero,86,General Taboada,86077,7000,7000,27300,3900
sorgo,2003,2003/2004,Santiago del Estero,86,Juan F. Ibarra,86098,10000,10000,40000,4000
sorgo,2003,2003/2004,Santiago del Estero,86,Moreno,86119,10000,10000,28000,2800
sorgo,2003,2003/2004,Santiago del Estero,86,Rivadavia,86154,4500,3500,15050,4300
sorgo,2003,2003/2004,Tucumán,90,Burruyacú,90007,190,170,800,4706
sorgo,2003,2003/2004,Tucumán,90,Cruz Alta,90014,450,410,1850,4512
sorgo,2003,2003/2004,Tucumán,90,Leales,90056,250,220,1080,4909
sorgo,2003,2003/2004,Tucumán,90,Simoca,90091,60,60,250,4167
sorgo,2003,2003/2004,Tucumán,90,Trancas,90112,180,180,810,4500
sorgo,2004,2004/2005,Buenos Aires,06,9 de Julio,06588,500,500,2500,5000
sorgo,2004,2004/2005,Buenos Aires,06,Adolfo Alsina,06007,1500,1500,6000,4000
sorgo,2004,2004/2005,Buenos Aires,06,Arrecifes,06077,700,700,4970,7100
sorgo,2004,2004/2005,Buenos Aires,06,Baradero,06070,250,250,1550,6200
sorgo,2004,2004/2005,Buenos Aires,06,Campana,06126,50,50,310,6200
sorgo,2004,2004/2005,Buenos Aires,06,Capitán Sarmiento,06140,350,350,2450,7000
sorgo,2004,2004/2005,Buenos Aires,06,Carmen de Areco,06161,300,300,1740,5800
sorgo,2004,2004/2005,Buenos Aires,06,Chacabuco,06210,100,100,550,5500
sorgo,2004,2004/2005,Buenos Aires,06,Colón,06175,250,250,1750,7000
sorgo,2004,2004/2005,Buenos Aires,06,Coronel Suárez,06203,500,200,800,4000
sorgo,2004,2004/2005,Buenos Aires,06,Exaltación de la Cruz,06266,150,150,1050,7000
sorgo,2004,2004/2005,Buenos Aires,06,Florentino Ameghino,06277,1000,1000,6200,6200
sorgo,2004,2004/2005,Buenos Aires,06,General Arenales,06294,200,200,1120,5600
sorgo,2004,2004/2005,Buenos Aires,06,General La Madrid,06322,300,100,350,3500
sorgo,2004,2004/2005,Buenos Aires,06,General Pinto,06351,800,800,5200,6500
sorgo,2004,2004/2005,Buenos Aires,06,General Viamonte,06385,150,150,950,6333
sorgo,2004,2004/2005,Buenos Aires,06,General Villegas,06392,500,500,3250,6500
sorgo,2004,2004/2005,Buenos Aires,06,Guaminí,06399,1200,1200,5280,4400
sorgo,2004,2004/2005,Buenos Aires,06,Junín,06413,200,200,1160,5800
sorgo,2004,2004/2005,Buenos Aires,06,Lincoln,06469,200,200,1300,6500
sorgo,2004,2004/2005,Buenos Aires,06,Mercedes,06532,200,50,250,5000
sorgo,2004,2004/2005,Buenos Aires,06,Pellegrini,06616,500,500,2100,4200
sorgo,2004,2004/2005,Buenos Aires,06,Pergamino,06623,550,550,4020,7309
sorgo,2004,2004/2005,Buenos Aires,06,Puán,06651,1500,500,1500,3000
sorgo,2004,2004/2005,Buenos Aires,06,Ramallo,06665,220,220,1470,6682
sorgo,2004,2004/2005,Buenos Aires,06,Rojas,06686,200,200,1160,5800
sorgo,2004,2004/2005,Buenos Aires,06,Saavedra,06700,600,200,600,3000
sorgo,2004,2004/2005,Buenos Aires,06,Salliqueló,06721,300,300,1260,4200
sorgo,2004,2004/2005,Buenos Aires,06,Salto,06714,450,450,3380,7511
sorgo,2004,2004/2005,Buenos Aires,06,San Antonio de Areco,06735,550,550,3800,6909
sorgo,2004,2004/2005,Buenos Aires,06,San Nicolás,06763,250,250,1700,6800
sorgo,2004,2004/2005,Buenos Aires,06,San Pedro,06770,380,380,2470,6500
sorgo,2004,2004/2005,Buenos Aires,06,Suipacha,06784,200,50,250,5000
sorgo,2004,2004/2005,Buenos Aires,06,Tornquist,06819,1500,500,1250,2500
sorgo,2004,2004/2005,Buenos Aires,06,Tres Lomas,06847,300,300,1350,4500
sorgo,2004,2004/2005,Buenos Aires,06,Zárate,06882,200,200,1300,6500
sorgo,2004,2004/2005,Chaco,22,12 de Octubre,22036,9000,9000,32400,3600
sorgo,2004,2004/2005,Chaco,22,2 de Abril,22039,8000,8000,28800,3600
sorgo,2004,2004/2005,Chaco,22,25 de Mayo,22168,500,500,1650,3300
sorgo,2004,2004/2005,Chaco,22,9 de Julio,22105,4000,4000,12800,3200
sorgo,2004,2004/2005,Chaco,22,Almirante Brown,22007,9000,9000,33300,3700
sorgo,2004,2004/2005,Chaco,22,Bermejo,22014,1000,1000,3200,3200
sorgo,2004,2004/2005,Chaco,22,Chacabuco,22028,3000,3000,11100,3700
sorgo,2004,2004/2005,Chaco,22,Comandante Fernández,22021,2000,2000,6200,3100
sorgo,2004,2004/2005,Chaco,22,Fray Justo Santa María de Oro,22043,3000,3000,10500,3500
sorgo,2004,2004/2005,Chaco,22,General Belgrano,22049,4000,4000,12400,3100
sorgo,2004,2004/2005,Chaco,22,General Donovan,22056,1000,1000,3800,3800
sorgo,2004,2004/2005,Chaco,22,General Güemes,22063,4000,4000,12400,3100
sorgo,2004,2004/2005,Chaco,22,Independencia,22070,3000,3000,9600,3200
sorgo,2004,2004/2005,Chaco,22,Libertad,22077,500,500,1800,3600
sorgo,2004,2004/2005,Chaco,22,Libertador General San Martín,22084,5000,5000,18500,3700
sorgo,2004,2004/2005,Chaco,22,Maipú,22091,3000,3000,9000,3000
sorgo,2004,2004/2005,Chaco,22,Mayor Luis J. Fontana,22098,4000,4000,13600,3400
sorgo,2004,2004/2005,Chaco,22,O'Higgins,22112,1000,1000,3600,3600
sorgo,2004,2004/2005,Chaco,22,Presidencia de la Plaza,22119,1000,1000,3200,3200
sorgo,2004,2004/2005,Chaco,22,Quitilipi,22133,3500,3500,11200,3200
sorgo,2004,2004/2005,Chaco,22,San Fernando,22140,1000,1000,3400,3400
sorgo,2004,2004/2005,Chaco,22,San Lorenzo,22147,500,500,1600,3200
sorgo,2004,2004/2005,Chaco,22,Sargento Cabral,22154,2000,2000,8400,4200
sorgo,2004,2004/2005,Córdoba,14,Calamuchita,14007,1600,1600,11360,7100
sorgo,2004,2004/2005,Córdoba,14,Capital,14014,300,300,1980,6600
sorgo,2004,2004/2005,Córdoba,14,General Roca,14035,3500,2500,19500,7800
sorgo,2004,2004/2005,Córdoba,14,General San Martín,14042,2000,2000,13200,6600
sorgo,2004,2004/2005,Córdoba,14,Juárez Celman,14056,12000,12000,85200,7100
sorgo,2004,2004/2005,Córdoba,14,Marcos Juárez,14063,2600,2100,13230,6300
sorgo,2004,2004/2005,Córdoba,14,Presidente Roque Sáenz Peña,14084,600,450,3560,7911
sorgo,2004,2004/2005,Córdoba,14,Río Cuarto,14098,15000,15000,106500,7100
sorgo,2004,2004/2005,Córdoba,14,Río Primero,14105,10000,8000,48800,6100
sorgo,2004,2004/2005,Córdoba,14,Río Segundo,14119,7000,7000,44800,6400
sorgo,2004,2004/2005,Córdoba,14,San Justo,14140,40000,32000,179200,5600
sorgo,2004,2004/2005,Córdoba,14,Santa María,14147,1500,1500,9900,6600
sorgo,2004,2004/2005,Córdoba,14,Tercero Arriba,14161,10000,10000,65000,6500
sorgo,2004,2004/2005,Córdoba,14,Unión,14182,3500,2750,15950,5800
sorgo,2004,2004/2005,Corrientes,18,sin definir,18000,1495,1300,2730,2100
sorgo,2004,2004/2005,Entre Ríos,30,Colón,30008,1500,1200,5760,4800
sorgo,2004,2004/2005,Entre Ríos,30,Concordia,30015,7000,7000,42700,6100
sorgo,2004,2004/2005,Entre Ríos,30,Diamante,30021,3500,3500,23100,6600
sorgo,2004,2004/2005,Entre Ríos,30,Federación,30028,4500,4500,22950,5100
sorgo,2004,2004/2005,Entre Ríos,30,Federal,30035,8000,8000,44800,5600
sorgo,2004,2004/2005,Entre Ríos,30,Feliciano,30042,4000,4000,23600,5900
sorgo,2004,2004/2005,Entre Ríos,30,Gualeguay,30049,7500,6750,38480,5701
sorgo,2004,2004/2005,Entre Ríos,30,Gualeguaychú,30056,9500,8350,37580,4501
sorgo,2004,2004/2005,Entre Ríos,30,La Paz,30070,12000,12000,67200,5600
sorgo,2004,2004/2005,Entre Ríos,30,Nogoyá,30077,8000,7050,35250,5000
sorgo,2004,2004/2005,Entre Ríos,30,Paraná,30084,9000,9000,57600,6400
sorgo,2004,2004/2005,Entre Ríos,30,San Salvador,30088,2000,1800,8460,4700
sorgo,2004,2004/2005,Entre Ríos,30,Tala,30091,5500,5000,27500,5500
sorgo,2004,2004/2005,Entre Ríos,30,Uruguay,30098,5500,5000,24000,4800
sorgo,2004,2004/2005,Entre Ríos,30,Victoria,30105,1500,1350,8100,6000
sorgo,2004,2004/2005,Entre Ríos,30,Villaguay,30113,8500,8000,40000,5000
sorgo,2004,2004/2005,Formosa,34,Formosa,34014,250,250,970,3880
sorgo,2004,2004/2005,Formosa,34,Laishí,34021,315,315,1200,3810
sorgo,2004,2004/2005,Formosa,34,Patiño,34035,1137,1137,4090,3597
sorgo,2004,2004/2005,Formosa,34,Pilagás,34042,428,428,1750,4089
sorgo,2004,2004/2005,Formosa,34,Pilcomayo,34049,247,247,1010,4089
sorgo,2004,2004/2005,Formosa,34,Pirané,34056,1860,1860,6880,3699
sorgo,2004,2004/2005,La Pampa,42,Atreucó,42007,4000,3800,11020,2900
sorgo,2004,2004/2005,La Pampa,42,Capital,42021,2300,2200,6270,2850
sorgo,2004,2004/2005,La Pampa,42,Catriló,42028,4500,4200,12390,2950
sorgo,2004,2004/2005,La Pampa,42,Chapaleufú,42056,500,500,4000,8000
sorgo,2004,2004/2005,La Pampa,42,Conhelo,42035,1300,1300,9100,7000
sorgo,2004,2004/2005,La Pampa,42,Guatraché,42070,2000,1700,4850,2853
sorgo,2004,2004/2005,La Pampa,42,Hucal,42077,40,40,100,2500
sorgo,2004,2004/2005,La Pampa,42,Loventué,42098,100,100,600,6000
sorgo,2004,2004/2005,La Pampa,42,Maracó,42105,1000,1000,8000,8000
sorgo,2004,2004/2005,La Pampa,42,Quemú Quemú,42119,200,200,1400,7000
sorgo,2004,2004/2005,La Pampa,42,Rancul,42126,1800,1800,10800,6000
sorgo,2004,2004/2005,La Pampa,42,Realicó,42133,300,300,2100,7000
sorgo,2004,2004/2005,La Pampa,42,Toay,42140,2100,2000,5800,2900
sorgo,2004,2004/2005,La Pampa,42,Trenel,42147,200,200,1400,7000
sorgo,2004,2004/2005,La Pampa,42,Utracán,42154,60,60,170,2833
sorgo,2004,2004/2005,San Luis,74,sin definir,74000,36000,36000,255600,7100
sorgo,2004,2004/2005,Santa Fe,82,9 de Julio,82077,17000,16200,48600,3000
sorgo,2004,2004/2005,Santa Fe,82,Belgrano,82007,3000,3000,22800,7600
sorgo,2004,2004/2005,Santa Fe,82,Caseros,82014,900,900,6750,7500
sorgo,2004,2004/2005,Santa Fe,82,Castellanos,82021,22000,19900,105470,5300
sorgo,2004,2004/2005,Santa Fe,82,Garay,82035,500,400,1840,4600
sorgo,2004,2004/2005,Santa Fe,82,General López,82042,1500,1500,9000,6000
sorgo,2004,2004/2005,Santa Fe,82,General Obligado,82049,7000,6300,17640,2800
sorgo,2004,2004/2005,Santa Fe,82,Iriondo,82056,1700,1700,11220,6600
sorgo,2004,2004/2005,Santa Fe,82,La Capital,82063,7500,6000,32400,5400
sorgo,2004,2004/2005,Santa Fe,82,Las Colonias,82070,17000,13600,80240,5900
sorgo,2004,2004/2005,Santa Fe,82,Rosario,82084,2800,2800,21000,7500
sorgo,2004,2004/2005,Santa Fe,82,San Cristóbal,82091,25000,19000,87400,4600
sorgo,2004,2004/2005,Santa Fe,82,San Javier,82098,3000,1800,5000,2778
sorgo,2004,2004/2005,Santa Fe,82,San Jerónimo,82105,8000,8000,52800,6600
sorgo,2004,2004/2005,Santa Fe,82,San Justo,82112,20000,18100,99550,5500
sorgo,2004,2004/2005,Santa Fe,82,San Lorenzo,82119,1200,1200,9000,7500
sorgo,2004,2004/2005,Santa Fe,82,San Martín,82126,32000,32000,243200,7600
sorgo,2004,2004/2005,Santa Fe,82,Vera,82133,7000,4200,11800,2810
sorgo,2004,2004/2005,Santa Fe,82,Villa Constitución,82028,3000,3000,22500,7500
sorgo,2004,2004/2005,Santiago del Estero,86,Aguirre,86007,1900,1100,3080,2800
sorgo,2004,2004/2005,Santiago del Estero,86,Alberdi,86014,12500,12500,41250,3300
sorgo,2004,2004/2005,Santiago del Estero,86,Belgrano,86042,10000,3000,7800,2600
sorgo,2004,2004/2005,Santiago del Estero,86,Copo,86056,7500,7500,24750,3300
sorgo,2004,2004/2005,Santiago del Estero,86,General Taboada,86077,5000,3200,9920,3100
sorgo,2004,2004/2005,Santiago del Estero,86,Juan F. Ibarra,86098,10000,3500,10850,3100
sorgo,2004,2004/2005,Santiago del Estero,86,Moreno,86119,25000,25000,82500,3300
sorgo,2004,2004/2005,Santiago del Estero,86,Rivadavia,86154,5000,4000,15200,3800
sorgo,2004,2004/2005,Tucumán,90,sin definir,90000,1120,1025,4410,4302
sorgo,2005,2005/2006,Buenos Aires,06,25 de Mayo,06854,500,500,2200,4400
sorgo,2005,2005/2006,Buenos Aires,06,9 de Julio,06588,800,800,3200,4000
sorgo,2005,2005/2006,Buenos Aires,06,Adolfo Alsina,06007,2300,2300,8970,3900
sorgo,2005,2005/2006,Buenos Aires,06,Arrecifes,06077,750,750,4800,6400
sorgo,2005,2005/2006,Buenos Aires,06,Bahía Blanca,06056,400,0,0,0
sorgo,2005,2005/2006,Buenos Aires,06,Baradero,06070,300,300,1800,6000
sorgo,2005,2005/2006,Buenos Aires,06,Bolívar,06105,300,100,500,5000
sorgo,2005,2005/2006,Buenos Aires,06,Campana,06126,100,100,620,6200
sorgo,2005,2005/2006,Buenos Aires,06,Capitán Sarmiento,06140,450,450,2840,6311
sorgo,2005,2005/2006,Buenos Aires,06,Carmen de Areco,06161,300,300,1650,5500
sorgo,2005,2005/2006,Buenos Aires,06,Chacabuco,06210,100,100,550,5500
sorgo,2005,2005/2006,Buenos Aires,06,Chascomús,06217,300,300,1380,4600
sorgo,2005,2005/2006,Buenos Aires,06,Colón,06175,250,250,1750,7000
sorgo,2005,2005/2006,Buenos Aires,06,Coronel de Marina Leonardo Rosales,06182,300,0,0,0
sorgo,2005,2005/2006,Buenos Aires,06,Coronel Suárez,06203,500,300,1200,4000
sorgo,2005,2005/2006,Buenos Aires,06,Daireaux,06231,500,200,1000,5000
sorgo,2005,2005/2006,Buenos Aires,06,Exaltación de la Cruz,06266,150,150,920,6133
sorgo,2005,2005/2006,Buenos Aires,06,Florentino Ameghino,06277,300,300,2010,6700
sorgo,2005,2005/2006,Buenos Aires,06,General Arenales,06294,200,200,1040,5200
sorgo,2005,2005/2006,Buenos Aires,06,General Belgrano,06301,550,550,2480,4509
sorgo,2005,2005/2006,Buenos Aires,06,General La Madrid,06322,300,200,800,4000
sorgo,2005,2005/2006,Buenos Aires,06,General Pinto,06351,300,300,1980,6600
sorgo,2005,2005/2006,Buenos Aires,06,General Viamonte,06385,500,500,3400,6800
sorgo,2005,2005/2006,Buenos Aires,06,General Villegas,06392,2500,2500,16000,6400
sorgo,2005,2005/2006,Buenos Aires,06,Guaminí,06399,1300,1300,5720,4400
sorgo,2005,2005/2006,Buenos Aires,06,Hipólito Yrigoyen,06406,200,100,500,5000
sorgo,2005,2005/2006,Buenos Aires,06,Junín,06413,200,200,1040,5200
sorgo,2005,2005/2006,Buenos Aires,06,Las Flores,06455,600,600,2760,4600
sorgo,2005,2005/2006,Buenos Aires,06,Leandro N. Alem,06462,200,200,1320,6600
sorgo,2005,2005/2006,Buenos Aires,06,Lincoln,06469,1000,1000,6500,6500
sorgo,2005,2005/2006,Buenos Aires,06,Lobos,06483,400,400,1760,4400
sorgo,2005,2005/2006,Buenos Aires,06,Mercedes,06532,250,150,600,4000
sorgo,2005,2005/2006,Buenos Aires,06,Monte,06547,500,500,2200,4400
sorgo,2005,2005/2006,Buenos Aires,06,Navarro,06574,750,750,3300,4400
sorgo,2005,2005/2006,Buenos Aires,06,Pellegrini,06616,700,700,2940,4200
sorgo,2005,2005/2006,Buenos Aires,06,Pergamino,06623,650,650,4490,6908
sorgo,2005,2005/2006,Buenos Aires,06,Puán,06651,1500,700,2100,3000
sorgo,2005,2005/2006,Buenos Aires,06,Ramallo,06665,300,300,1740,5800
sorgo,2005,2005/2006,Buenos Aires,06,Rojas,06686,200,200,1100,5500
sorgo,2005,2005/2006,Buenos Aires,06,Roque Pérez,06693,300,300,1320,4400
sorgo,2005,2005/2006,Buenos Aires,06,Saavedra,06700,600,300,1050,3500
sorgo,2005,2005/2006,Buenos Aires,06,Saladillo,06707,400,400,1760,4400
sorgo,2005,2005/2006,Buenos Aires,06,Salliqueló,06721,400,400,1640,4100
sorgo,2005,2005/2006,Buenos Aires,06,Salto,06714,500,500,3400,6800
sorgo,2005,2005/2006,Buenos Aires,06,San Antonio de Areco,06735,600,600,3900,6500
sorgo,2005,2005/2006,Buenos Aires,06,San Nicolás,06763,350,350,2100,6000
sorgo,2005,2005/2006,Buenos Aires,06,San Pedro,06770,450,450,2700,6000
sorgo,2005,2005/2006,Buenos Aires,06,Suipacha,06784,200,50,230,4600
sorgo,2005,2005/2006,Buenos Aires,06,Tornquist,06819,1500,900,2700,3000
sorgo,2005,2005/2006,Buenos Aires,06,Tres Lomas,06847,300,300,1230,4100
sorgo,2005,2005/2006,Buenos Aires,06,Zárate,06882,250,250,1450,5800
sorgo,2005,2005/2006,Chaco,22,1° de Mayo,22126,1200,1200,5400,4500
sorgo,2005,2005/2006,Chaco,22,12 de Octubre,22036,8600,8600,40420,4700
sorgo,2005,2005/2006,Chaco,22,2 de Abril,22039,8600,8600,34400,4000
sorgo,2005,2005/2006,Chaco,22,25 de Mayo,22168,2000,2000,10000,5000
sorgo,2005,2005/2006,Chaco,22,9 de Julio,22105,4700,4700,28200,6000
sorgo,2005,2005/2006,Chaco,22,Almirante Brown,22007,9300,9300,33480,3600
sorgo,2005,2005/2006,Chaco,22,Bermejo,22014,1600,1600,7360,4600
sorgo,2005,2005/2006,Chaco,22,Chacabuco,22028,4000,4000,18400,4600
sorgo,2005,2005/2006,Chaco,22,Comandante Fernández,22021,3100,3100,14260,4600
sorgo,2005,2005/2006,Chaco,22,Fray Justo Santa María de Oro,22043,4700,4700,21150,4500
sorgo,2005,2005/2006,Chaco,22,General Belgrano,22049,4000,4000,18000,4500
sorgo,2005,2005/2006,Chaco,22,General Donovan,22056,3200,3200,15360,4800
sorgo,2005,2005/2006,Chaco,22,General Güemes,22063,4800,4800,23040,4800
sorgo,2005,2005/2006,Chaco,22,Independencia,22070,3500,3500,15750,4500
sorgo,2005,2005/2006,Chaco,22,Libertad,22077,2300,2300,11040,4800
sorgo,2005,2005/2006,Chaco,22,Libertador General San Martín,22084,5500,5500,26400,4800
sorgo,2005,2005/2006,Chaco,22,Maipú,22091,4800,4800,21600,4500
sorgo,2005,2005/2006,Chaco,22,Mayor Luis J. Fontana,22098,5500,5500,25300,4600
sorgo,2005,2005/2006,Chaco,22,O'Higgins,22112,2300,2300,13340,5800
sorgo,2005,2005/2006,Chaco,22,Presidencia de la Plaza,22119,2000,2000,10400,5200
sorgo,2005,2005/2006,Chaco,22,Quitilipi,22133,2000,2000,10000,5000
sorgo,2005,2005/2006,Chaco,22,San Fernando,22140,2000,2000,9000,4500
sorgo,2005,2005/2006,Chaco,22,San Lorenzo,22147,2000,2000,9400,4700
sorgo,2005,2005/2006,Chaco,22,Sargento Cabral,22154,2000,2000,9000,4500
sorgo,2005,2005/2006,Chaco,22,Tapenagá,22161,1500,1500,7650,5100
sorgo,2005,2005/2006,Córdoba,14,Calamuchita,14007,1600,1600,8000,5000
sorgo,2005,2005/2006,Córdoba,14,Capital,14014,300,300,1800,6000
sorgo,2005,2005/2006,Córdoba,14,General Roca,14035,3500,2200,12540,5700
sorgo,2005,2005/2006,Córdoba,14,General San Martín,14042,5500,5500,33000,6000
sorgo,2005,2005/2006,Córdoba,14,Juárez Celman,14056,12000,12000,60000,5000
sorgo,2005,2005/2006,Córdoba,14,Marcos Juárez,14063,2000,1800,9900,5500
sorgo,2005,2005/2006,Córdoba,14,Presidente Roque Sáenz Peña,14084,800,450,2610,5800
sorgo,2005,2005/2006,Córdoba,14,Río Cuarto,14098,15000,15000,75000,5000
sorgo,2005,2005/2006,Córdoba,14,Río Primero,14105,10000,5000,24000,4800
sorgo,2005,2005/2006,Córdoba,14,Río Segundo,14119,14000,14000,84000,6000
sorgo,2005,2005/2006,Córdoba,14,San Justo,14140,30000,20000,94000,4700
sorgo,2005,2005/2006,Córdoba,14,Santa María,14147,2000,2000,11600,5800
sorgo,2005,2005/2006,Córdoba,14,Tercero Arriba,14161,16700,16700,100200,6000
sorgo,2005,2005/2006,Córdoba,14,Unión,14182,2700,1700,8500,5000
sorgo,2005,2005/2006,Corrientes,18,sin definir,18000,1600,1440,3020,2097
sorgo,2005,2005/2006,Entre Ríos,30,Colón,30008,1300,800,3360,4200
sorgo,2005,2005/2006,Entre Ríos,30,Concordia,30015,6000,6000,33000,5500
sorgo,2005,2005/2006,Entre Ríos,30,Diamante,30021,3400,3000,17400,5800
sorgo,2005,2005/2006,Entre Ríos,30,Federación,30028,3500,3500,21000,6000
sorgo,2005,2005/2006,Entre Ríos,30,Federal,30035,6600,6000,39000,6500
sorgo,2005,2005/2006,Entre Ríos,30,Feliciano,30042,3000,3000,19500,6500
sorgo,2005,2005/2006,Entre Ríos,30,Gualeguay,30049,4500,3650,18250,5000
sorgo,2005,2005/2006,Entre Ríos,30,Gualeguaychú,30056,4800,3900,17550,4500
sorgo,2005,2005/2006,Entre Ríos,30,La Paz,30070,10100,9000,58500,6500
sorgo,2005,2005/2006,Entre Ríos,30,Nogoyá,30077,4000,2900,13630,4700
sorgo,2005,2005/2006,Entre Ríos,30,Paraná,30084,7900,7000,36400,5200
sorgo,2005,2005/2006,Entre Ríos,30,San Salvador,30088,1700,1200,4200,3500
sorgo,2005,2005/2006,Entre Ríos,30,Tala,30091,3000,2500,11250,4500
sorgo,2005,2005/2006,Entre Ríos,30,Uruguay,30098,4000,3650,15700,4301
sorgo,2005,2005/2006,Entre Ríos,30,Victoria,30105,1000,750,4500,6000
sorgo,2005,2005/2006,Entre Ríos,30,Villaguay,30113,7200,6650,23280,3501
sorgo,2005,2005/2006,Formosa,34,sin definir,34000,5320,4740,15075,3180
sorgo,2005,2005/2006,La Pampa,42,Atreucó,42007,4500,3500,5950,1700
sorgo,2005,2005/2006,La Pampa,42,Capital,42021,2300,1300,2150,1654
sorgo,2005,2005/2006,La Pampa,42,Catriló,42028,4500,3000,6000,2000
sorgo,2005,2005/2006,La Pampa,42,Chapaleufú,42056,600,600,1800,3000
sorgo,2005,2005/2006,La Pampa,42,Conhelo,42035,1600,320,1090,3406
sorgo,2005,2005/2006,La Pampa,42,Guatraché,42070,2000,1000,1800,1800
sorgo,2005,2005/2006,La Pampa,42,Hucal,42077,40,0,0,0
sorgo,2005,2005/2006,La Pampa,42,Loventué,42098,100,0,0,0
sorgo,2005,2005/2006,La Pampa,42,Maracó,42105,1200,960,3840,4000
sorgo,2005,2005/2006,La Pampa,42,Quemú Quemú,42119,250,200,660,3300
sorgo,2005,2005/2006,La Pampa,42,Rancul,42126,1950,390,1370,3513
sorgo,2005,2005/2006,La Pampa,42,Realicó,42133,350,70,300,4286
sorgo,2005,2005/2006,La Pampa,42,Toay,42140,2460,1460,2630,1801
sorgo,2005,2005/2006,La Pampa,42,Trenel,42147,250,50,150,3000
sorgo,2005,2005/2006,La Pampa,42,Utracán,42154,100,40,70,1750
sorgo,2005,2005/2006,San Luis,74,sin definir,74000,36000,32000,128000,4000
sorgo,2005,2005/2006,Santa Fe,82,9 de Julio,82077,18000,16800,67200,4000
sorgo,2005,2005/2006,Santa Fe,82,Belgrano,82007,2500,2500,17500,7000
sorgo,2005,2005/2006,Santa Fe,82,Caseros,82014,540,540,3240,6000
sorgo,2005,2005/2006,Santa Fe,82,Castellanos,82021,17000,12000,52800,4400
sorgo,2005,2005/2006,Santa Fe,82,Garay,82035,500,500,2000,4000
sorgo,2005,2005/2006,Santa Fe,82,General López,82042,1500,1500,9000,6000
sorgo,2005,2005/2006,Santa Fe,82,General Obligado,82049,8500,8500,19550,2300
sorgo,2005,2005/2006,Santa Fe,82,Iriondo,82056,1500,1500,10500,7000
sorgo,2005,2005/2006,Santa Fe,82,La Capital,82063,4500,3000,12300,4100
sorgo,2005,2005/2006,Santa Fe,82,Las Colonias,82070,13000,9000,43200,4800
sorgo,2005,2005/2006,Santa Fe,82,Rosario,82084,1680,1680,10080,6000
sorgo,2005,2005/2006,Santa Fe,82,San Cristóbal,82091,24000,16000,62400,3900
sorgo,2005,2005/2006,Santa Fe,82,San Javier,82098,3000,1900,6100,3211
sorgo,2005,2005/2006,Santa Fe,82,San Jerónimo,82105,5700,5300,29150,5500
sorgo,2005,2005/2006,Santa Fe,82,San Justo,82112,13000,9500,36100,3800
sorgo,2005,2005/2006,Santa Fe,82,San Lorenzo,82119,720,520,3120,6000
sorgo,2005,2005/2006,Santa Fe,82,San Martín,82126,21700,21200,116600,5500
sorgo,2005,2005/2006,Santa Fe,82,Vera,82133,8500,7600,26600,3500
sorgo,2005,2005/2006,Santa Fe,82,Villa Constitución,82028,1800,1800,11700,6500
sorgo,2005,2005/2006,Santiago del Estero,86,Aguirre,86007,2000,1100,4400,4000
sorgo,2005,2005/2006,Santiago del Estero,86,Alberdi,86014,3500,2900,14500,5000
sorgo,2005,2005/2006,Santiago del Estero,86,Belgrano,86042,8000,7300,31390,4300
sorgo,2005,2005/2006,Santiago del Estero,86,Choya,86063,3100,1600,6400,4000
sorgo,2005,2005/2006,Santiago del Estero,86,Copo,86056,5000,4500,18000,4000
sorgo,2005,2005/2006,Santiago del Estero,86,General Taboada,86077,4500,4500,20250,4500
sorgo,2005,2005/2006,Santiago del Estero,86,Guasayán,86084,2700,1800,7200,4000
sorgo,2005,2005/2006,Santiago del Estero,86,Juan F. Ibarra,86098,8500,8000,32000,4000
sorgo,2005,2005/2006,Santiago del Estero,86,Moreno,86119,10000,8500,38250,4500
sorgo,2005,2005/2006,Santiago del Estero,86,Rivadavia,86154,5000,3000,15000,5000
sorgo,2005,2005/2006,Tucumán,90,Burruyacú,90007,160,145,680,4690
sorgo,2005,2005/2006,Tucumán,90,Cruz Alta,90014,420,420,1850,4405
sorgo,2005,2005/2006,Tucumán,90,Leales,90056,240,240,1080,4500
sorgo,2005,2005/2006,Tucumán,90,Simoca,90091,80,75,320,4267
sorgo,2005,2005/2006,Tucumán,90,Trancas,90112,200,200,840,4200
sorgo,2006,2006/2007,Buenos Aires,06,25 de Mayo,06854,300,300,1200,4000
sorgo,2006,2006/2007,Buenos Aires,06,9 de Julio,06588,800,800,5600,7000
sorgo,2006,2006/2007,Buenos Aires,06,Adolfo Alsina,06007,2800,2800,10920,3900
sorgo,2006,2006/2007,Buenos Aires,06,Arrecifes,06077,850,850,6890,8106
sorgo,2006,2006/2007,Buenos Aires,06,Bahía Blanca,06056,500,0,0,0
sorgo,2006,2006/2007,Buenos Aires,06,Baradero,06070,380,380,2930,7711
sorgo,2006,2006/2007,Buenos Aires,06,Bolívar,06105,400,200,1000,5000
sorgo,2006,2006/2007,Buenos Aires,06,Campana,06126,150,150,1130,7533
sorgo,2006,2006/2007,Buenos Aires,06,Capitán Sarmiento,06140,500,500,4000,8000
sorgo,2006,2006/2007,Buenos Aires,06,Carmen de Areco,06161,300,300,1950,6500
sorgo,2006,2006/2007,Buenos Aires,06,Chacabuco,06210,100,100,580,5800
sorgo,2006,2006/2007,Buenos Aires,06,Colón,06175,350,350,2980,8514
sorgo,2006,2006/2007,Buenos Aires,06,Coronel de Marina Leonardo Rosales,06182,1000,100,225,2250
sorgo,2006,2006/2007,Buenos Aires,06,Coronel Suárez,06203,2000,300,1200,4000
sorgo,2006,2006/2007,Buenos Aires,06,Daireaux,06231,600,300,1500,5000
sorgo,2006,2006/2007,Buenos Aires,06,Exaltación de la Cruz,06266,200,200,1540,7700
sorgo,2006,2006/2007,Buenos Aires,06,Florentino Ameghino,06277,150,150,900,6000
sorgo,2006,2006/2007,Buenos Aires,06,General Alvear,06287,100,50,250,5000
sorgo,2006,2006/2007,Buenos Aires,06,General Arenales,06294,200,200,1200,6000
sorgo,2006,2006/2007,Buenos Aires,06,General Belgrano,06301,550,550,2200,4000
sorgo,2006,2006/2007,Buenos Aires,06,General La Madrid,06322,1000,200,800,4000
sorgo,2006,2006/2007,Buenos Aires,06,General Pinto,06351,150,150,930,6200
sorgo,2006,2006/2007,Buenos Aires,06,General Viamonte,06385,250,250,1630,6520
sorgo,2006,2006/2007,Buenos Aires,06,General Villegas,06392,1000,1000,6800,6800
sorgo,2006,2006/2007,Buenos Aires,06,Guaminí,06399,1300,1300,5200,4000
sorgo,2006,2006/2007,Buenos Aires,06,Hipólito Yrigoyen,06406,300,150,750,5000
sorgo,2006,2006/2007,Buenos Aires,06,Junín,06413,200,200,1200,6000
sorgo,2006,2006/2007,Buenos Aires,06,Las Flores,06455,600,600,2340,3900
sorgo,2006,2006/2007,Buenos Aires,06,Leandro N. Alem,06462,100,100,600,6000
sorgo,2006,2006/2007,Buenos Aires,06,Lincoln,06469,600,600,3840,6400
sorgo,2006,2006/2007,Buenos Aires,06,Lobos,06483,400,400,1640,4100
sorgo,2006,2006/2007,Buenos Aires,06,Mercedes,06532,200,100,650,6500
sorgo,2006,2006/2007,Buenos Aires,06,Monte,06547,300,300,1170,3900
sorgo,2006,2006/2007,Buenos Aires,06,Navarro,06574,350,350,1400,4000
sorgo,2006,2006/2007,Buenos Aires,06,Olavarría,06595,200,100,500,5000
sorgo,2006,2006/2007,Buenos Aires,06,Patagones,06602,350,0,0,0
sorgo,2006,2006/2007,Buenos Aires,06,Pellegrini,06616,700,700,2660,3800
sorgo,2006,2006/2007,Buenos Aires,06,Pergamino,06623,850,850,7230,8506
sorgo,2006,2006/2007,Buenos Aires,06,Puán,06651,5000,900,2250,2500
sorgo,2006,2006/2007,Buenos Aires,06,Ramallo,06665,400,400,3200,8000
sorgo,2006,2006/2007,Buenos Aires,06,Rojas,06686,200,200,1360,6800
sorgo,2006,2006/2007,Buenos Aires,06,Roque Pérez,06693,300,300,1200,4000
sorgo,2006,2006/2007,Buenos Aires,06,Saavedra,06700,5000,800,2800,3500
sorgo,2006,2006/2007,Buenos Aires,06,Saladillo,06707,200,200,820,4100
sorgo,2006,2006/2007,Buenos Aires,06,Salliqueló,06721,400,400,1520,3800
sorgo,2006,2006/2007,Buenos Aires,06,Salto,06714,650,650,5660,8708
sorgo,2006,2006/2007,Buenos Aires,06,San Antonio de Areco,06735,650,650,5330,8200
sorgo,2006,2006/2007,Buenos Aires,06,San Nicolás,06763,450,450,3420,7600
sorgo,2006,2006/2007,Buenos Aires,06,San Pedro,06770,500,500,4000,8000
sorgo,2006,2006/2007,Buenos Aires,06,Suipacha,06784,100,50,350,7000
sorgo,2006,2006/2007,Buenos Aires,06,Tornquist,06819,5000,800,2400,3000
sorgo,2006,2006/2007,Buenos Aires,06,Tres Lomas,06847,300,300,1170,3900
sorgo,2006,2006/2007,Buenos Aires,06,Villarino,06875,460,0,0,0
sorgo,2006,2006/2007,Buenos Aires,06,Zárate,06882,250,250,1950,7800
sorgo,2006,2006/2007,Chaco,22,1° de Mayo,22126,3000,3000,10200,3400
sorgo,2006,2006/2007,Chaco,22,12 de Octubre,22036,10000,10000,37000,3700
sorgo,2006,2006/2007,Chaco,22,2 de Abril,22039,10000,10000,31000,3100
sorgo,2006,2006/2007,Chaco,22,25 de Mayo,22168,2000,2000,7400,3700
sorgo,2006,2006/2007,Chaco,22,9 de Julio,22105,6000,6000,22800,3800
sorgo,2006,2006/2007,Chaco,22,Almirante Brown,22007,14000,14000,44800,3200
sorgo,2006,2006/2007,Chaco,22,Bermejo,22014,2000,2000,6200,3100
sorgo,2006,2006/2007,Chaco,22,Chacabuco,22028,5000,5000,17000,3400
sorgo,2006,2006/2007,Chaco,22,Comandante Fernández,22021,5000,5000,15500,3100
sorgo,2006,2006/2007,Chaco,22,Fray Justo Santa María de Oro,22043,6000,6000,17400,2900
sorgo,2006,2006/2007,Chaco,22,General Belgrano,22049,6000,6000,19800,3300
sorgo,2006,2006/2007,Chaco,22,General Donovan,22056,900,900,2880,3200
sorgo,2006,2006/2007,Chaco,22,General Güemes,22063,6000,6000,18600,3100
sorgo,2006,2006/2007,Chaco,22,Independencia,22070,6000,6000,18600,3100
sorgo,2006,2006/2007,Chaco,22,Libertad,22077,1000,1000,3800,3800
sorgo,2006,2006/2007,Chaco,22,Libertador General San Martín,22084,7000,7000,23100,3300
sorgo,2006,2006/2007,Chaco,22,Maipú,22091,4500,4500,15300,3400
sorgo,2006,2006/2007,Chaco,22,Mayor Luis J. Fontana,22098,5500,5500,19250,3500
sorgo,2006,2006/2007,Chaco,22,O'Higgins,22112,4000,4000,15200,3800
sorgo,2006,2006/2007,Chaco,22,Presidencia de la Plaza,22119,1800,1800,6840,3800
sorgo,2006,2006/2007,Chaco,22,Quitilipi,22133,2500,2500,9500,3800
sorgo,2006,2006/2007,Chaco,22,San Fernando,22140,2000,2000,7000,3500
sorgo,2006,2006/2007,Chaco,22,San Lorenzo,22147,1500,1500,4650,3100
sorgo,2006,2006/2007,Chaco,22,Sargento Cabral,22154,1200,1200,4200,3500
sorgo,2006,2006/2007,Chaco,22,Tapenagá,22161,2000,2000,6000,3000
sorgo,2006,2006/2007,Córdoba,14,Calamuchita,14007,1600,1600,8000,5000
sorgo,2006,2006/2007,Córdoba,14,Capital,14014,300,300,1800,6000
sorgo,2006,2006/2007,Córdoba,14,Colón,14021,1000,1000,7000,7000
sorgo,2006,2006/2007,Córdoba,14,General Roca,14035,3500,3200,22720,7100
sorgo,2006,2006/2007,Córdoba,14,General San Martín,14042,6000,6000,36000,6000
sorgo,2006,2006/2007,Córdoba,14,Juárez Celman,14056,12000,12000,60000,5000
sorgo,2006,2006/2007,Córdoba,14,Marcos Juárez,14063,2300,1910,11650,6099
sorgo,2006,2006/2007,Córdoba,14,Presidente Roque Sáenz Peña,14084,700,600,4260,7100
sorgo,2006,2006/2007,Córdoba,14,Río Cuarto,14098,15000,15000,75000,5000
sorgo,2006,2006/2007,Córdoba,14,Río Primero,14105,10000,4000,27200,6800
sorgo,2006,2006/2007,Córdoba,14,Río Seco,14112,1000,0,0,0
sorgo,2006,2006/2007,Córdoba,14,Río Segundo,14119,15000,15000,120000,8000
sorgo,2006,2006/2007,Córdoba,14,San Justo,14140,37000,21500,118250,5500
sorgo,2006,2006/2007,Córdoba,14,Santa María,14147,2500,2500,15000,6000
sorgo,2006,2006/2007,Córdoba,14,Tercero Arriba,14161,17800,17800,106800,6000
sorgo,2006,2006/2007,Córdoba,14,Tulumba,14175,2000,2000,13000,6500
sorgo,2006,2006/2007,Córdoba,14,Unión,14182,2900,2000,11600,5800
sorgo,2006,2006/2007,Corrientes,18,sin definir,18000,2900,1600,3040,1900
sorgo,2006,2006/2007,Entre Ríos,30,Colón,30008,4000,3400,14620,4300
sorgo,2006,2006/2007,Entre Ríos,30,Concordia,30015,7000,7000,45500,6500
sorgo,2006,2006/2007,Entre Ríos,30,Diamante,30021,3500,3500,24500,7000
sorgo,2006,2006/2007,Entre Ríos,30,Federación,30028,4000,4000,26000,6500
sorgo,2006,2006/2007,Entre Ríos,30,Federal,30035,6500,6500,39000,6000
sorgo,2006,2006/2007,Entre Ríos,30,Feliciano,30042,3500,3500,21000,6000
sorgo,2006,2006/2007,Entre Ríos,30,Gualeguay,30049,5000,4150,20750,5000
sorgo,2006,2006/2007,Entre Ríos,30,Gualeguaychú,30056,5500,4500,21150,4700
sorgo,2006,2006/2007,Entre Ríos,30,La Paz,30070,8500,8500,55250,6500
sorgo,2006,2006/2007,Entre Ríos,30,Nogoyá,30077,7000,5800,29000,5000
sorgo,2006,2006/2007,Entre Ríos,30,Paraná,30084,8000,8000,52000,6500
sorgo,2006,2006/2007,Entre Ríos,30,San Salvador,30088,3000,2500,11250,4500
sorgo,2006,2006/2007,Entre Ríos,30,Tala,30091,6000,5500,24750,4500
sorgo,2006,2006/2007,Entre Ríos,30,Uruguay,30098,5500,5050,26770,5301
sorgo,2006,2006/2007,Entre Ríos,30,Victoria,30105,2000,1700,10200,6000
sorgo,2006,2006/2007,Entre Ríos,30,Villaguay,30113,10000,9400,47000,5000
sorgo,2006,2006/2007,Formosa,34,sin definir,34000,5330,5330,15002,2815
sorgo,2006,2006/2007,La Pampa,42,Atreucó,42007,4500,2850,5700,2000
sorgo,2006,2006/2007,La Pampa,42,Capital,42021,2500,1430,2860,2000
sorgo,2006,2006/2007,La Pampa,42,Catriló,42028,6000,3330,8330,2502
sorgo,2006,2006/2007,La Pampa,42,Chapaleufú,42056,700,700,2100,3000
sorgo,2006,2006/2007,La Pampa,42,Conhelo,42035,2000,1960,3510,1791
sorgo,2006,2006/2007,La Pampa,42,Guatraché,42070,2500,2000,4000,2000
sorgo,2006,2006/2007,La Pampa,42,Hucal,42077,40,40,80,2000
sorgo,2006,2006/2007,La Pampa,42,Loventué,42098,100,0,0,0
sorgo,2006,2006/2007,La Pampa,42,Maracó,42105,1500,1470,4400,2993
sorgo,2006,2006/2007,La Pampa,42,Quemú Quemú,42119,300,300,900,3000
sorgo,2006,2006/2007,La Pampa,42,Rancul,42126,2500,2460,4900,1992
sorgo,2006,2006/2007,La Pampa,42,Realicó,42133,450,450,1100,2444
sorgo,2006,2006/2007,La Pampa,42,Toay,42140,3000,2350,4470,1902
sorgo,2006,2006/2007,La Pampa,42,Trenel,42147,300,300,600,2000
sorgo,2006,2006/2007,La Pampa,42,Utracán,42154,200,200,380,1900
sorgo,2006,2006/2007,San Luis,74,Ayacucho,74007,1620,1020,6630,6500
sorgo,2006,2006/2007,San Luis,74,Belgrano,74014,150,30,130,4333
sorgo,2006,2006/2007,San Luis,74,Chacabuco,74028,3800,2300,12190,5300
sorgo,2006,2006/2007,San Luis,74,Coronel Pringles,74021,2800,1900,12920,6800
sorgo,2006,2006/2007,San Luis,74,General Pedernera,74035,12000,9500,57950,6100
sorgo,2006,2006/2007,San Luis,74,Gobernador Dupuy,74042,9000,7100,39050,5500
sorgo,2006,2006/2007,San Luis,74,Juan Martín de Pueyrredón,74056,2700,2400,14400,6000
sorgo,2006,2006/2007,San Luis,74,Junín,74049,150,50,240,4800
sorgo,2006,2006/2007,San Luis,74,Libertador General San Martín,74063,80,0,0,0
sorgo,2006,2006/2007,Santa Fe,82,9 de Julio,82077,20000,18900,85050,4500
sorgo,2006,2006/2007,Santa Fe,82,Belgrano,82007,2000,1700,11050,6500
sorgo,2006,2006/2007,Santa Fe,82,Caseros,82014,700,700,5250,7500
sorgo,2006,2006/2007,Santa Fe,82,Castellanos,82021,18000,13000,74100,5700
sorgo,2006,2006/2007,Santa Fe,82,Garay,82035,500,500,2500,5000
sorgo,2006,2006/2007,Santa Fe,82,General López,82042,800,800,6000,7500
sorgo,2006,2006/2007,Santa Fe,82,General Obligado,82049,15000,13500,40500,3000
sorgo,2006,2006/2007,Santa Fe,82,Iriondo,82056,1500,1500,9750,6500
sorgo,2006,2006/2007,Santa Fe,82,La Capital,82063,5000,3500,19250,5500
sorgo,2006,2006/2007,Santa Fe,82,Las Colonias,82070,15000,10500,66150,6300
sorgo,2006,2006/2007,Santa Fe,82,Rosario,82084,1950,1950,11700,6000
sorgo,2006,2006/2007,Santa Fe,82,San Cristóbal,82091,25000,18000,81000,4500
sorgo,2006,2006/2007,Santa Fe,82,San Javier,82098,4000,3300,11600,3515
sorgo,2006,2006/2007,Santa Fe,82,San Jerónimo,82105,5500,5000,32500,6500
sorgo,2006,2006/2007,Santa Fe,82,San Justo,82112,19000,17000,93500,5500
sorgo,2006,2006/2007,Santa Fe,82,San Lorenzo,82119,900,600,3900,6500
sorgo,2006,2006/2007,Santa Fe,82,San Martín,82126,19500,18900,122850,6500
sorgo,2006,2006/2007,Santa Fe,82,Vera,82133,15000,13700,48000,3504
sorgo,2006,2006/2007,Santa Fe,82,Villa Constitución,82028,2000,2000,12000,6000
sorgo,2006,2006/2007,Santiago del Estero,86,Aguirre,86007,4500,3600,9360,2600
sorgo,2006,2006/2007,Santiago del Estero,86,Alberdi,86014,5000,5000,20000,4000
sorgo,2006,2006/2007,Santiago del Estero,86,Belgrano,86042,10000,8500,25500,3000
sorgo,2006,2006/2007,Santiago del Estero,86,Choya,86063,3500,3500,12250,3500
sorgo,2006,2006/2007,Santiago del Estero,86,Copo,86056,5500,5500,16500,3000
sorgo,2006,2006/2007,Santiago del Estero,86,General Taboada,86077,13000,10000,30000,3000
sorgo,2006,2006/2007,Santiago del Estero,86,Guasayán,86084,3000,3000,10500,3500
sorgo,2006,2006/2007,Santiago del Estero,86,Jiménez,86091,6000,3000,15000,5000
sorgo,2006,2006/2007,Santiago del Estero,86,Juan F. Ibarra,86098,10000,10000,40000,4000
sorgo,2006,2006/2007,Santiago del Estero,86,Moreno,86119,18000,15000,45000,3000
sorgo,2006,2006/2007,Santiago del Estero,86,Rivadavia,86154,6500,3000,8400,2800
sorgo,2006,2006/2007,Tucumán,90,Cruz Alta,90014,500,500,2250,4500
sorgo,2006,2006/2007,Tucumán,90,Leales,90056,300,300,1320,4400
sorgo,2006,2006/2007,Tucumán,90,Simoca,90091,80,80,340,4250
sorgo,2006,2006/2007,Tucumán,90,Trancas,90112,220,220,1010,4591
sorgo,2007,2007/2008,Buenos Aires,06,25 de Mayo,06854,350,350,1230,3514
sorgo,2007,2007/2008,Buenos Aires,06,9 de Julio,06588,800,600,3840,6400
sorgo,2007,2007/2008,Buenos Aires,06,Adolfo Alsina,06007,3500,2700,11610,4300
sorgo,2007,2007/2008,Buenos Aires,06,Arrecifes,06077,1250,1250,8250,6600
sorgo,2007,2007/2008,Buenos Aires,06,Bahía Blanca,06056,600,200,300,1500
sorgo,2007,2007/2008,Buenos Aires,06,Baradero,06070,550,550,3030,5509
sorgo,2007,2007/2008,Buenos Aires,06,Bolívar,06105,600,200,900,4500
sorgo,2007,2007/2008,Buenos Aires,06,Campana,06126,200,200,1180,5900
sorgo,2007,2007/2008,Buenos Aires,06,Capitán Sarmiento,06140,600,600,4020,6700
sorgo,2007,2007/2008,Buenos Aires,06,Carlos Casares,06147,300,300,1650,5500
sorgo,2007,2007/2008,Buenos Aires,06,Carlos Tejedor,06154,200,200,1000,5000
sorgo,2007,2007/2008,Buenos Aires,06,Carmen de Areco,06161,400,400,2480,6200
sorgo,2007,2007/2008,Buenos Aires,06,Chacabuco,06210,200,200,1200,6000
sorgo,2007,2007/2008,Buenos Aires,06,Colón,06175,500,500,3750,7500
sorgo,2007,2007/2008,Buenos Aires,06,Coronel de Marina Leonardo Rosales,06182,1100,300,560,1867
sorgo,2007,2007/2008,Buenos Aires,06,Coronel Suárez,06203,3000,1000,3500,3500
sorgo,2007,2007/2008,Buenos Aires,06,Daireaux,06231,1000,400,1800,4500
sorgo,2007,2007/2008,Buenos Aires,06,Exaltación de la Cruz,06266,200,200,1400,7000
sorgo,2007,2007/2008,Buenos Aires,06,Florentino Ameghino,06277,150,150,900,6000
sorgo,2007,2007/2008,Buenos Aires,06,General Alvear,06287,200,100,500,5000
sorgo,2007,2007/2008,Buenos Aires,06,General Arenales,06294,300,300,1800,6000
sorgo,2007,2007/2008,Buenos Aires,06,General Belgrano,06301,650,650,2280,3508
sorgo,2007,2007/2008,Buenos Aires,06,General La Madrid,06322,1500,500,1750,3500
sorgo,2007,2007/2008,Buenos Aires,06,General Pinto,06351,150,150,1010,6733
sorgo,2007,2007/2008,Buenos Aires,06,General Viamonte,06385,250,250,1500,6000
sorgo,2007,2007/2008,Buenos Aires,06,General Villegas,06392,1225,1225,7960,6498
sorgo,2007,2007/2008,Buenos Aires,06,Guaminí,06399,2600,2100,9240,4400
sorgo,2007,2007/2008,Buenos Aires,06,Hipólito Yrigoyen,06406,500,200,1000,5000
sorgo,2007,2007/2008,Buenos Aires,06,Junín,06413,400,400,2600,6500
sorgo,2007,2007/2008,Buenos Aires,06,Las Flores,06455,700,700,2450,3500
sorgo,2007,2007/2008,Buenos Aires,06,Leandro N. Alem,06462,100,100,630,6300
sorgo,2007,2007/2008,Buenos Aires,06,Lincoln,06469,600,600,3900,6500
sorgo,2007,2007/2008,Buenos Aires,06,Lobos,06483,500,500,1750,3500
sorgo,2007,2007/2008,Buenos Aires,06,Mercedes,06532,750,50,310,6200
sorgo,2007,2007/2008,Buenos Aires,06,Monte,06547,300,300,1050,3500
sorgo,2007,2007/2008,Buenos Aires,06,Navarro,06574,500,500,1950,3900
sorgo,2007,2007/2008,Buenos Aires,06,Olavarría,06595,200,100,300,3000
sorgo,2007,2007/2008,Buenos Aires,06,Patagones,06602,200,0,0,0
sorgo,2007,2007/2008,Buenos Aires,06,Pehuajó,06609,200,200,1060,5300
sorgo,2007,2007/2008,Buenos Aires,06,Pellegrini,06616,800,600,2580,4300
sorgo,2007,2007/2008,Buenos Aires,06,Pergamino,06623,1150,1150,8630,7504
sorgo,2007,2007/2008,Buenos Aires,06,Puán,06651,9000,2000,5000,2500
sorgo,2007,2007/2008,Buenos Aires,06,Ramallo,06665,500,500,3050,6100
sorgo,2007,2007/2008,Buenos Aires,06,Rivadavia,06679,500,500,2500,5000
sorgo,2007,2007/2008,Buenos Aires,06,Rojas,06686,300,300,2400,8000
sorgo,2007,2007/2008,Buenos Aires,06,Roque Pérez,06693,450,450,1670,3711
sorgo,2007,2007/2008,Buenos Aires,06,Saavedra,06700,8000,2000,7000,3500
sorgo,2007,2007/2008,Buenos Aires,06,Saladillo,06707,250,250,900,3600
sorgo,2007,2007/2008,Buenos Aires,06,Salliqueló,06721,600,500,2150,4300
sorgo,2007,2007/2008,Buenos Aires,06,Salto,06714,750,750,5480,7307
sorgo,2007,2007/2008,Buenos Aires,06,San Antonio de Areco,06735,800,800,5600,7000
sorgo,2007,2007/2008,Buenos Aires,06,San Nicolás,06763,550,550,3250,5909
sorgo,2007,2007/2008,Buenos Aires,06,San Pedro,06770,600,600,3600,6000
sorgo,2007,2007/2008,Buenos Aires,06,Suipacha,06784,550,50,310,6200
sorgo,2007,2007/2008,Buenos Aires,06,Tornquist,06819,8500,1500,4500,3000
sorgo,2007,2007/2008,Buenos Aires,06,Trenque Lauquen,06826,500,500,2250,4500
sorgo,2007,2007/2008,Buenos Aires,06,Tres Lomas,06847,500,350,1510,4314
sorgo,2007,2007/2008,Buenos Aires,06,Villarino,06875,500,100,210,2100
sorgo,2007,2007/2008,Buenos Aires,06,Zárate,06882,300,300,1860,6200
sorgo,2007,2007/2008,Chaco,22,1° de Mayo,22126,2500,2500,8750,3500
sorgo,2007,2007/2008,Chaco,22,12 de Octubre,22036,12000,12000,42000,3500
sorgo,2007,2007/2008,Chaco,22,2 de Abril,22039,9000,9000,36000,4000
sorgo,2007,2007/2008,Chaco,22,25 de Mayo,22168,2000,2000,7000,3500
sorgo,2007,2007/2008,Chaco,22,9 de Julio,22105,4000,4000,16000,4000
sorgo,2007,2007/2008,Chaco,22,Almirante Brown,22007,15000,15000,67500,4500
sorgo,2007,2007/2008,Chaco,22,Bermejo,22014,2000,2000,7000,3500
sorgo,2007,2007/2008,Chaco,22,Chacabuco,22028,7000,7000,28000,4000
sorgo,2007,2007/2008,Chaco,22,Comandante Fernández,22021,6000,6000,21000,3500
sorgo,2007,2007/2008,Chaco,22,Fray Justo Santa María de Oro,22043,7000,7000,26600,3800
sorgo,2007,2007/2008,Chaco,22,General Belgrano,22049,7000,7000,25900,3700
sorgo,2007,2007/2008,Chaco,22,General Donovan,22056,1000,1000,3500,3500
sorgo,2007,2007/2008,Chaco,22,General Güemes,22063,6000,6000,24000,4000
sorgo,2007,2007/2008,Chaco,22,Independencia,22070,8000,8000,30400,3800
sorgo,2007,2007/2008,Chaco,22,Libertad,22077,500,500,1750,3500
sorgo,2007,2007/2008,Chaco,22,Libertador General San Martín,22084,5000,5000,21500,4300
sorgo,2007,2007/2008,Chaco,22,Maipú,22091,5000,5000,19000,3800
sorgo,2007,2007/2008,Chaco,22,Mayor Luis J. Fontana,22098,5500,5500,19250,3500
sorgo,2007,2007/2008,Chaco,22,O'Higgins,22112,3000,3000,10500,3500
sorgo,2007,2007/2008,Chaco,22,Presidencia de la Plaza,22119,2500,2500,7500,3000
sorgo,2007,2007/2008,Chaco,22,Quitilipi,22133,4000,4000,14000,3500
sorgo,2007,2007/2008,Chaco,22,San Fernando,22140,3000,3000,10500,3500
sorgo,2007,2007/2008,Chaco,22,San Lorenzo,22147,1500,1500,4800,3200
sorgo,2007,2007/2008,Chaco,22,Sargento Cabral,22154,1200,1200,4800,4000
sorgo,2007,2007/2008,Chaco,22,Tapenagá,22161,2000,2000,6000,3000
sorgo,2007,2007/2008,Córdoba,14,Calamuchita,14007,2300,2300,14950,6500
sorgo,2007,2007/2008,Córdoba,14,Capital,14014,300,300,1800,6000
sorgo,2007,2007/2008,Córdoba,14,Colón,14021,1000,1000,4800,4800
sorgo,2007,2007/2008,Córdoba,14,General Roca,14035,3000,2900,17400,6000
sorgo,2007,2007/2008,Córdoba,14,General San Martín,14042,6000,6000,36000,6000
sorgo,2007,2007/2008,Córdoba,14,Juárez Celman,14056,13000,13000,84500,6500
sorgo,2007,2007/2008,Córdoba,14,Marcos Juárez,14063,3500,3200,19520,6100
sorgo,2007,2007/2008,Córdoba,14,Presidente Roque Sáenz Peña,14084,500,300,1800,6000
sorgo,2007,2007/2008,Córdoba,14,Río Cuarto,14098,17000,17000,110500,6500
sorgo,2007,2007/2008,Córdoba,14,Río Primero,14105,12000,7000,34300,4900
sorgo,2007,2007/2008,Córdoba,14,Río Seco,14112,1000,0,0,0
sorgo,2007,2007/2008,Córdoba,14,Río Segundo,14119,15000,15000,82500,5500
sorgo,2007,2007/2008,Córdoba,14,San Justo,14140,41000,29500,126850,4300
sorgo,2007,2007/2008,Córdoba,14,Santa María,14147,2690,2490,14940,6000
sorgo,2007,2007/2008,Córdoba,14,Tercero Arriba,14161,17800,17800,97900,5500
sorgo,2007,2007/2008,Córdoba,14,Tulumba,14175,2000,1700,7650,4500
sorgo,2007,2007/2008,Córdoba,14,Unión,14182,4500,3500,19600,5600
sorgo,2007,2007/2008,Corrientes,18,Bella Vista,18007,500,300,540,1800
sorgo,2007,2007/2008,Corrientes,18,Curuzu Cuatia,18035,510,378,730,1931
sorgo,2007,2007/2008,Corrientes,18,Empedrado,18042,190,165,230,1394
sorgo,2007,2007/2008,Corrientes,18,Esquina,18049,350,315,470,1492
sorgo,2007,2007/2008,Corrientes,18,General Alvear,18056,90,78,98,1256
sorgo,2007,2007/2008,Corrientes,18,Goya,18070,75,62,77,1242
sorgo,2007,2007/2008,Corrientes,18,Ituzaingó,18084,480,435,855,1966
sorgo,2007,2007/2008,Corrientes,18,Lavalle,18091,40,37,50,1351
sorgo,2007,2007/2008,Corrientes,18,Mercedes,18105,340,320,1205,3766
sorgo,2007,2007/2008,Corrientes,18,Monte Caseros,18112,220,195,328,1682
sorgo,2007,2007/2008,Corrientes,18,San Martín,18147,250,250,1000,4000
sorgo,2007,2007/2008,Corrientes,18,Santo Tomé,18168,670,565,1390,2460
sorgo,2007,2007/2008,Corrientes,18,Sauce,18175,1600,1385,1835,1325
sorgo,2007,2007/2008,Entre Ríos,30,Colón,30008,4000,3700,17760,4800
sorgo,2007,2007/2008,Entre Ríos,30,Concordia,30015,8780,8500,49300,5800
sorgo,2007,2007/2008,Entre Ríos,30,Diamante,30021,5130,5000,34000,6800
sorgo,2007,2007/2008,Entre Ríos,30,Federación,30028,4740,4500,25200,5600
sorgo,2007,2007/2008,Entre Ríos,30,Federal,30035,7250,7000,43400,6200
sorgo,2007,2007/2008,Entre Ríos,30,Feliciano,30042,4200,4000,25600,6400
sorgo,2007,2007/2008,Entre Ríos,30,Gualeguay,30049,3000,2500,13750,5500
sorgo,2007,2007/2008,Entre Ríos,30,Gualeguaychú,30056,7500,6700,32160,4800
sorgo,2007,2007/2008,Entre Ríos,30,La Paz,30070,10890,10500,67200,6400
sorgo,2007,2007/2008,Entre Ríos,30,Nogoyá,30077,10000,8650,44980,5200
sorgo,2007,2007/2008,Entre Ríos,30,Paraná,30084,10510,10000,68000,6800
sorgo,2007,2007/2008,Entre Ríos,30,San Salvador,30088,5500,5200,26000,5000
sorgo,2007,2007/2008,Entre Ríos,30,Tala,30091,5500,5000,25000,5000
sorgo,2007,2007/2008,Entre Ríos,30,Uruguay,30098,7500,6800,35360,5200
sorgo,2007,2007/2008,Entre Ríos,30,Victoria,30105,3000,2750,15130,5502
sorgo,2007,2007/2008,Entre Ríos,30,Villaguay,30113,16000,14700,70560,4800
sorgo,2007,2007/2008,Formosa,34,sin definir,34000,2140,2140,8760,4093
sorgo,2007,2007/2008,La Pampa,42,Atreucó,42007,4800,3800,12160,3200
sorgo,2007,2007/2008,La Pampa,42,Capital,42021,2700,2000,6400,3200
sorgo,2007,2007/2008,La Pampa,42,Catriló,42028,6500,5800,19140,3300
sorgo,2007,2007/2008,La Pampa,42,Chapaleufú,42056,1000,700,4200,6000
sorgo,2007,2007/2008,La Pampa,42,Conhelo,42035,4500,1300,5200,4000
sorgo,2007,2007/2008,La Pampa,42,Guatraché,42070,2700,2200,6820,3100
sorgo,2007,2007/2008,La Pampa,42,Loventué,42098,1000,0,0,0
sorgo,2007,2007/2008,La Pampa,42,Maracó,42105,3000,2100,10500,5000
sorgo,2007,2007/2008,La Pampa,42,Quemú Quemú,42119,2000,1200,5400,4500
sorgo,2007,2007/2008,La Pampa,42,Rancul,42126,5000,2500,10000,4000
sorgo,2007,2007/2008,La Pampa,42,Realicó,42133,4000,2000,8000,4000
sorgo,2007,2007/2008,La Pampa,42,Toay,42140,3100,1600,5280,3300
sorgo,2007,2007/2008,La Pampa,42,Trenel,42147,1500,600,2100,3500
sorgo,2007,2007/2008,La Pampa,42,Utracán,42154,200,100,300,3000
sorgo,2007,2007/2008,San Luis,74,Ayacucho,74007,1800,1150,5180,4504
sorgo,2007,2007/2008,San Luis,74,Belgrano,74014,200,50,130,2600
sorgo,2007,2007/2008,San Luis,74,Chacabuco,74028,4500,2700,10800,4000
sorgo,2007,2007/2008,San Luis,74,Coronel Pringles,74021,3500,2400,9600,4000
sorgo,2007,2007/2008,San Luis,74,General Pedernera,74035,14000,11200,39200,3500
sorgo,2007,2007/2008,San Luis,74,Gobernador Dupuy,74042,12000,10100,29290,2900
sorgo,2007,2007/2008,San Luis,74,Juan Martín de Pueyrredón,74056,4000,3100,12400,4000
sorgo,2007,2007/2008,San Luis,74,Junín,74049,250,50,140,2800
sorgo,2007,2007/2008,San Luis,74,Libertador General San Martín,74063,200,50,90,1800
sorgo,2007,2007/2008,Santa Fe,82,9 de Julio,82077,23000,3000,11400,3800
sorgo,2007,2007/2008,Santa Fe,82,Belgrano,82007,2500,2500,18750,7500
sorgo,2007,2007/2008,Santa Fe,82,Caseros,82014,700,700,5250,7500
sorgo,2007,2007/2008,Santa Fe,82,Castellanos,82021,20000,14000,79800,5700
sorgo,2007,2007/2008,Santa Fe,82,Garay,82035,500,400,1600,4000
sorgo,2007,2007/2008,Santa Fe,82,General López,82042,900,900,4950,5500
sorgo,2007,2007/2008,Santa Fe,82,General Obligado,82049,15000,1000,2100,2100
sorgo,2007,2007/2008,Santa Fe,82,Iriondo,82056,1500,1500,11250,7500
sorgo,2007,2007/2008,Santa Fe,82,La Capital,82063,5500,4100,17220,4200
sorgo,2007,2007/2008,Santa Fe,82,Las Colonias,82070,17000,12000,66000,5500
sorgo,2007,2007/2008,Santa Fe,82,Rosario,82084,1800,1800,12600,7000
sorgo,2007,2007/2008,Santa Fe,82,San Cristóbal,82091,25000,17500,73500,4200
sorgo,2007,2007/2008,Santa Fe,82,San Javier,82098,5000,1500,3150,2100
sorgo,2007,2007/2008,Santa Fe,82,San Jerónimo,82105,5500,5500,38500,7000
sorgo,2007,2007/2008,Santa Fe,82,San Justo,82112,20000,17000,68000,4000
sorgo,2007,2007/2008,Santa Fe,82,San Lorenzo,82119,900,900,6300,7000
sorgo,2007,2007/2008,Santa Fe,82,San Martín,82126,19000,19000,136800,7200
sorgo,2007,2007/2008,Santa Fe,82,Vera,82133,18000,3000,6000,2000
sorgo,2007,2007/2008,Santa Fe,82,Villa Constitución,82028,2200,2200,14300,6500
sorgo,2007,2007/2008,Santiago del Estero,86,Aguirre,86007,5000,1800,5040,2800
sorgo,2007,2007/2008,Santiago del Estero,86,Alberdi,86014,7450,7450,37250,5000
sorgo,2007,2007/2008,Santiago del Estero,86,Belgrano,86042,11000,5500,20350,3700
sorgo,2007,2007/2008,Santiago del Estero,86,Choya,86063,3500,1500,5250,3500
sorgo,2007,2007/2008,Santiago del Estero,86,Copo,86056,5500,5500,22000,4000
sorgo,2007,2007/2008,Santiago del Estero,86,General Taboada,86077,15000,9500,30400,3200
sorgo,2007,2007/2008,Santiago del Estero,86,Guasayán,86084,3100,1600,5600,3500
sorgo,2007,2007/2008,Santiago del Estero,86,Jiménez,86091,6000,4900,26950,5500
sorgo,2007,2007/2008,Santiago del Estero,86,Juan F. Ibarra,86098,11000,9000,25200,2800
sorgo,2007,2007/2008,Santiago del Estero,86,Moreno,86119,17000,13000,52000,4000
sorgo,2007,2007/2008,Santiago del Estero,86,Rivadavia,86154,8000,4000,14800,3700
sorgo,2007,2007/2008,Tucumán,90,Burruyacú,90007,300,300,1260,4200
sorgo,2007,2007/2008,Tucumán,90,Cruz Alta,90014,600,600,2460,4100
sorgo,2007,2007/2008,Tucumán,90,Leales,90056,400,400,1600,4000
sorgo,2007,2007/2008,Tucumán,90,Simoca,90091,120,120,480,4000
sorgo,2007,2007/2008,Tucumán,90,Trancas,90112,250,250,1030,4120
sorgo,2008,2008/2009,Buenos Aires,06,25 de Mayo,06854,200,0,0,0
sorgo,2008,2008/2009,Buenos Aires,06,9 de Julio,06588,600,300,750,2500
sorgo,2008,2008/2009,Buenos Aires,06,Adolfo Alsina,06007,8500,8000,28900,3613
sorgo,2008,2008/2009,Buenos Aires,06,Arrecifes,06077,1300,1300,5460,4200
sorgo,2008,2008/2009,Buenos Aires,06,Bahía Blanca,06056,150,0,0,0
sorgo,2008,2008/2009,Buenos Aires,06,Baradero,06070,550,550,2200,4000
sorgo,2008,2008/2009,Buenos Aires,06,Bolívar,06105,400,50,200,4000
sorgo,2008,2008/2009,Buenos Aires,06,Campana,06126,250,250,1000,4000
sorgo,2008,2008/2009,Buenos Aires,06,Capitán Sarmiento,06140,700,700,2800,4000
sorgo,2008,2008/2009,Buenos Aires,06,Carlos Casares,06147,7000,4500,15980,3551
sorgo,2008,2008/2009,Buenos Aires,06,Carlos Tejedor,06154,8000,5000,17750,3550
sorgo,2008,2008/2009,Buenos Aires,06,Carmen de Areco,06161,400,400,1600,4000
sorgo,2008,2008/2009,Buenos Aires,06,Chacabuco,06210,200,200,760,3800
sorgo,2008,2008/2009,Buenos Aires,06,Colón,06175,750,750,4430,5907
sorgo,2008,2008/2009,Buenos Aires,06,Coronel de Marina Leonardo Rosales,06182,250,0,0,0
sorgo,2008,2008/2009,Buenos Aires,06,Coronel Suárez,06203,3600,100,150,1500
sorgo,2008,2008/2009,Buenos Aires,06,Daireaux,06231,600,100,400,4000
sorgo,2008,2008/2009,Buenos Aires,06,Exaltación de la Cruz,06266,350,350,1440,4114
sorgo,2008,2008/2009,Buenos Aires,06,Florentino Ameghino,06277,200,200,700,3500
sorgo,2008,2008/2009,Buenos Aires,06,General Alvear,06287,100,0,0,0
sorgo,2008,2008/2009,Buenos Aires,06,General Arenales,06294,300,300,1440,4800
sorgo,2008,2008/2009,Buenos Aires,06,General Belgrano,06301,500,0,0,0
sorgo,2008,2008/2009,Buenos Aires,06,General La Madrid,06322,1800,0,0,0
sorgo,2008,2008/2009,Buenos Aires,06,General Pinto,06351,230,230,920,4000
sorgo,2008,2008/2009,Buenos Aires,06,General Viamonte,06385,350,350,1470,4200
sorgo,2008,2008/2009,Buenos Aires,06,General Villegas,06392,1150,1150,4890,4252
sorgo,2008,2008/2009,Buenos Aires,06,Guaminí,06399,5000,4400,16720,3800
sorgo,2008,2008/2009,Buenos Aires,06,Hipólito Yrigoyen,06406,300,50,210,4200
sorgo,2008,2008/2009,Buenos Aires,06,Junín,06413,400,400,1680,4200
sorgo,2008,2008/2009,Buenos Aires,06,Las Flores,06455,400,0,0,0
sorgo,2008,2008/2009,Buenos Aires,06,Leandro N. Alem,06462,170,170,700,4118
sorgo,2008,2008/2009,Buenos Aires,06,Lincoln,06469,700,700,2800,4000
sorgo,2008,2008/2009,Buenos Aires,06,Lobos,06483,450,0,0,0
sorgo,2008,2008/2009,Buenos Aires,06,Mercedes,06532,700,0,0,0
sorgo,2008,2008/2009,Buenos Aires,06,Monte,06547,200,0,0,0
sorgo,2008,2008/2009,Buenos Aires,06,Navarro,06574,350,0,0,0
sorgo,2008,2008/2009,Buenos Aires,06,Olavarría,06595,200,100,300,3000
sorgo,2008,2008/2009,Buenos Aires,06,Pehuajó,06609,9000,5500,20570,3740
sorgo,2008,2008/2009,Buenos Aires,06,Pellegrini,06616,1200,1000,4000,4000
sorgo,2008,2008/2009,Buenos Aires,06,Pergamino,06623,1500,1500,8180,5453
sorgo,2008,2008/2009,Buenos Aires,06,Puán,06651,7000,200,200,1000
sorgo,2008,2008/2009,Buenos Aires,06,Ramallo,06665,500,500,2100,4200
sorgo,2008,2008/2009,Buenos Aires,06,Rivadavia,06679,12000,7000,27300,3900
sorgo,2008,2008/2009,Buenos Aires,06,Rojas,06686,300,300,1400,4667
sorgo,2008,2008/2009,Buenos Aires,06,Roque Pérez,06693,300,0,0,0
sorgo,2008,2008/2009,Buenos Aires,06,Saavedra,06700,7000,200,210,1050
sorgo,2008,2008/2009,Buenos Aires,06,Saladillo,06707,250,0,0,0
sorgo,2008,2008/2009,Buenos Aires,06,Salliqueló,06721,1100,800,2870,3588
sorgo,2008,2008/2009,Buenos Aires,06,Salto,06714,850,850,4510,5306
sorgo,2008,2008/2009,Buenos Aires,06,San Antonio de Areco,06735,900,900,4050,4500
sorgo,2008,2008/2009,Buenos Aires,06,San Nicolás,06763,600,600,2400,4000
sorgo,2008,2008/2009,Buenos Aires,06,San Pedro,06770,700,700,2800,4000
sorgo,2008,2008/2009,Buenos Aires,06,Suipacha,06784,500,0,0,0
sorgo,2008,2008/2009,Buenos Aires,06,Tornquist,06819,6000,200,210,1050
sorgo,2008,2008/2009,Buenos Aires,06,Trenque Lauquen,06826,11000,6500,27950,4300
sorgo,2008,2008/2009,Buenos Aires,06,Tres Lomas,06847,1200,800,3010,3763
sorgo,2008,2008/2009,Buenos Aires,06,Zárate,06882,400,400,1640,4100
sorgo,2008,2008/2009,Chaco,22,1° de Mayo,22126,1800,1200,2400,2000
sorgo,2008,2008/2009,Chaco,22,12 de Octubre,22036,10000,4000,8000,2000
sorgo,2008,2008/2009,Chaco,22,2 de Abril,22039,6000,2500,3750,1500
sorgo,2008,2008/2009,Chaco,22,25 de Mayo,22168,2500,1300,2600,2000
sorgo,2008,2008/2009,Chaco,22,9 de Julio,22105,5200,3400,6120,1800
sorgo,2008,2008/2009,Chaco,22,Almirante Brown,22007,9000,9000,31500,3500
sorgo,2008,2008/2009,Chaco,22,Bermejo,22014,2300,2300,5060,2200
sorgo,2008,2008/2009,Chaco,22,Chacabuco,22028,9000,4500,13500,3000
sorgo,2008,2008/2009,Chaco,22,Comandante Fernández,22021,4000,2200,4400,2000
sorgo,2008,2008/2009,Chaco,22,Fray Justo Santa María de Oro,22043,4000,2000,3200,1600
sorgo,2008,2008/2009,Chaco,22,General Belgrano,22049,3200,1800,3600,2000
sorgo,2008,2008/2009,Chaco,22,General Donovan,22056,1800,1300,2730,2100
sorgo,2008,2008/2009,Chaco,22,General Güemes,22063,4000,2500,4500,1800
sorgo,2008,2008/2009,Chaco,22,Independencia,22070,4000,2000,4200,2100
sorgo,2008,2008/2009,Chaco,22,Libertad,22077,700,500,1000,2000
sorgo,2008,2008/2009,Chaco,22,Libertador General San Martín,22084,6500,5000,10000,2000
sorgo,2008,2008/2009,Chaco,22,Maipú,22091,4000,2500,5000,2000
sorgo,2008,2008/2009,Chaco,22,Mayor Luis J. Fontana,22098,5000,3000,4500,1500
sorgo,2008,2008/2009,Chaco,22,O'Higgins,22112,3000,1700,3570,2100
sorgo,2008,2008/2009,Chaco,22,Presidencia de la Plaza,22119,2100,1200,2400,2000
sorgo,2008,2008/2009,Chaco,22,Quitilipi,22133,4000,2500,5000,2000
sorgo,2008,2008/2009,Chaco,22,San Fernando,22140,3000,3000,6300,2100
sorgo,2008,2008/2009,Chaco,22,San Lorenzo,22147,2500,1300,2600,2000
sorgo,2008,2008/2009,Chaco,22,Sargento Cabral,22154,2000,1500,3150,2100
sorgo,2008,2008/2009,Chaco,22,Tapenagá,22161,1800,1300,2600,2000
sorgo,2008,2008/2009,Córdoba,14,Calamuchita,14007,2000,2000,12550,6275
sorgo,2008,2008/2009,Córdoba,14,Capital,14014,300,300,1800,6000
sorgo,2008,2008/2009,Córdoba,14,Colón,14021,1000,1000,4000,4000
sorgo,2008,2008/2009,Córdoba,14,General Roca,14035,3000,2000,12000,6000
sorgo,2008,2008/2009,Córdoba,14,General San Martín,14042,13000,13000,91000,7000
sorgo,2008,2008/2009,Córdoba,14,Juárez Celman,14056,13000,13000,83200,6400
sorgo,2008,2008/2009,Córdoba,14,Marcos Juárez,14063,3500,3150,17960,5702
sorgo,2008,2008/2009,Córdoba,14,Presidente Roque Sáenz Peña,14084,1200,500,3150,6300
sorgo,2008,2008/2009,Córdoba,14,Río Cuarto,14098,17000,17000,104550,6150
sorgo,2008,2008/2009,Córdoba,14,Río Primero,14105,12000,500,2000,4000
sorgo,2008,2008/2009,Córdoba,14,Río Seco,14112,1000,1000,3100,3100
sorgo,2008,2008/2009,Córdoba,14,Río Segundo,14119,14000,14000,98000,7000
sorgo,2008,2008/2009,Córdoba,14,San Justo,14140,45000,24000,94650,3944
sorgo,2008,2008/2009,Córdoba,14,Santa María,14147,2600,2600,15600,6000
sorgo,2008,2008/2009,Córdoba,14,Tercero Arriba,14161,17000,17000,126590,7446
sorgo,2008,2008/2009,Córdoba,14,Tulumba,14175,2000,1000,3500,3500
sorgo,2008,2008/2009,Córdoba,14,Unión,14182,5500,4900,26280,5363
sorgo,2008,2008/2009,Corrientes,18,Bella Vista,18007,460,285,330,1158
sorgo,2008,2008/2009,Corrientes,18,Curuzu Cuatia,18035,550,410,550,1341
sorgo,2008,2008/2009,Corrientes,18,Empedrado,18042,180,130,160,1231
sorgo,2008,2008/2009,Corrientes,18,Esquina,18049,370,260,270,1038
sorgo,2008,2008/2009,Corrientes,18,General Alvear,18056,110,75,80,1067
sorgo,2008,2008/2009,Corrientes,18,Goya,18070,70,55,60,1091
sorgo,2008,2008/2009,Corrientes,18,Ituzaingó,18084,520,360,490,1361
sorgo,2008,2008/2009,Corrientes,18,Lavalle,18091,50,38,40,1053
sorgo,2008,2008/2009,Corrientes,18,Mercedes,18105,400,290,550,1897
sorgo,2008,2008/2009,Corrientes,18,Monte Caseros,18112,200,155,210,1355
sorgo,2008,2008/2009,Corrientes,18,San Martín,18147,270,190,360,1895
sorgo,2008,2008/2009,Corrientes,18,Santo Tomé,18168,730,540,760,1407
sorgo,2008,2008/2009,Corrientes,18,Sauce,18175,980,645,740,1147
sorgo,2008,2008/2009,Entre Ríos,30,Colón,30008,3500,2500,6750,2700
sorgo,2008,2008/2009,Entre Ríos,30,Concordia,30015,5060,3300,11550,3500
sorgo,2008,2008/2009,Entre Ríos,30,Diamante,30021,5800,5200,19240,3700
sorgo,2008,2008/2009,Entre Ríos,30,Federación,30028,2640,1300,4550,3500
sorgo,2008,2008/2009,Entre Ríos,30,Federal,30035,4320,2600,8920,3431
sorgo,2008,2008/2009,Entre Ríos,30,Feliciano,30042,3370,2200,8800,4000
sorgo,2008,2008/2009,Entre Ríos,30,Gualeguay,30049,4500,3000,12600,4200
sorgo,2008,2008/2009,Entre Ríos,30,Gualeguaychú,30056,7000,5500,22000,4000
sorgo,2008,2008/2009,Entre Ríos,30,La Paz,30070,11800,9200,30360,3300
sorgo,2008,2008/2009,Entre Ríos,30,Nogoyá,30077,8500,6700,25420,3794
sorgo,2008,2008/2009,Entre Ríos,30,Paraná,30084,15810,12500,40000,3200
sorgo,2008,2008/2009,Entre Ríos,30,San Salvador,30088,5000,3200,9600,3000
sorgo,2008,2008/2009,Entre Ríos,30,Tala,30091,4500,3250,11380,3502
sorgo,2008,2008/2009,Entre Ríos,30,Uruguay,30098,7500,5500,20900,3800
sorgo,2008,2008/2009,Entre Ríos,30,Victoria,30105,3500,2850,11400,4000
sorgo,2008,2008/2009,Entre Ríos,30,Villaguay,30113,11000,9500,33250,3500
sorgo,2008,2008/2009,Formosa,34,sin definir,34000,1480,1480,3700,2500
sorgo,2008,2008/2009,La Pampa,42,Atreucó,42007,10000,3000,5400,1800
sorgo,2008,2008/2009,La Pampa,42,Capital,42021,5000,1500,2850,1900
sorgo,2008,2008/2009,La Pampa,42,Catriló,42028,11500,7500,15000,2000
sorgo,2008,2008/2009,La Pampa,42,Chapaleufú,42056,1100,700,2130,3043
sorgo,2008,2008/2009,La Pampa,42,Conhelo,42035,5900,0,0,0
sorgo,2008,2008/2009,La Pampa,42,Guatraché,42070,6000,1000,1200,1200
sorgo,2008,2008/2009,La Pampa,42,Maracó,42105,3300,1600,4800,3000
sorgo,2008,2008/2009,La Pampa,42,Quemú Quemú,42119,2200,1100,1760,1600
sorgo,2008,2008/2009,La Pampa,42,Rancul,42126,6500,600,900,1500
sorgo,2008,2008/2009,La Pampa,42,Realicó,42133,4800,500,1000,2000
sorgo,2008,2008/2009,La Pampa,42,Toay,42140,5000,1000,1300,1300
sorgo,2008,2008/2009,La Pampa,42,Trenel,42147,3000,300,450,1500
sorgo,2008,2008/2009,La Pampa,42,Utracán,42154,2500,1000,1250,1250
sorgo,2008,2008/2009,San Luis,74,Ayacucho,74007,400,350,2180,6229
sorgo,2008,2008/2009,San Luis,74,Belgrano,74014,50,0,0,0
sorgo,2008,2008/2009,San Luis,74,Chacabuco,74028,2500,500,1920,3840
sorgo,2008,2008/2009,San Luis,74,Coronel Pringles,74021,3000,1000,4550,4550
sorgo,2008,2008/2009,San Luis,74,General Pedernera,74035,8000,5000,19250,3850
sorgo,2008,2008/2009,San Luis,74,Gobernador Dupuy,74042,5000,1500,4500,3000
sorgo,2008,2008/2009,San Luis,74,Juan Martín de Pueyrredón,74056,2500,900,3680,4089
sorgo,2008,2008/2009,San Luis,74,Junín,74049,100,0,0,0
sorgo,2008,2008/2009,San Luis,74,Libertador General San Martín,74063,200,0,0,0
sorgo,2008,2008/2009,Santiago del Estero,86,Aguirre,86007,4500,1800,1260,700
sorgo,2008,2008/2009,Santiago del Estero,86,Alberdi,86014,6300,3500,6300,1800
sorgo,2008,2008/2009,Santiago del Estero,86,Belgrano,86042,13000,3800,3040,800
sorgo,2008,2008/2009,Santiago del Estero,86,Choya,86063,3000,1000,900,900
sorgo,2008,2008/2009,Santiago del Estero,86,Copo,86056,4000,2500,3750,1500
sorgo,2008,2008/2009,Santiago del Estero,86,General Taboada,86077,18800,2100,1680,800
sorgo,2008,2008/2009,Santiago del Estero,86,Guasayán,86084,2800,1000,1800,1800
sorgo,2008,2008/2009,Santiago del Estero,86,Jiménez,86091,10500,3000,6000,2000
sorgo,2008,2008/2009,Santiago del Estero,86,Juan F. Ibarra,86098,9500,3500,2800,800
sorgo,2008,2008/2009,Santiago del Estero,86,Mitre,86112,150,0,0,0
sorgo,2008,2008/2009,Santiago del Estero,86,Moreno,86119,16500,3800,3420,900
sorgo,2008,2008/2009,Santiago del Estero,86,Rivadavia,86154,7500,2700,2160,800
sorgo,2008,2008/2009,Tucumán,90,Burruyacú,90007,800,750,3380,4507
sorgo,2008,2008/2009,Tucumán,90,Cruz Alta,90014,750,750,3300,4400
sorgo,2008,2008/2009,Tucumán,90,La Cocha,90049,200,200,860,4300
sorgo,2008,2008/2009,Tucumán,90,Leales,90056,650,600,2730,4550
sorgo,2008,2008/2009,Tucumán,90,Simoca,90091,280,280,1250,4464
sorgo,2008,2008/2009,Tucumán,90,Trancas,90112,300,300,1440,4800
sorgo,2009,2009/2010,Buenos Aires,06,25 de Mayo,06854,500,500,1700,3400
sorgo,2009,2009/2010,Buenos Aires,06,9 de Julio,06588,3400,3060,21420,7000
sorgo,2009,2009/2010,Buenos Aires,06,Adolfo Alsina,06007,11000,11000,37400,3400
sorgo,2009,2009/2010,Buenos Aires,06,Alberti,06021,200,180,1260,7000
sorgo,2009,2009/2010,Buenos Aires,06,Arrecifes,06077,1350,1350,11340,8400
sorgo,2009,2009/2010,Buenos Aires,06,Bahía Blanca,06056,200,100,190,1900
sorgo,2009,2009/2010,Buenos Aires,06,Baradero,06070,650,650,5270,8108
sorgo,2009,2009/2010,Buenos Aires,06,Bolívar,06105,1250,200,1000,5000
sorgo,2009,2009/2010,Buenos Aires,06,Bragado,06112,100,100,700,7000
sorgo,2009,2009/2010,Buenos Aires,06,Campana,06126,200,200,1600,8000
sorgo,2009,2009/2010,Buenos Aires,06,Capitán Sarmiento,06140,750,750,6230,8307
sorgo,2009,2009/2010,Buenos Aires,06,Carlos Casares,06147,9500,2500,17500,7000
sorgo,2009,2009/2010,Buenos Aires,06,Carlos Tejedor,06154,10500,2800,19040,6800
sorgo,2009,2009/2010,Buenos Aires,06,Carmen de Areco,06161,1000,500,3000,6000
sorgo,2009,2009/2010,Buenos Aires,06,Chacabuco,06210,500,400,2200,5500
sorgo,2009,2009/2010,Buenos Aires,06,Chascomús,06217,1500,1500,5100,3400
sorgo,2009,2009/2010,Buenos Aires,06,Chivilcoy,06224,500,450,2930,6511
sorgo,2009,2009/2010,Buenos Aires,06,Colón,06175,800,800,6800,8500
sorgo,2009,2009/2010,Buenos Aires,06,Coronel de Marina Leonardo Rosales,06182,280,180,380,2111
sorgo,2009,2009/2010,Buenos Aires,06,Coronel Suárez,06203,4000,1200,2400,2000
sorgo,2009,2009/2010,Buenos Aires,06,Daireaux,06231,1500,500,2500,5000
sorgo,2009,2009/2010,Buenos Aires,06,Exaltación de la Cruz,06266,300,300,2400,8000
sorgo,2009,2009/2010,Buenos Aires,06,Florentino Ameghino,06277,200,200,1300,6500
sorgo,2009,2009/2010,Buenos Aires,06,General Alvear,06287,500,100,500,5000
sorgo,2009,2009/2010,Buenos Aires,06,General Arenales,06294,500,300,1800,6000
sorgo,2009,2009/2010,Buenos Aires,06,General Belgrano,06301,700,700,2450,3500
sorgo,2009,2009/2010,Buenos Aires,06,General La Madrid,06322,2000,800,2000,2500
sorgo,2009,2009/2010,Buenos Aires,06,General Pinto,06351,230,230,1560,6783
sorgo,2009,2009/2010,Buenos Aires,06,General Viamonte,06385,350,350,2420,6914
sorgo,2009,2009/2010,Buenos Aires,06,General Villegas,06392,1150,1150,7940,6904
sorgo,2009,2009/2010,Buenos Aires,06,Guaminí,06399,8000,8000,33600,4200
sorgo,2009,2009/2010,Buenos Aires,06,Hipólito Yrigoyen,06406,1000,340,1700,5000
sorgo,2009,2009/2010,Buenos Aires,06,Junín,06413,800,500,2900,5800
sorgo,2009,2009/2010,Buenos Aires,06,Las Flores,06455,650,650,2210,3400
sorgo,2009,2009/2010,Buenos Aires,06,Leandro N. Alem,06462,170,170,1210,7118
sorgo,2009,2009/2010,Buenos Aires,06,Lincoln,06469,700,700,4900,7000
sorgo,2009,2009/2010,Buenos Aires,06,Lobos,06483,700,700,2310,3300
sorgo,2009,2009/2010,Buenos Aires,06,Luján,06497,200,200,1200,6000
sorgo,2009,2009/2010,Buenos Aires,06,Mercedes,06532,870,570,2280,4000
sorgo,2009,2009/2010,Buenos Aires,06,Monte,06547,500,500,1650,3300
sorgo,2009,2009/2010,Buenos Aires,06,Navarro,06574,500,500,1650,3300
sorgo,2009,2009/2010,Buenos Aires,06,Olavarría,06595,1250,280,1400,5000
sorgo,2009,2009/2010,Buenos Aires,06,Pehuajó,06609,12200,3200,22720,7100
sorgo,2009,2009/2010,Buenos Aires,06,Pellegrini,06616,2000,2000,8000,4000
sorgo,2009,2009/2010,Buenos Aires,06,Pergamino,06623,1500,1500,12750,8500
sorgo,2009,2009/2010,Buenos Aires,06,Puán,06651,8000,1500,2250,1500
sorgo,2009,2009/2010,Buenos Aires,06,Ramallo,06665,550,550,4510,8200
sorgo,2009,2009/2010,Buenos Aires,06,Rivadavia,06679,18300,5900,43070,7300
sorgo,2009,2009/2010,Buenos Aires,06,Rojas,06686,600,400,2400,6000
sorgo,2009,2009/2010,Buenos Aires,06,Roque Pérez,06693,500,500,1650,3300
sorgo,2009,2009/2010,Buenos Aires,06,Saavedra,06700,7500,1500,2250,1500
sorgo,2009,2009/2010,Buenos Aires,06,Saladillo,06707,600,600,1980,3300
sorgo,2009,2009/2010,Buenos Aires,06,Salliqueló,06721,2000,2000,7800,3900
sorgo,2009,2009/2010,Buenos Aires,06,Salto,06714,800,800,6800,8500
sorgo,2009,2009/2010,Buenos Aires,06,San Andrés de Giles,06728,1000,600,3600,6000
sorgo,2009,2009/2010,Buenos Aires,06,San Antonio de Areco,06735,800,800,6640,8300
sorgo,2009,2009/2010,Buenos Aires,06,San Nicolás,06763,600,600,4800,8000
sorgo,2009,2009/2010,Buenos Aires,06,San Pedro,06770,750,750,6230,8307
sorgo,2009,2009/2010,Buenos Aires,06,Suipacha,06784,2000,1450,6530,4503
sorgo,2009,2009/2010,Buenos Aires,06,Tornquist,06819,6500,1000,1500,1500
sorgo,2009,2009/2010,Buenos Aires,06,Trenque Lauquen,06826,19100,6200,43400,7000
sorgo,2009,2009/2010,Buenos Aires,06,Tres Lomas,06847,2500,2500,10500,4200
sorgo,2009,2009/2010,Buenos Aires,06,Villarino,06875,700,100,200,2000
sorgo,2009,2009/2010,Buenos Aires,06,Zárate,06882,350,350,2800,8000
sorgo,2009,2009/2010,Chaco,22,1° de Mayo,22126,2500,1850,5740,3103
sorgo,2009,2009/2010,Chaco,22,12 de Octubre,22036,11200,10000,40000,4000
sorgo,2009,2009/2010,Chaco,22,2 de Abril,22039,6750,5400,21060,3900
sorgo,2009,2009/2010,Chaco,22,25 de Mayo,22168,3400,2450,7600,3102
sorgo,2009,2009/2010,Chaco,22,9 de Julio,22105,6600,6150,25830,4200
sorgo,2009,2009/2010,Chaco,22,Almirante Brown,22007,9200,7550,29450,3901
sorgo,2009,2009/2010,Chaco,22,Bermejo,22014,3100,2600,8320,3200
sorgo,2009,2009/2010,Chaco,22,Chacabuco,22028,9650,8700,37410,4300
sorgo,2009,2009/2010,Chaco,22,Comandante Fernández,22021,4200,3500,13300,3800
sorgo,2009,2009/2010,Chaco,22,Fray Justo Santa María de Oro,22043,5000,4350,14790,3400
sorgo,2009,2009/2010,Chaco,22,General Belgrano,22049,4500,4350,17400,4000
sorgo,2009,2009/2010,Chaco,22,General Donovan,22056,2500,1800,5760,3200
sorgo,2009,2009/2010,Chaco,22,General Güemes,22063,5000,3400,6800,2000
sorgo,2009,2009/2010,Chaco,22,Independencia,22070,4300,3650,13870,3800
sorgo,2009,2009/2010,Chaco,22,Libertad,22077,1400,700,1820,2600
sorgo,2009,2009/2010,Chaco,22,Libertador General San Martín,22084,6600,5650,19210,3400
sorgo,2009,2009/2010,Chaco,22,Maipú,22091,4750,3800,13680,3600
sorgo,2009,2009/2010,Chaco,22,Mayor Luis J. Fontana,22098,6600,5750,18400,3200
sorgo,2009,2009/2010,Chaco,22,O'Higgins,22112,4000,3350,10720,3200
sorgo,2009,2009/2010,Chaco,22,Presidencia de la Plaza,22119,2700,1750,5250,3000
sorgo,2009,2009/2010,Chaco,22,Quitilipi,22133,4150,3000,9300,3100
sorgo,2009,2009/2010,Chaco,22,San Fernando,22140,4100,2900,8700,3000
sorgo,2009,2009/2010,Chaco,22,San Lorenzo,22147,3500,2300,7590,3300
sorgo,2009,2009/2010,Chaco,22,Sargento Cabral,22154,3500,2550,7910,3102
sorgo,2009,2009/2010,Chaco,22,Tapenagá,22161,3600,2400,6960,2900
sorgo,2009,2009/2010,Córdoba,14,Calamuchita,14007,1800,1800,7200,4000
sorgo,2009,2009/2010,Córdoba,14,Capital,14014,300,300,1500,5000
sorgo,2009,2009/2010,Córdoba,14,Colón,14021,2000,2000,9600,4800
sorgo,2009,2009/2010,Córdoba,14,General Roca,14035,12000,6000,36000,6000
sorgo,2009,2009/2010,Córdoba,14,General San Martín,14042,15000,15000,90000,6000
sorgo,2009,2009/2010,Córdoba,14,Ischilín,14049,4000,2000,10000,5000
sorgo,2009,2009/2010,Córdoba,14,Juárez Celman,14056,13000,13000,65000,5000
sorgo,2009,2009/2010,Córdoba,14,Marcos Juárez,14063,3500,3100,17360,5600
sorgo,2009,2009/2010,Córdoba,14,Presidente Roque Sáenz Peña,14084,12000,8500,52700,6200
sorgo,2009,2009/2010,Córdoba,14,Río Cuarto,14098,19000,19000,98800,5200
sorgo,2009,2009/2010,Córdoba,14,Río Primero,14105,12000,6000,33000,5500
sorgo,2009,2009/2010,Córdoba,14,Río Seco,14112,3000,3000,12000,4000
sorgo,2009,2009/2010,Córdoba,14,Río Segundo,14119,17000,17000,93500,5500
sorgo,2009,2009/2010,Córdoba,14,San Justo,14140,45000,33350,150080,4500
sorgo,2009,2009/2010,Córdoba,14,Santa María,14147,2600,2600,11700,4500
sorgo,2009,2009/2010,Córdoba,14,Tercero Arriba,14161,20000,20000,100000,5000
sorgo,2009,2009/2010,Córdoba,14,Tulumba,14175,4000,4000,16000,4000
sorgo,2009,2009/2010,Córdoba,14,Unión,14182,5500,4950,25740,5200
sorgo,2009,2009/2010,Corrientes,18,Bella Vista,18007,300,300,540,1800
sorgo,2009,2009/2010,Corrientes,18,Curuzu Cuatia,18035,480,445,735,1652
sorgo,2009,2009/2010,Corrientes,18,Empedrado,18042,200,185,275,1486
sorgo,2009,2009/2010,Corrientes,18,Esquina,18049,350,320,545,1703
sorgo,2009,2009/2010,Corrientes,18,General Alvear,18056,95,90,130,1444
sorgo,2009,2009/2010,Corrientes,18,Goya,18070,65,58,85,1466
sorgo,2009,2009/2010,Corrientes,18,Ituzaingó,18084,550,520,920,1769
sorgo,2009,2009/2010,Corrientes,18,Lavalle,18091,30,22,32,1455
sorgo,2009,2009/2010,Corrientes,18,Mercedes,18105,760,730,1460,2000
sorgo,2009,2009/2010,Corrientes,18,Monte Caseros,18112,220,205,380,1854
sorgo,2009,2009/2010,Corrientes,18,San Martín,18147,180,150,375,2500
sorgo,2009,2009/2010,Corrientes,18,Santo Tomé,18168,790,740,1590,2149
sorgo,2009,2009/2010,Corrientes,18,Sauce,18175,900,830,1360,1639
sorgo,2009,2009/2010,Entre Ríos,30,Colón,30008,3000,2700,10800,4000
sorgo,2009,2009/2010,Entre Ríos,30,Concordia,30015,7000,6500,65000,10000
sorgo,2009,2009/2010,Entre Ríos,30,Diamante,30021,5800,5500,35200,6400
sorgo,2009,2009/2010,Entre Ríos,30,Federación,30028,4100,4000,22000,5500
sorgo,2009,2009/2010,Entre Ríos,30,Federal,30035,6400,6000,34800,5800
sorgo,2009,2009/2010,Entre Ríos,30,Feliciano,30042,4500,4300,24080,5600
sorgo,2009,2009/2010,Entre Ríos,30,Gualeguay,30049,5500,4800,26400,5500
sorgo,2009,2009/2010,Entre Ríos,30,Gualeguaychú,30056,7500,6150,26450,4301
sorgo,2009,2009/2010,Entre Ríos,30,La Paz,30070,15200,14500,89900,6200
sorgo,2009,2009/2010,Entre Ríos,30,Nogoyá,30077,11000,9500,39900,4200
sorgo,2009,2009/2010,Entre Ríos,30,Paraná,30084,20000,19200,119040,6200
sorgo,2009,2009/2010,Entre Ríos,30,San Salvador,30088,4000,3550,12430,3501
sorgo,2009,2009/2010,Entre Ríos,30,Tala,30091,5000,4500,18000,4000
sorgo,2009,2009/2010,Entre Ríos,30,Uruguay,30098,7000,6300,28350,4500
sorgo,2009,2009/2010,Entre Ríos,30,Victoria,30105,4000,3500,17500,5000
sorgo,2009,2009/2010,Entre Ríos,30,Villaguay,30113,13000,11500,40250,3500
sorgo,2009,2009/2010,Formosa,34,sin definir,34000,1480,1480,3260,2203
sorgo,2009,2009/2010,La Pampa,42,Atreucó,42007,15000,10000,25000,2500
sorgo,2009,2009/2010,La Pampa,42,Capital,42021,9000,5000,15000,3000
sorgo,2009,2009/2010,La Pampa,42,Catriló,42028,15000,10000,34000,3400
sorgo,2009,2009/2010,La Pampa,42,Chapaleufú,42056,3200,300,1800,6000
sorgo,2009,2009/2010,La Pampa,42,Conhelo,42035,22000,1000,3000,3000
sorgo,2009,2009/2010,La Pampa,42,Guatraché,42070,9000,5000,15000,3000
sorgo,2009,2009/2010,La Pampa,42,Loventué,42098,800,0,0,0
sorgo,2009,2009/2010,La Pampa,42,Maracó,42105,4400,400,2000,5000
sorgo,2009,2009/2010,La Pampa,42,Quemú Quemú,42119,7000,800,3200,4000
sorgo,2009,2009/2010,La Pampa,42,Rancul,42126,10500,500,1750,3500
sorgo,2009,2009/2010,La Pampa,42,Realicó,42133,5000,500,1800,3600
sorgo,2009,2009/2010,La Pampa,42,Toay,42140,7000,4000,10400,2600
sorgo,2009,2009/2010,La Pampa,42,Trenel,42147,5800,300,900,3000
sorgo,2009,2009/2010,La Pampa,42,Utracán,42154,4000,2000,5400,2700
sorgo,2009,2009/2010,San Luis,74,Ayacucho,74007,300,200,1100,5500
sorgo,2009,2009/2010,San Luis,74,Belgrano,74014,50,0,0,0
sorgo,2009,2009/2010,San Luis,74,Chacabuco,74028,1200,800,2800,3500
sorgo,2009,2009/2010,San Luis,74,Coronel Pringles,74021,2000,1400,5600,4000
sorgo,2009,2009/2010,San Luis,74,General Pedernera,74035,7000,5800,21460,3700
sorgo,2009,2009/2010,San Luis,74,Gobernador Dupuy,74042,2500,1900,6650,3500
sorgo,2009,2009/2010,San Luis,74,Juan Martín de Pueyrredón,74056,1500,1000,3800,3800
sorgo,2009,2009/2010,San Luis,74,Junín,74049,150,100,420,4200
sorgo,2009,2009/2010,San Luis,74,Libertador General San Martín,74063,150,100,300,3000
sorgo,2009,2009/2010,Santa Fe,82,9 de Julio,82077,18000,16400,78720,4800
sorgo,2009,2009/2010,Santa Fe,82,Belgrano,82007,10750,10750,64500,6000
sorgo,2009,2009/2010,Santa Fe,82,Caseros,82014,2900,2900,21750,7500
sorgo,2009,2009/2010,Santa Fe,82,Castellanos,82021,20000,13000,75400,5800
sorgo,2009,2009/2010,Santa Fe,82,Garay,82035,500,0,0,0
sorgo,2009,2009/2010,Santa Fe,82,General López,82042,1250,1250,8500,6800
sorgo,2009,2009/2010,Santa Fe,82,General Obligado,82049,14500,13200,43560,3300
sorgo,2009,2009/2010,Santa Fe,82,Iriondo,82056,18700,18700,121550,6500
sorgo,2009,2009/2010,Santa Fe,82,La Capital,82063,5500,3500,18200,5200
sorgo,2009,2009/2010,Santa Fe,82,Las Colonias,82070,17000,11000,62700,5700
sorgo,2009,2009/2010,Santa Fe,82,Rosario,82084,1150,1150,8050,7000
sorgo,2009,2009/2010,Santa Fe,82,San Cristóbal,82091,32000,19000,104500,5500
sorgo,2009,2009/2010,Santa Fe,82,San Javier,82098,5000,4000,12800,3200
sorgo,2009,2009/2010,Santa Fe,82,San Jerónimo,82105,4000,4000,24000,6000
sorgo,2009,2009/2010,Santa Fe,82,San Justo,82112,19000,14500,76850,5300
sorgo,2009,2009/2010,Santa Fe,82,San Lorenzo,82119,1600,1600,11200,7000
sorgo,2009,2009/2010,Santa Fe,82,San Martín,82126,7600,7600,45600,6000
sorgo,2009,2009/2010,Santa Fe,82,Vera,82133,12000,10500,47250,4500
sorgo,2009,2009/2010,Santa Fe,82,Villa Constitución,82028,1650,1650,11550,7000
sorgo,2009,2009/2010,Santiago del Estero,86,Aguirre,86007,4500,3300,9900,3000
sorgo,2009,2009/2010,Santiago del Estero,86,Alberdi,86014,6300,5500,24750,4500
sorgo,2009,2009/2010,Santiago del Estero,86,Belgrano,86042,15000,13500,74250,5500
sorgo,2009,2009/2010,Santiago del Estero,86,Choya,86063,3000,2100,8400,4000
sorgo,2009,2009/2010,Santiago del Estero,86,Copo,86056,4000,4000,15200,3800
sorgo,2009,2009/2010,Santiago del Estero,86,General Taboada,86077,19500,17500,87500,5000
sorgo,2009,2009/2010,Santiago del Estero,86,Guasayán,86084,2800,1300,5200,4000
sorgo,2009,2009/2010,Santiago del Estero,86,Jiménez,86091,10500,8300,32370,3900
sorgo,2009,2009/2010,Santiago del Estero,86,Juan F. Ibarra,86098,9500,8800,34320,3900
sorgo,2009,2009/2010,Santiago del Estero,86,Mitre,86112,150,150,600,4000
sorgo,2009,2009/2010,Santiago del Estero,86,Moreno,86119,17800,15800,71100,4500
sorgo,2009,2009/2010,Santiago del Estero,86,Río Hondo,86147,200,100,400,4000
sorgo,2009,2009/2010,Santiago del Estero,86,Rivadavia,86154,7500,5000,20000,4000
sorgo,2009,2009/2010,Tucumán,90,Burruyacú,90007,850,850,4170,4906
sorgo,2009,2009/2010,Tucumán,90,Cruz Alta,90014,700,700,3500,5000
sorgo,2009,2009/2010,Tucumán,90,La Cocha,90049,200,200,1000,5000
sorgo,2009,2009/2010,Tucumán,90,Leales,90056,750,750,3600,4800
sorgo,2009,2009/2010,Tucumán,90,Simoca,90091,300,300,1350,4500
sorgo,2009,2009/2010,Tucumán,90,Trancas,90112,250,250,1200,4800
sorgo,2010,2010/2011,Buenos Aires,06,25 de Mayo,06854,800,800,4800,6000
sorgo,2010,2010/2011,Buenos Aires,06,9 de Julio,06588,4750,3800,22800,6000
sorgo,2010,2010/2011,Buenos Aires,06,Adolfo Alsina,06007,15000,15000,63000,4200
sorgo,2010,2010/2011,Buenos Aires,06,Alberti,06021,200,120,720,6000
sorgo,2010,2010/2011,Buenos Aires,06,Arrecifes,06077,1200,1200,6960,5800
sorgo,2010,2010/2011,Buenos Aires,06,Bahía Blanca,06056,1100,300,270,900
sorgo,2010,2010/2011,Buenos Aires,06,Baradero,06070,600,600,3300,5500
sorgo,2010,2010/2011,Buenos Aires,06,Bolívar,06105,800,300,1500,5000
sorgo,2010,2010/2011,Buenos Aires,06,Bragado,06112,100,100,600,6000
sorgo,2010,2010/2011,Buenos Aires,06,Campana,06126,250,250,1250,5000
sorgo,2010,2010/2011,Buenos Aires,06,Capitán Sarmiento,06140,650,650,3900,6000
sorgo,2010,2010/2011,Buenos Aires,06,Carlos Casares,06147,1200,1200,7200,6000
sorgo,2010,2010/2011,Buenos Aires,06,Carlos Tejedor,06154,1640,1640,10170,6201
sorgo,2010,2010/2011,Buenos Aires,06,Carmen de Areco,06161,1100,500,2750,5500
sorgo,2010,2010/2011,Buenos Aires,06,Chacabuco,06210,700,600,3300,5500
sorgo,2010,2010/2011,Buenos Aires,06,Chascomús,06217,600,600,3600,6000
sorgo,2010,2010/2011,Buenos Aires,06,Chivilcoy,06224,500,400,2400,6000
sorgo,2010,2010/2011,Buenos Aires,06,Colón,06175,800,800,4880,6100
sorgo,2010,2010/2011,Buenos Aires,06,Coronel de Marina Leonardo Rosales,06182,400,0,0,0
sorgo,2010,2010/2011,Buenos Aires,06,Coronel Suárez,06203,4000,2000,7000,3500
sorgo,2010,2010/2011,Buenos Aires,06,Daireaux,06231,800,300,1500,5000
sorgo,2010,2010/2011,Buenos Aires,06,Exaltación de la Cruz,06266,250,250,1330,5320
sorgo,2010,2010/2011,Buenos Aires,06,Florentino Ameghino,06277,250,250,1180,4720
sorgo,2010,2010/2011,Buenos Aires,06,General Alvear,06287,500,200,1000,5000
sorgo,2010,2010/2011,Buenos Aires,06,General Arenales,06294,600,400,2240,5600
sorgo,2010,2010/2011,Buenos Aires,06,General Belgrano,06301,1000,1000,5500,5500
sorgo,2010,2010/2011,Buenos Aires,06,General La Madrid,06322,2000,1000,3500,3500
sorgo,2010,2010/2011,Buenos Aires,06,General Pinto,06351,300,300,1470,4900
sorgo,2010,2010/2011,Buenos Aires,06,General Viamonte,06385,400,400,2040,5100
sorgo,2010,2010/2011,Buenos Aires,06,General Villegas,06392,1500,1500,6900,4600
sorgo,2010,2010/2011,Buenos Aires,06,Guaminí,06399,12000,12000,54000,4500
sorgo,2010,2010/2011,Buenos Aires,06,Hipólito Yrigoyen,06406,300,100,500,5000
sorgo,2010,2010/2011,Buenos Aires,06,Junín,06413,900,500,2600,5200
sorgo,2010,2010/2011,Buenos Aires,06,Las Flores,06455,1000,1000,6000,6000
sorgo,2010,2010/2011,Buenos Aires,06,Leandro N. Alem,06462,1000,1000,5400,5400
sorgo,2010,2010/2011,Buenos Aires,06,Lincoln,06469,1400,1400,7140,5100
sorgo,2010,2010/2011,Buenos Aires,06,Lobos,06483,1000,1000,5500,5500
sorgo,2010,2010/2011,Buenos Aires,06,Luján,06497,300,300,1500,5000
sorgo,2010,2010/2011,Buenos Aires,06,Marcos Paz,06525,200,200,960,4800
sorgo,2010,2010/2011,Buenos Aires,06,Mercedes,06532,1000,700,3850,5500
sorgo,2010,2010/2011,Buenos Aires,06,Monte,06547,1000,1000,6000,6000
sorgo,2010,2010/2011,Buenos Aires,06,Navarro,06574,1000,1000,5500,5500
sorgo,2010,2010/2011,Buenos Aires,06,Olavarría,06595,300,100,500,5000
sorgo,2010,2010/2011,Buenos Aires,06,Pehuajó,06609,1810,1810,11400,6298
sorgo,2010,2010/2011,Buenos Aires,06,Pellegrini,06616,4000,4000,16800,4200
sorgo,2010,2010/2011,Buenos Aires,06,Pergamino,06623,1400,1400,8400,6000
sorgo,2010,2010/2011,Buenos Aires,06,Puán,06651,8000,4000,10000,2500
sorgo,2010,2010/2011,Buenos Aires,06,Ramallo,06665,500,500,2750,5500
sorgo,2010,2010/2011,Buenos Aires,06,Rivadavia,06679,2850,2850,18530,6502
sorgo,2010,2010/2011,Buenos Aires,06,Rojas,06686,700,400,2240,5600
sorgo,2010,2010/2011,Buenos Aires,06,Roque Pérez,06693,700,700,4200,6000
sorgo,2010,2010/2011,Buenos Aires,06,Saavedra,06700,7500,3500,8750,2500
sorgo,2010,2010/2011,Buenos Aires,06,Saladillo,06707,1000,1000,6000,6000
sorgo,2010,2010/2011,Buenos Aires,06,Salliqueló,06721,3000,3000,12600,4200
sorgo,2010,2010/2011,Buenos Aires,06,Salto,06714,750,750,4500,6000
sorgo,2010,2010/2011,Buenos Aires,06,San Andrés de Giles,06728,1200,800,3840,4800
sorgo,2010,2010/2011,Buenos Aires,06,San Antonio de Areco,06735,700,700,3850,5500
sorgo,2010,2010/2011,Buenos Aires,06,San Nicolás,06763,500,500,2900,5800
sorgo,2010,2010/2011,Buenos Aires,06,San Pedro,06770,700,700,3850,5500
sorgo,2010,2010/2011,Buenos Aires,06,Suipacha,06784,1500,1350,7430,5504
sorgo,2010,2010/2011,Buenos Aires,06,Tornquist,06819,6500,3500,8750,2500
sorgo,2010,2010/2011,Buenos Aires,06,Trenque Lauquen,06826,4500,4500,27900,6200
sorgo,2010,2010/2011,Buenos Aires,06,Tres Lomas,06847,4000,4000,17200,4300
sorgo,2010,2010/2011,Buenos Aires,06,Villarino,06875,550,0,0,0
sorgo,2010,2010/2011,Buenos Aires,06,Zárate,06882,300,300,1560,5200
sorgo,2010,2010/2011,Chaco,22,1° de Mayo,22126,2300,1700,4250,2500
sorgo,2010,2010/2011,Chaco,22,12 de Octubre,22036,7800,7200,23760,3300
sorgo,2010,2010/2011,Chaco,22,2 de Abril,22039,6100,5280,17420,3299
sorgo,2010,2010/2011,Chaco,22,25 de Mayo,22168,3200,2800,7840,2800
sorgo,2010,2010/2011,Chaco,22,9 de Julio,22105,6000,5200,18200,3500
sorgo,2010,2010/2011,Chaco,22,Almirante Brown,22007,26500,22700,81720,3600
sorgo,2010,2010/2011,Chaco,22,Bermejo,22014,2700,1850,5180,2800
sorgo,2010,2010/2011,Chaco,22,Chacabuco,22028,9000,8070,28250,3501
sorgo,2010,2010/2011,Chaco,22,Comandante Fernández,22021,3000,1700,5100,3000
sorgo,2010,2010/2011,Chaco,22,Fray Justo Santa María de Oro,22043,4000,3600,10440,2900
sorgo,2010,2010/2011,Chaco,22,General Belgrano,22049,3800,2900,9280,3200
sorgo,2010,2010/2011,Chaco,22,General Donovan,22056,2000,1460,3800,2603
sorgo,2010,2010/2011,Chaco,22,General Güemes,22063,1500,1100,2530,2300
sorgo,2010,2010/2011,Chaco,22,Independencia,22070,4000,3350,10720,3200
sorgo,2010,2010/2011,Chaco,22,Libertad,22077,1000,480,1150,2396
sorgo,2010,2010/2011,Chaco,22,Libertador General San Martín,22084,6500,5470,15860,2899
sorgo,2010,2010/2011,Chaco,22,Maipú,22091,4500,3690,10700,2900
sorgo,2010,2010/2011,Chaco,22,Mayor Luis J. Fontana,22098,4500,3800,11020,2900
sorgo,2010,2010/2011,Chaco,22,O'Higgins,22112,3200,2630,7890,3000
sorgo,2010,2010/2011,Chaco,22,Presidencia de la Plaza,22119,2000,1350,3780,2800
sorgo,2010,2010/2011,Chaco,22,Quitilipi,22133,2300,1760,4930,2801
sorgo,2010,2010/2011,Chaco,22,San Fernando,22140,3500,2900,7830,2700
sorgo,2010,2010/2011,Chaco,22,San Lorenzo,22147,3000,2200,5940,2700
sorgo,2010,2010/2011,Chaco,22,Sargento Cabral,22154,2300,1800,5220,2900
sorgo,2010,2010/2011,Chaco,22,Tapenagá,22161,3200,2400,5760,2400
sorgo,2010,2010/2011,Córdoba,14,Calamuchita,14007,1800,1800,9000,5000
sorgo,2010,2010/2011,Córdoba,14,Capital,14014,300,300,1500,5000
sorgo,2010,2010/2011,Córdoba,14,Colón,14021,1000,1000,4000,4000
sorgo,2010,2010/2011,Córdoba,14,General Roca,14035,14000,13500,56700,4200
sorgo,2010,2010/2011,Córdoba,14,General San Martín,14042,17000,17000,93500,5500
sorgo,2010,2010/2011,Córdoba,14,Ischilín,14049,4000,0,0,0
sorgo,2010,2010/2011,Córdoba,14,Juárez Celman,14056,13000,13000,65000,5000
sorgo,2010,2010/2011,Córdoba,14,Marcos Juárez,14063,3500,3200,17280,5400
sorgo,2010,2010/2011,Córdoba,14,Presidente Roque Sáenz Peña,14084,4000,3500,17500,5000
sorgo,2010,2010/2011,Córdoba,14,Río Cuarto,14098,19000,19000,95000,5000
sorgo,2010,2010/2011,Córdoba,14,Río Primero,14105,12000,4500,22500,5000
sorgo,2010,2010/2011,Córdoba,14,Río Seco,14112,3000,1500,6000,4000
sorgo,2010,2010/2011,Córdoba,14,Río Segundo,14119,20000,20000,100000,5000
sorgo,2010,2010/2011,Córdoba,14,San Justo,14140,40000,25000,137500,5500
sorgo,2010,2010/2011,Córdoba,14,Santa María,14147,3000,3000,18000,6000
sorgo,2010,2010/2011,Córdoba,14,Tercero Arriba,14161,22000,22000,121000,5500
sorgo,2010,2010/2011,Córdoba,14,Tulumba,14175,3000,1000,4000,4000
sorgo,2010,2010/2011,Córdoba,14,Unión,14182,5500,5000,24000,4800
sorgo,2010,2010/2011,Corrientes,18,Bella Vista,18007,150,150,300,2000
sorgo,2010,2010/2011,Corrientes,18,Concepción,18028,90,90,160,1778
sorgo,2010,2010/2011,Corrientes,18,Curuzu Cuatia,18035,500,480,845,1760
sorgo,2010,2010/2011,Corrientes,18,Empedrado,18042,180,150,250,1667
sorgo,2010,2010/2011,Corrientes,18,Esquina,18049,300,285,500,1754
sorgo,2010,2010/2011,Corrientes,18,General Alvear,18056,80,70,100,1429
sorgo,2010,2010/2011,Corrientes,18,Goya,18070,80,75,120,1600
sorgo,2010,2010/2011,Corrientes,18,Ituzaingó,18084,600,590,1050,1780
sorgo,2010,2010/2011,Corrientes,18,Lavalle,18091,20,15,22,1467
sorgo,2010,2010/2011,Corrientes,18,Mercedes,18105,900,870,1845,2121
sorgo,2010,2010/2011,Corrientes,18,Monte Caseros,18112,250,235,430,1830
sorgo,2010,2010/2011,Corrientes,18,Paso de los Libres,18119,160,160,640,4000
sorgo,2010,2010/2011,Corrientes,18,San Martín,18147,200,195,460,2359
sorgo,2010,2010/2011,Corrientes,18,San Roque,18161,300,300,900,3000
sorgo,2010,2010/2011,Corrientes,18,Santo Tomé,18168,800,790,1790,2266
sorgo,2010,2010/2011,Corrientes,18,Sauce,18175,900,900,2700,3000
sorgo,2010,2010/2011,Entre Ríos,30,Colón,30008,3000,2700,12150,4500
sorgo,2010,2010/2011,Entre Ríos,30,Concordia,30015,6000,5750,29900,5200
sorgo,2010,2010/2011,Entre Ríos,30,Diamante,30021,6000,5900,33040,5600
sorgo,2010,2010/2011,Entre Ríos,30,Federación,30028,3700,3500,17500,5000
sorgo,2010,2010/2011,Entre Ríos,30,Federal,30035,6500,6050,31460,5200
sorgo,2010,2010/2011,Entre Ríos,30,Feliciano,30042,4400,4200,19320,4600
sorgo,2010,2010/2011,Entre Ríos,30,Gualeguay,30049,6000,5300,29150,5500
sorgo,2010,2010/2011,Entre Ríos,30,Gualeguaychú,30056,8000,6700,30150,4500
sorgo,2010,2010/2011,Entre Ríos,30,La Paz,30070,15900,15000,78000,5200
sorgo,2010,2010/2011,Entre Ríos,30,Nogoyá,30077,10000,8500,39950,4700
sorgo,2010,2010/2011,Entre Ríos,30,Paraná,30084,18000,16600,91300,5500
sorgo,2010,2010/2011,Entre Ríos,30,San Salvador,30088,4000,3500,14000,4000
sorgo,2010,2010/2011,Entre Ríos,30,Tala,30091,5000,4500,22500,5000
sorgo,2010,2010/2011,Entre Ríos,30,Uruguay,30098,7000,6300,28350,4500
sorgo,2010,2010/2011,Entre Ríos,30,Victoria,30105,4500,4000,22000,5500
sorgo,2010,2010/2011,Entre Ríos,30,Villaguay,30113,15500,14000,63000,4500
sorgo,2010,2010/2011,Formosa,34,sin definir,34000,1480,1480,4070,2750
sorgo,2010,2010/2011,La Pampa,42,Atreucó,42007,18000,7500,20250,2700
sorgo,2010,2010/2011,La Pampa,42,Capital,42021,11000,5000,14000,2800
sorgo,2010,2010/2011,La Pampa,42,Catriló,42028,17000,11000,33000,3000
sorgo,2010,2010/2011,La Pampa,42,Chapaleufú,42056,4600,2000,10000,5000
sorgo,2010,2010/2011,La Pampa,42,Conhelo,42035,39200,19200,76800,4000
sorgo,2010,2010/2011,La Pampa,42,Guatraché,42070,11000,2000,3800,1900
sorgo,2010,2010/2011,La Pampa,42,Loventué,42098,800,0,0,0
sorgo,2010,2010/2011,La Pampa,42,Maracó,42105,6500,2900,14500,5000
sorgo,2010,2010/2011,La Pampa,42,Quemú Quemú,42119,9800,5200,20800,4000
sorgo,2010,2010/2011,La Pampa,42,Rancul,42126,14700,6400,16000,2500
sorgo,2010,2010/2011,La Pampa,42,Realicó,42133,7900,4700,18800,4000
sorgo,2010,2010/2011,La Pampa,42,Toay,42140,8000,2000,4400,2200
sorgo,2010,2010/2011,La Pampa,42,Trenel,42147,7800,3500,10500,3000
sorgo,2010,2010/2011,La Pampa,42,Utracán,42154,5000,2500,5500,2200
sorgo,2010,2010/2011,San Luis,74,Ayacucho,74007,400,300,1770,5900
sorgo,2010,2010/2011,San Luis,74,Belgrano,74014,100,0,0,0
sorgo,2010,2010/2011,San Luis,74,Chacabuco,74028,7000,5800,27260,4700
sorgo,2010,2010/2011,San Luis,74,Coronel Pringles,74021,3000,2200,10780,4900
sorgo,2010,2010/2011,San Luis,74,General Pedernera,74035,10500,8000,34400,4300
sorgo,2010,2010/2011,San Luis,74,Gobernador Dupuy,74042,4000,3100,11160,3600
sorgo,2010,2010/2011,San Luis,74,Juan Martín de Pueyrredón,74056,1800,1300,5460,4200
sorgo,2010,2010/2011,San Luis,74,Junín,74049,250,150,710,4733
sorgo,2010,2010/2011,San Luis,74,Libertador General San Martín,74063,250,200,980,4900
sorgo,2010,2010/2011,Santa Fe,82,9 de Julio,82077,19800,17100,54720,3200
sorgo,2010,2010/2011,Santa Fe,82,Belgrano,82007,10212,10212,71480,7000
sorgo,2010,2010/2011,Santa Fe,82,Caseros,82014,2300,2300,16100,7000
sorgo,2010,2010/2011,Santa Fe,82,Castellanos,82021,18000,11000,60500,5500
sorgo,2010,2010/2011,Santa Fe,82,Garay,82035,500,200,800,4000
sorgo,2010,2010/2011,Santa Fe,82,General López,82042,1500,1500,9750,6500
sorgo,2010,2010/2011,Santa Fe,82,General Obligado,82049,16000,13700,46580,3400
sorgo,2010,2010/2011,Santa Fe,82,Iriondo,82056,18700,18700,140250,7500
sorgo,2010,2010/2011,Santa Fe,82,La Capital,82063,5000,3300,13200,4000
sorgo,2010,2010/2011,Santa Fe,82,Las Colonias,82070,15000,8000,40000,5000
sorgo,2010,2010/2011,Santa Fe,82,Rosario,82084,1000,1000,6000,6000
sorgo,2010,2010/2011,Santa Fe,82,San Cristóbal,82091,32000,20000,90000,4500
sorgo,2010,2010/2011,Santa Fe,82,San Javier,82098,5500,4000,14000,3500
sorgo,2010,2010/2011,Santa Fe,82,San Jerónimo,82105,4000,4000,26000,6500
sorgo,2010,2010/2011,Santa Fe,82,San Justo,82112,14000,9000,34200,3800
sorgo,2010,2010/2011,Santa Fe,82,San Lorenzo,82119,1300,1300,8450,6500
sorgo,2010,2010/2011,Santa Fe,82,San Martín,82126,7600,7600,53200,7000
sorgo,2010,2010/2011,Santa Fe,82,Vera,82133,14200,12200,48800,4000
sorgo,2010,2010/2011,Santa Fe,82,Villa Constitución,82028,1400,1400,9800,7000
sorgo,2010,2010/2011,Santiago del Estero,86,Aguirre,86007,25000,25000,87500,3500
sorgo,2010,2010/2011,Santiago del Estero,86,Alberdi,86014,20000,20000,90000,4500
sorgo,2010,2010/2011,Santiago del Estero,86,Avellaneda,86028,2500,2500,8750,3500
sorgo,2010,2010/2011,Santiago del Estero,86,Belgrano,86042,30000,30000,135000,4500
sorgo,2010,2010/2011,Santiago del Estero,86,Capital,86049,2500,2500,11250,4500
sorgo,2010,2010/2011,Santiago del Estero,86,Choya,86063,7500,7500,30000,4000
sorgo,2010,2010/2011,Santiago del Estero,86,Copo,86056,10000,10000,35000,3500
sorgo,2010,2010/2011,Santiago del Estero,86,Figueroa,86070,2500,2450,9800,4000
sorgo,2010,2010/2011,Santiago del Estero,86,General Taboada,86077,25000,25000,112500,4500
sorgo,2010,2010/2011,Santiago del Estero,86,Guasayán,86084,10000,10000,35000,3500
sorgo,2010,2010/2011,Santiago del Estero,86,Jiménez,86091,30000,30000,114000,3800
sorgo,2010,2010/2011,Santiago del Estero,86,Juan F. Ibarra,86098,20000,20000,70000,3500
sorgo,2010,2010/2011,Santiago del Estero,86,Loreto,86105,2500,2460,11070,4500
sorgo,2010,2010/2011,Santiago del Estero,86,Mitre,86112,15000,15000,52500,3500
sorgo,2010,2010/2011,Santiago del Estero,86,Moreno,86119,45000,45000,180000,4000
sorgo,2010,2010/2011,Santiago del Estero,86,Pellegrini,86133,30000,30000,135000,4500
sorgo,2010,2010/2011,Santiago del Estero,86,Río Hondo,86147,10000,10000,45000,4500
sorgo,2010,2010/2011,Santiago del Estero,86,Rivadavia,86154,10000,10000,45000,4500
sorgo,2010,2010/2011,Santiago del Estero,86,Robles,86161,1500,1500,6750,4500
sorgo,2010,2010/2011,Santiago del Estero,86,San Martín,86175,1000,1000,3500,3500
sorgo,2010,2010/2011,Santiago del Estero,86,Silípica,86189,1000,1000,3500,3500
sorgo,2010,2010/2011,Tucumán,90,Burruyacú,90007,950,642,4040,6293
sorgo,2010,2010/2011,Tucumán,90,Cruz Alta,90014,800,600,3660,6100
sorgo,2010,2010/2011,Tucumán,90,La Cocha,90049,250,160,1010,6313
sorgo,2010,2010/2011,Tucumán,90,Leales,90056,800,598,3710,6204
sorgo,2010,2010/2011,Tucumán,90,Simoca,90091,200,200,1240,6200
sorgo,2010,2010/2011,Tucumán,90,Trancas,90112,300,0,0,0
sorgo,2011,2011/2012,Buenos Aires,06,25 de Mayo,06854,1000,1000,4330,4330
sorgo,2011,2011/2012,Buenos Aires,06,9 de Julio,06588,5000,4500,32470,7216
sorgo,2011,2011/2012,Buenos Aires,06,Adolfo Alsina,06007,15000,15000,71600,4773
sorgo,2011,2011/2012,Buenos Aires,06,Alberti,06021,900,855,6640,7766
sorgo,2011,2011/2012,Buenos Aires,06,Arrecifes,06077,1100,1100,5740,5218
sorgo,2011,2011/2012,Buenos Aires,06,Bahía Blanca,06056,800,0,0,0
sorgo,2011,2011/2012,Buenos Aires,06,Baradero,06070,650,650,3460,5323
sorgo,2011,2011/2012,Buenos Aires,06,Bolívar,06105,1000,250,1390,5560
sorgo,2011,2011/2012,Buenos Aires,06,Bragado,06112,300,300,2330,7767
sorgo,2011,2011/2012,Buenos Aires,06,Campana,06126,250,250,1250,5000
sorgo,2011,2011/2012,Buenos Aires,06,Capitán Sarmiento,06140,600,600,3200,5333
sorgo,2011,2011/2012,Buenos Aires,06,Carlos Casares,06147,2464,660,4760,7212
sorgo,2011,2011/2012,Buenos Aires,06,Carlos Tejedor,06154,3450,1200,8390,6992
sorgo,2011,2011/2012,Buenos Aires,06,Carmen de Areco,06161,1200,600,3660,6100
sorgo,2011,2011/2012,Buenos Aires,06,Chacabuco,06210,800,700,4510,6443
sorgo,2011,2011/2012,Buenos Aires,06,Chascomús,06217,600,600,2330,3883
sorgo,2011,2011/2012,Buenos Aires,06,Chivilcoy,06224,2800,2520,12030,4774
sorgo,2011,2011/2012,Buenos Aires,06,Colón,06175,850,850,4810,5659
sorgo,2011,2011/2012,Buenos Aires,06,Coronel de Marina Leonardo Rosales,06182,700,0,0,0
sorgo,2011,2011/2012,Buenos Aires,06,Coronel Suárez,06203,4000,2000,6660,3330
sorgo,2011,2011/2012,Buenos Aires,06,Daireaux,06231,1100,300,1670,5567
sorgo,2011,2011/2012,Buenos Aires,06,Exaltación de la Cruz,06266,250,250,1220,4880
sorgo,2011,2011/2012,Buenos Aires,06,Florentino Ameghino,06277,320,320,1670,5219
sorgo,2011,2011/2012,Buenos Aires,06,General Alvear,06287,700,150,830,5533
sorgo,2011,2011/2012,Buenos Aires,06,General Arenales,06294,700,500,3330,6660
sorgo,2011,2011/2012,Buenos Aires,06,General Belgrano,06301,1100,1100,4760,4327
sorgo,2011,2011/2012,Buenos Aires,06,General La Madrid,06322,2000,1000,3330,3330
sorgo,2011,2011/2012,Buenos Aires,06,General Pinto,06351,650,650,3680,5662
sorgo,2011,2011/2012,Buenos Aires,06,General Viamonte,06385,730,730,5100,6986
sorgo,2011,2011/2012,Buenos Aires,06,General Villegas,06392,1220,1220,6770,5549
sorgo,2011,2011/2012,Buenos Aires,06,Guaminí,06399,12000,12000,63940,5328
sorgo,2011,2011/2012,Buenos Aires,06,Hipólito Yrigoyen,06406,400,100,560,5600
sorgo,2011,2011/2012,Buenos Aires,06,Junín,06413,1000,600,4000,6667
sorgo,2011,2011/2012,Buenos Aires,06,Las Flores,06455,1300,1300,5480,4215
sorgo,2011,2011/2012,Buenos Aires,06,Leandro N. Alem,06462,810,810,5300,6543
sorgo,2011,2011/2012,Buenos Aires,06,Lincoln,06469,1130,1130,6770,5991
sorgo,2011,2011/2012,Buenos Aires,06,Lobos,06483,1100,1100,4030,3664
sorgo,2011,2011/2012,Buenos Aires,06,Luján,06497,400,400,2580,6450
sorgo,2011,2011/2012,Buenos Aires,06,Marcos Paz,06525,300,300,1930,6433
sorgo,2011,2011/2012,Buenos Aires,06,Mercedes,06532,1000,700,5440,7771
sorgo,2011,2011/2012,Buenos Aires,06,Monte,06547,1100,1100,4400,4000
sorgo,2011,2011/2012,Buenos Aires,06,Navarro,06574,1000,1000,4220,4220
sorgo,2011,2011/2012,Buenos Aires,06,Olavarría,06595,700,200,1110,5550
sorgo,2011,2011/2012,Buenos Aires,06,Pehuajó,06609,3250,1190,7260,6101
sorgo,2011,2011/2012,Buenos Aires,06,Pellegrini,06616,4000,4000,20420,5105
sorgo,2011,2011/2012,Buenos Aires,06,Pergamino,06623,1450,1450,8050,5552
sorgo,2011,2011/2012,Buenos Aires,06,Puán,06651,8000,1500,3330,2220
sorgo,2011,2011/2012,Buenos Aires,06,Ramallo,06665,500,500,2550,5100
sorgo,2011,2011/2012,Buenos Aires,06,Rivadavia,06679,5040,2430,17530,7214
sorgo,2011,2011/2012,Buenos Aires,06,Rojas,06686,800,500,3440,6880
sorgo,2011,2011/2012,Buenos Aires,06,Roque Pérez,06693,800,800,3110,3888
sorgo,2011,2011/2012,Buenos Aires,06,Saavedra,06700,8000,4000,11100,2775
sorgo,2011,2011/2012,Buenos Aires,06,Saladillo,06707,1000,1000,4330,4330
sorgo,2011,2011/2012,Buenos Aires,06,Salliqueló,06721,3000,3000,14320,4773
sorgo,2011,2011/2012,Buenos Aires,06,Salto,06714,800,800,4440,5550
sorgo,2011,2011/2012,Buenos Aires,06,San Andrés de Giles,06728,1400,1000,6440,6440
sorgo,2011,2011/2012,Buenos Aires,06,San Antonio de Areco,06735,600,600,3200,5333
sorgo,2011,2011/2012,Buenos Aires,06,San Nicolás,06763,550,550,3240,5891
sorgo,2011,2011/2012,Buenos Aires,06,San Pedro,06770,700,700,3500,5000
sorgo,2011,2011/2012,Buenos Aires,06,Suipacha,06784,1800,1700,9440,5553
sorgo,2011,2011/2012,Buenos Aires,06,Tornquist,06819,8000,3500,7770,2220
sorgo,2011,2011/2012,Buenos Aires,06,Trenque Lauquen,06826,7130,3440,23670,6881
sorgo,2011,2011/2012,Buenos Aires,06,Tres Lomas,06847,4000,4000,19090,4773
sorgo,2011,2011/2012,Buenos Aires,06,Villarino,06875,550,0,0,0
sorgo,2011,2011/2012,Buenos Aires,06,Zárate,06882,350,350,1710,4886
sorgo,2011,2011/2012,Chaco,22,1° de Mayo,22126,3000,1700,4590,2700
sorgo,2011,2011/2012,Chaco,22,12 de Octubre,22036,8500,3200,8000,2500
sorgo,2011,2011/2012,Chaco,22,2 de Abril,22039,8000,3950,9090,2301
sorgo,2011,2011/2012,Chaco,22,25 de Mayo,22168,1100,550,1380,2509
sorgo,2011,2011/2012,Chaco,22,9 de Julio,22105,5000,2000,5000,2500
sorgo,2011,2011/2012,Chaco,22,Almirante Brown,22007,44000,16000,46400,2900
sorgo,2011,2011/2012,Chaco,22,Bermejo,22014,2000,1100,2860,2600
sorgo,2011,2011/2012,Chaco,22,Chacabuco,22028,5000,2100,5040,2400
sorgo,2011,2011/2012,Chaco,22,Comandante Fernández,22021,4000,1400,2590,1850
sorgo,2011,2011/2012,Chaco,22,Fray Justo Santa María de Oro,22043,3500,1700,3570,2100
sorgo,2011,2011/2012,Chaco,22,General Belgrano,22049,3200,1400,3500,2500
sorgo,2011,2011/2012,Chaco,22,General Donovan,22056,1500,650,1530,2354
sorgo,2011,2011/2012,Chaco,22,General Güemes,22063,5000,2100,4830,2300
sorgo,2011,2011/2012,Chaco,22,Independencia,22070,7000,2850,6700,2351
sorgo,2011,2011/2012,Chaco,22,Libertad,22077,1000,450,1010,2244
sorgo,2011,2011/2012,Chaco,22,Libertador General San Martín,22084,4000,1800,5040,2800
sorgo,2011,2011/2012,Chaco,22,Maipú,22091,5500,2100,4200,2000
sorgo,2011,2011/2012,Chaco,22,Mayor Luis J. Fontana,22098,4000,1800,3960,2200
sorgo,2011,2011/2012,Chaco,22,O'Higgins,22112,4000,1700,3740,2200
sorgo,2011,2011/2012,Chaco,22,Presidencia de la Plaza,22119,2000,1000,2300,2300
sorgo,2011,2011/2012,Chaco,22,Quitilipi,22133,2300,900,2070,2300
sorgo,2011,2011/2012,Chaco,22,San Fernando,22140,3000,1600,3920,2450
sorgo,2011,2011/2012,Chaco,22,San Lorenzo,22147,3000,1300,2990,2300
sorgo,2011,2011/2012,Chaco,22,Sargento Cabral,22154,2000,1400,4060,2900
sorgo,2011,2011/2012,Chaco,22,Tapenagá,22161,2800,500,1000,2000
sorgo,2011,2011/2012,Córdoba,14,Calamuchita,14007,1900,1900,7380,3884
sorgo,2011,2011/2012,Córdoba,14,Capital,14014,300,300,1830,6100
sorgo,2011,2011/2012,Córdoba,14,Colón,14021,5000,3000,14320,4773
sorgo,2011,2011/2012,Córdoba,14,General Roca,14035,20500,17500,112670,6438
sorgo,2011,2011/2012,Córdoba,14,General San Martín,14042,17000,17000,90580,5328
sorgo,2011,2011/2012,Córdoba,14,Ischilín,14049,8000,5000,18320,3664
sorgo,2011,2011/2012,Córdoba,14,Juárez Celman,14056,13600,13600,45290,3330
sorgo,2011,2011/2012,Córdoba,14,Marcos Juárez,14063,6500,5500,31750,5773
sorgo,2011,2011/2012,Córdoba,14,Pocho,14077,500,500,1940,3880
sorgo,2011,2011/2012,Córdoba,14,Presidente Roque Sáenz Peña,14084,9500,9000,57940,6438
sorgo,2011,2011/2012,Córdoba,14,Río Cuarto,14098,20500,20500,72820,3552
sorgo,2011,2011/2012,Córdoba,14,Río Primero,14105,15000,4000,17320,4330
sorgo,2011,2011/2012,Córdoba,14,Río Seco,14112,6000,4000,19090,4773
sorgo,2011,2011/2012,Córdoba,14,Río Segundo,14119,26000,26000,115440,4440
sorgo,2011,2011/2012,Córdoba,14,San Justo,14140,45000,30000,141000,4700
sorgo,2011,2011/2012,Córdoba,14,Santa María,14147,10000,10000,61050,6105
sorgo,2011,2011/2012,Córdoba,14,Tercero Arriba,14161,23000,23000,140420,6105
sorgo,2011,2011/2012,Córdoba,14,Totoral,14168,6000,4000,16870,4218
sorgo,2011,2011/2012,Córdoba,14,Unión,14182,9000,7500,39960,5328
sorgo,2011,2011/2012,Corrientes,18,sin definir,18000,6000,6000,14400,2400
sorgo,2011,2011/2012,Entre Ríos,30,Colón,30008,4000,3500,17480,4994
sorgo,2011,2011/2012,Entre Ríos,30,Concordia,30015,7500,6700,40160,5994
sorgo,2011,2011/2012,Entre Ríos,30,Diamante,30021,10000,10000,62160,6216
sorgo,2011,2011/2012,Entre Ríos,30,Federación,30028,4000,3500,21760,6217
sorgo,2011,2011/2012,Entre Ríos,30,Federal,30035,8000,7000,45070,6439
sorgo,2011,2011/2012,Entre Ríos,30,Feliciano,30042,4200,3800,24460,6437
sorgo,2011,2011/2012,Entre Ríos,30,Gualeguay,30049,13000,12000,69260,5772
sorgo,2011,2011/2012,Entre Ríos,30,Gualeguaychú,30056,18500,17000,88690,5217
sorgo,2011,2011/2012,Entre Ríos,30,La Paz,30070,19000,18000,115880,6438
sorgo,2011,2011/2012,Entre Ríos,30,Nogoyá,30077,19000,17200,95460,5550
sorgo,2011,2011/2012,Entre Ríos,30,Paraná,30084,23000,21000,130540,6216
sorgo,2011,2011/2012,Entre Ríos,30,San Salvador,30088,8000,7500,37460,4995
sorgo,2011,2011/2012,Entre Ríos,30,Tala,30091,8500,7700,42740,5551
sorgo,2011,2011/2012,Entre Ríos,30,Uruguay,30098,16000,15100,70400,4662
sorgo,2011,2011/2012,Entre Ríos,30,Victoria,30105,13500,12500,76310,6105
sorgo,2011,2011/2012,Entre Ríos,30,Villaguay,30113,17500,16000,88800,5550
sorgo,2011,2011/2012,Formosa,34,sin definir,34000,1480,1480,3550,2399
sorgo,2011,2011/2012,La Pampa,42,Atreucó,42007,14400,4400,17090,3884
sorgo,2011,2011/2012,La Pampa,42,Capital,42021,8800,2800,8700,3107
sorgo,2011,2011/2012,La Pampa,42,Catriló,42028,13600,9600,31970,3330
sorgo,2011,2011/2012,La Pampa,42,Chapaleufú,42056,5400,2500,19430,7772
sorgo,2011,2011/2012,La Pampa,42,Conhelo,42035,21700,12500,83250,6660
sorgo,2011,2011/2012,La Pampa,42,Guatraché,42070,8800,6800,22640,3329
sorgo,2011,2011/2012,La Pampa,42,Hucal,42077,100,20,40,2000
sorgo,2011,2011/2012,La Pampa,42,Loventué,42098,800,0,0,0
sorgo,2011,2011/2012,La Pampa,42,Maracó,42105,8000,5000,33300,6660
sorgo,2011,2011/2012,La Pampa,42,Quemú Quemú,42119,8900,4800,26640,5550
sorgo,2011,2011/2012,La Pampa,42,Rancul,42126,8900,3200,17760,5550
sorgo,2011,2011/2012,La Pampa,42,Realicó,42133,6100,3400,18870,5550
sorgo,2011,2011/2012,La Pampa,42,Toay,42140,6800,4000,8440,2110
sorgo,2011,2011/2012,La Pampa,42,Trenel,42147,10800,7500,33300,4440
sorgo,2011,2011/2012,La Pampa,42,Utracán,42154,4000,2500,7770,3108
sorgo,2011,2011/2012,San Luis,74,Ayacucho,74007,450,450,2450,5444
sorgo,2011,2011/2012,San Luis,74,Belgrano,74014,50,0,0,0
sorgo,2011,2011/2012,San Luis,74,Chacabuco,74028,6500,5700,17080,2996
sorgo,2011,2011/2012,San Luis,74,Coronel Pringles,74021,3500,3000,11990,3997
sorgo,2011,2011/2012,San Luis,74,General Pedernera,74035,14300,10800,38360,3552
sorgo,2011,2011/2012,San Luis,74,Gobernador Dupuy,74042,4300,3500,9710,2774
sorgo,2011,2011/2012,San Luis,74,Juan Martín de Pueyrredón,74056,2300,1500,5160,3440
sorgo,2011,2011/2012,San Luis,74,Junín,74049,300,200,840,4200
sorgo,2011,2011/2012,San Luis,74,Libertador General San Martín,74063,300,220,710,3227
sorgo,2011,2011/2012,Santa Fe,82,9 de Julio,82077,21000,6500,7800,1200
sorgo,2011,2011/2012,Santa Fe,82,Belgrano,82007,3500,3400,24530,7215
sorgo,2011,2011/2012,Santa Fe,82,Caseros,82014,3000,3000,26640,8880
sorgo,2011,2011/2012,Santa Fe,82,Castellanos,82021,16000,9000,41960,4662
sorgo,2011,2011/2012,Santa Fe,82,Garay,82035,500,200,890,4450
sorgo,2011,2011/2012,Santa Fe,82,General López,82042,1800,1800,11990,6661
sorgo,2011,2011/2012,Santa Fe,82,General Obligado,82049,14500,10600,29420,2775
sorgo,2011,2011/2012,Santa Fe,82,Iriondo,82056,2500,2500,19430,7772
sorgo,2011,2011/2012,Santa Fe,82,La Capital,82063,4500,2800,13990,4996
sorgo,2011,2011/2012,Santa Fe,82,Las Colonias,82070,13000,7000,34970,4996
sorgo,2011,2011/2012,Santa Fe,82,Rosario,82084,1400,1400,11660,8329
sorgo,2011,2011/2012,Santa Fe,82,San Cristóbal,82091,27000,15000,53280,3552
sorgo,2011,2011/2012,Santa Fe,82,San Javier,82098,5300,2700,6890,2552
sorgo,2011,2011/2012,Santa Fe,82,San Jerónimo,82105,8500,8000,57720,7215
sorgo,2011,2011/2012,Santa Fe,82,San Justo,82112,17000,11000,43960,3996
sorgo,2011,2011/2012,Santa Fe,82,San Lorenzo,82119,1700,1700,14150,8324
sorgo,2011,2011/2012,Santa Fe,82,San Martín,82126,31500,31000,206460,6660
sorgo,2011,2011/2012,Santa Fe,82,Vera,82133,14300,9300,30970,3330
sorgo,2011,2011/2012,Santa Fe,82,Villa Constitución,82028,1900,1900,15180,7989
sorgo,2011,2011/2012,Santiago del Estero,86,Aguirre,86007,10000,7000,19430,2776
sorgo,2011,2011/2012,Santiago del Estero,86,Alberdi,86014,10000,10000,27750,2775
sorgo,2011,2011/2012,Santiago del Estero,86,Avellaneda,86028,3500,2100,5130,2443
sorgo,2011,2011/2012,Santiago del Estero,86,Banda,86035,3000,1100,3050,2773
sorgo,2011,2011/2012,Santiago del Estero,86,Belgrano,86042,30000,25800,80190,3108
sorgo,2011,2011/2012,Santiago del Estero,86,Capital,86049,3000,3000,9990,3330
sorgo,2011,2011/2012,Santiago del Estero,86,Choya,86063,5000,0,0,0
sorgo,2011,2011/2012,Santiago del Estero,86,Copo,86056,5000,3600,11190,3108
sorgo,2011,2011/2012,Santiago del Estero,86,Figueroa,86070,2500,1800,6990,3883
sorgo,2011,2011/2012,Santiago del Estero,86,General Taboada,86077,20000,15000,41630,2775
sorgo,2011,2011/2012,Santiago del Estero,86,Guasayán,86084,5000,0,0,0
sorgo,2011,2011/2012,Santiago del Estero,86,Jiménez,86091,15000,13880,53920,3885
sorgo,2011,2011/2012,Santiago del Estero,86,Juan F. Ibarra,86098,15000,11200,31080,2775
sorgo,2011,2011/2012,Santiago del Estero,86,Loreto,86105,3500,2830,9420,3329
sorgo,2011,2011/2012,Santiago del Estero,86,Mitre,86112,10000,7600,29530,3886
sorgo,2011,2011/2012,Santiago del Estero,86,Moreno,86119,25000,18000,69930,3885
sorgo,2011,2011/2012,Santiago del Estero,86,Ojo de Agua,86126,1500,0,0,0
sorgo,2011,2011/2012,Santiago del Estero,86,Pellegrini,86133,10000,9380,36440,3885
sorgo,2011,2011/2012,Santiago del Estero,86,Río Hondo,86147,5000,4670,12960,2775
sorgo,2011,2011/2012,Santiago del Estero,86,Rivadavia,86154,10000,7000,27200,3886
sorgo,2011,2011/2012,Santiago del Estero,86,Robles,86161,2500,950,4220,4442
sorgo,2011,2011/2012,Santiago del Estero,86,San Martín,86175,1500,1280,3550,2773
sorgo,2011,2011/2012,Santiago del Estero,86,Sarmiento,86182,1500,0,0,0
sorgo,2011,2011/2012,Santiago del Estero,86,Silípica,86189,2500,1100,4270,3882
sorgo,2011,2011/2012,Tucumán,90,Burruyacú,90007,800,750,2550,3400
sorgo,2011,2011/2012,Tucumán,90,Cruz Alta,90014,800,700,2450,3500
sorgo,2011,2011/2012,Tucumán,90,La Cocha,90049,250,150,480,3200
sorgo,2011,2011/2012,Tucumán,90,Leales,90056,800,450,1530,3400
sorgo,2011,2011/2012,Tucumán,90,Simoca,90091,200,150,480,3200
sorgo,2011,2011/2012,Tucumán,90,Trancas,90112,380,0,0,0
sorgo,2012,2012/2013,Buenos Aires,06,25 de Mayo,06854,1200,1200,7680,6400
sorgo,2012,2012/2013,Buenos Aires,06,9 de Julio,06588,5000,4750,23750,5000
sorgo,2012,2012/2013,Buenos Aires,06,Adolfo Alsina,06007,16000,16000,68800,4300
sorgo,2012,2012/2013,Buenos Aires,06,Alberti,06021,500,450,2250,5000
sorgo,2012,2012/2013,Buenos Aires,06,Arrecifes,06077,1250,1250,7130,5704
sorgo,2012,2012/2013,Buenos Aires,06,Bahía Blanca,06056,800,0,0,0
sorgo,2012,2012/2013,Buenos Aires,06,Baradero,06070,800,800,4160,5200
sorgo,2012,2012/2013,Buenos Aires,06,Bolívar,06105,250,50,280,5600
sorgo,2012,2012/2013,Buenos Aires,06,Bragado,06112,800,720,3600,5000
sorgo,2012,2012/2013,Buenos Aires,06,Campana,06126,300,300,1650,5500
sorgo,2012,2012/2013,Buenos Aires,06,Capitán Sarmiento,06140,750,750,4500,6000
sorgo,2012,2012/2013,Buenos Aires,06,Carlos Casares,06147,800,580,3132,5400
sorgo,2012,2012/2013,Buenos Aires,06,Carlos Tejedor,06154,800,200,880,4400
sorgo,2012,2012/2013,Buenos Aires,06,Carmen de Areco,06161,1400,600,3360,5600
sorgo,2012,2012/2013,Buenos Aires,06,Chacabuco,06210,900,600,3600,6000
sorgo,2012,2012/2013,Buenos Aires,06,Chascomús,06217,1500,1500,7350,4900
sorgo,2012,2012/2013,Buenos Aires,06,Chivilcoy,06224,1500,1350,8780,6504
sorgo,2012,2012/2013,Buenos Aires,06,Colón,06175,1000,1000,6800,6800
sorgo,2012,2012/2013,Buenos Aires,06,Coronel de Marina Leonardo Rosales,06182,700,0,0,0
sorgo,2012,2012/2013,Buenos Aires,06,Coronel Dorrego,06189,6000,6000,12000,2000
sorgo,2012,2012/2013,Buenos Aires,06,Coronel Pringles,06196,3777,3777,7550,1999
sorgo,2012,2012/2013,Buenos Aires,06,Coronel Suárez,06203,4000,1000,2600,2600
sorgo,2012,2012/2013,Buenos Aires,06,Daireaux,06231,1000,300,1650,5500
sorgo,2012,2012/2013,Buenos Aires,06,Exaltación de la Cruz,06266,300,300,1650,5500
sorgo,2012,2012/2013,Buenos Aires,06,Florentino Ameghino,06277,820,320,1340,4188
sorgo,2012,2012/2013,Buenos Aires,06,General Alvear,06287,200,50,280,5600
sorgo,2012,2012/2013,Buenos Aires,06,General Arenales,06294,700,500,3000,6000
sorgo,2012,2012/2013,Buenos Aires,06,General Belgrano,06301,1000,1000,4900,4900
sorgo,2012,2012/2013,Buenos Aires,06,General La Madrid,06322,2000,500,1800,3600
sorgo,2012,2012/2013,Buenos Aires,06,General Pinto,06351,1340,640,2820,4406
sorgo,2012,2012/2013,Buenos Aires,06,General Viamonte,06385,1620,820,3690,4500
sorgo,2012,2012/2013,Buenos Aires,06,General Villegas,06392,2250,1100,5060,4600
sorgo,2012,2012/2013,Buenos Aires,06,Guaminí,06399,12000,12000,54000,4500
sorgo,2012,2012/2013,Buenos Aires,06,Hipólito Yrigoyen,06406,100,0,0,0
sorgo,2012,2012/2013,Buenos Aires,06,Junín,06413,1000,500,3000,6000
sorgo,2012,2012/2013,Buenos Aires,06,Laprida,06448,1500,1500,3000,2000
sorgo,2012,2012/2013,Buenos Aires,06,Las Flores,06455,1700,1700,9180,5400
sorgo,2012,2012/2013,Buenos Aires,06,Leandro N. Alem,06462,1800,900,4230,4700
sorgo,2012,2012/2013,Buenos Aires,06,Lincoln,06469,1970,1020,4490,4402
sorgo,2012,2012/2013,Buenos Aires,06,Lobos,06483,1500,1500,8100,5400
sorgo,2012,2012/2013,Buenos Aires,06,Luján,06497,500,500,2750,5500
sorgo,2012,2012/2013,Buenos Aires,06,Maipú,06511,300,0,0,0
sorgo,2012,2012/2013,Buenos Aires,06,Marcos Paz,06525,400,400,2080,5200
sorgo,2012,2012/2013,Buenos Aires,06,Mercedes,06532,1300,1170,6080,5197
sorgo,2012,2012/2013,Buenos Aires,06,Monte,06547,1800,1800,9720,5400
sorgo,2012,2012/2013,Buenos Aires,06,Navarro,06574,1500,1500,8850,5900
sorgo,2012,2012/2013,Buenos Aires,06,Olavarría,06595,500,100,550,5500
sorgo,2012,2012/2013,Buenos Aires,06,Pehuajó,06609,1200,150,825,5500
sorgo,2012,2012/2013,Buenos Aires,06,Pellegrini,06616,5000,5000,22000,4400
sorgo,2012,2012/2013,Buenos Aires,06,Pergamino,06623,2000,2000,13000,6500
sorgo,2012,2012/2013,Buenos Aires,06,Puán,06651,8000,3500,7350,2100
sorgo,2012,2012/2013,Buenos Aires,06,Ramallo,06665,600,600,3480,5800
sorgo,2012,2012/2013,Buenos Aires,06,Rivadavia,06679,1500,500,2950,5900
sorgo,2012,2012/2013,Buenos Aires,06,Rojas,06686,900,500,3400,6800
sorgo,2012,2012/2013,Buenos Aires,06,Roque Pérez,06693,1000,1000,5900,5900
sorgo,2012,2012/2013,Buenos Aires,06,Saavedra,06700,8000,3000,7800,2600
sorgo,2012,2012/2013,Buenos Aires,06,Saladillo,06707,1400,1400,8960,6400
sorgo,2012,2012/2013,Buenos Aires,06,Salliqueló,06721,3000,3000,12900,4300
sorgo,2012,2012/2013,Buenos Aires,06,Salto,06714,950,950,6080,6400
sorgo,2012,2012/2013,Buenos Aires,06,San Andrés de Giles,06728,1600,1100,6490,5900
sorgo,2012,2012/2013,Buenos Aires,06,San Antonio de Areco,06735,700,700,4270,6100
sorgo,2012,2012/2013,Buenos Aires,06,San Cayetano,06742,23,23,50,2174
sorgo,2012,2012/2013,Buenos Aires,06,San Nicolás,06763,650,650,4100,6308
sorgo,2012,2012/2013,Buenos Aires,06,San Pedro,06770,800,800,4800,6000
sorgo,2012,2012/2013,Buenos Aires,06,Suipacha,06784,2000,1690,9300,5503
sorgo,2012,2012/2013,Buenos Aires,06,Tornquist,06819,8000,2000,4200,2100
sorgo,2012,2012/2013,Buenos Aires,06,Trenque Lauquen,06826,1800,900,4590,5100
sorgo,2012,2012/2013,Buenos Aires,06,Tres Arroyos,06833,590,590,1180,2000
sorgo,2012,2012/2013,Buenos Aires,06,Tres Lomas,06847,4000,4000,18000,4500
sorgo,2012,2012/2013,Buenos Aires,06,Villarino,06875,550,0,0,0
sorgo,2012,2012/2013,Buenos Aires,06,Zárate,06882,400,400,2240,5600
sorgo,2012,2012/2013,Chaco,22,1° de Mayo,22126,400,100,180,1800
sorgo,2012,2012/2013,Chaco,22,12 de Octubre,22036,12000,11000,25300,2300
sorgo,2012,2012/2013,Chaco,22,2 de Abril,22039,12000,5850,13460,2301
sorgo,2012,2012/2013,Chaco,22,25 de Mayo,22168,1200,500,1150,2300
sorgo,2012,2012/2013,Chaco,22,9 de Julio,22105,12000,11050,29840,2700
sorgo,2012,2012/2013,Chaco,22,Almirante Brown,22007,40000,21000,42000,2000
sorgo,2012,2012/2013,Chaco,22,Bermejo,22014,1500,1300,3640,2800
sorgo,2012,2012/2013,Chaco,22,Chacabuco,22028,6000,4700,13160,2800
sorgo,2012,2012/2013,Chaco,22,Comandante Fernández,22021,11000,7500,15750,2100
sorgo,2012,2012/2013,Chaco,22,Fray Justo Santa María de Oro,22043,7000,5600,11200,2000
sorgo,2012,2012/2013,Chaco,22,General Belgrano,22049,8000,7000,17500,2500
sorgo,2012,2012/2013,Chaco,22,General Donovan,22056,150,120,240,2000
sorgo,2012,2012/2013,Chaco,22,General Güemes,22063,4000,1200,1800,1500
sorgo,2012,2012/2013,Chaco,22,Independencia,22070,20000,10500,23100,2200
sorgo,2012,2012/2013,Chaco,22,Libertad,22077,500,500,1250,2500
sorgo,2012,2012/2013,Chaco,22,Libertador General San Martín,22084,4000,3200,7040,2200
sorgo,2012,2012/2013,Chaco,22,Maipú,22091,7500,1300,2210,1700
sorgo,2012,2012/2013,Chaco,22,Mayor Luis J. Fontana,22098,9000,7500,18000,2400
sorgo,2012,2012/2013,Chaco,22,O'Higgins,22112,4000,3000,7800,2600
sorgo,2012,2012/2013,Chaco,22,Presidencia de la Plaza,22119,600,100,180,1800
sorgo,2012,2012/2013,Chaco,22,Quitilipi,22133,4000,3000,5100,1700
sorgo,2012,2012/2013,Chaco,22,San Fernando,22140,3000,2000,4800,2400
sorgo,2012,2012/2013,Chaco,22,San Lorenzo,22147,2000,1300,3250,2500
sorgo,2012,2012/2013,Chaco,22,Sargento Cabral,22154,1000,600,1680,2800
sorgo,2012,2012/2013,Chaco,22,Tapenagá,22161,800,200,440,2200
sorgo,2012,2012/2013,Córdoba,14,Calamuchita,14007,1900,1900,9500,5000
sorgo,2012,2012/2013,Córdoba,14,Capital,14014,300,300,1800,6000
sorgo,2012,2012/2013,Córdoba,14,General Roca,14035,22000,21000,111300,5300
sorgo,2012,2012/2013,Córdoba,14,General San Martín,14042,17000,17000,102000,6000
sorgo,2012,2012/2013,Córdoba,14,Ischilín,14049,6400,0,0,0
sorgo,2012,2012/2013,Córdoba,14,Juárez Celman,14056,13600,8600,43000,5000
sorgo,2012,2012/2013,Córdoba,14,Marcos Juárez,14063,7900,6750,35100,5200
sorgo,2012,2012/2013,Córdoba,14,Pocho,14077,500,500,2000,4000
sorgo,2012,2012/2013,Córdoba,14,Presidente Roque Sáenz Peña,14084,13000,12200,64660,5300
sorgo,2012,2012/2013,Córdoba,14,Río Cuarto,14098,20500,13500,67500,5000
sorgo,2012,2012/2013,Córdoba,14,Río Primero,14105,35000,20000,116000,5800
sorgo,2012,2012/2013,Córdoba,14,Río Seco,14112,6000,0,0,0
sorgo,2012,2012/2013,Córdoba,14,Río Segundo,14119,26000,26000,143000,5500
sorgo,2012,2012/2013,Córdoba,14,San Justo,14140,45000,20000,116000,5800
sorgo,2012,2012/2013,Córdoba,14,Santa María,14147,10000,10000,60000,6000
sorgo,2012,2012/2013,Córdoba,14,Tercero Arriba,14161,23000,23000,138000,6000
sorgo,2012,2012/2013,Córdoba,14,Tulumba,14175,5000,0,0,0
sorgo,2012,2012/2013,Córdoba,14,Unión,14182,9200,7850,36900,4701
sorgo,2012,2012/2013,Entre Ríos,30,Colón,30008,4500,4200,17430,4150
sorgo,2012,2012/2013,Entre Ríos,30,Concordia,30015,6000,6000,30000,5000
sorgo,2012,2012/2013,Entre Ríos,30,Diamante,30021,6000,6000,33600,5600
sorgo,2012,2012/2013,Entre Ríos,30,Federación,30028,4500,4500,22500,5000
sorgo,2012,2012/2013,Entre Ríos,30,Federal,30035,6000,6000,31200,5200
sorgo,2012,2012/2013,Entre Ríos,30,Feliciano,30042,4000,4000,20000,5000
sorgo,2012,2012/2013,Entre Ríos,30,Gualeguay,30049,7000,6400,31360,4900
sorgo,2012,2012/2013,Entre Ríos,30,Gualeguaychú,30056,11000,10000,43500,4350
sorgo,2012,2012/2013,Entre Ríos,30,La Paz,30070,15000,15000,81000,5400
sorgo,2012,2012/2013,Entre Ríos,30,Nogoyá,30077,13000,11800,50740,4300
sorgo,2012,2012/2013,Entre Ríos,30,Paraná,30084,20000,20000,112000,5600
sorgo,2012,2012/2013,Entre Ríos,30,San Salvador,30088,3500,3250,13330,4102
sorgo,2012,2012/2013,Entre Ríos,30,Tala,30091,7000,6400,29440,4600
sorgo,2012,2012/2013,Entre Ríos,30,Uruguay,30098,8500,7750,34880,4501
sorgo,2012,2012/2013,Entre Ríos,30,Victoria,30105,4000,3500,16450,4700
sorgo,2012,2012/2013,Entre Ríos,30,Villaguay,30113,16500,15400,66220,4300
sorgo,2012,2012/2013,La Pampa,42,Atreucó,42007,18000,8000,12000,1500
sorgo,2012,2012/2013,La Pampa,42,Capital,42021,8500,2500,4500,1800
sorgo,2012,2012/2013,La Pampa,42,Catriló,42028,18000,14000,30800,2200
sorgo,2012,2012/2013,La Pampa,42,Chapaleufú,42056,1100,600,3600,6000
sorgo,2012,2012/2013,La Pampa,42,Conhelo,42035,5100,2700,9500,3519
sorgo,2012,2012/2013,La Pampa,42,Guatraché,42070,10000,8000,12000,1500
sorgo,2012,2012/2013,La Pampa,42,Hucal,42077,1000,200,300,1500
sorgo,2012,2012/2013,La Pampa,42,Loventué,42098,800,0,0,0
sorgo,2012,2012/2013,La Pampa,42,Maracó,42105,1600,600,3000,5000
sorgo,2012,2012/2013,La Pampa,42,Quemú Quemú,42119,1900,800,3600,4500
sorgo,2012,2012/2013,La Pampa,42,Rancul,42126,3200,1200,4800,4000
sorgo,2012,2012/2013,La Pampa,42,Realicó,42133,1800,1300,6500,5000
sorgo,2012,2012/2013,La Pampa,42,Toay,42140,8000,6000,9000,1500
sorgo,2012,2012/2013,La Pampa,42,Trenel,42147,3900,2000,8000,4000
sorgo,2012,2012/2013,La Pampa,42,Utracán,42154,3000,1500,1500,1000
sorgo,2012,2012/2013,San Luis,74,Ayacucho,74007,473,473,2460,5201
sorgo,2012,2012/2013,San Luis,74,Chacabuco,74028,6825,4325,18170,4201
sorgo,2012,2012/2013,San Luis,74,Coronel Pringles,74021,3675,2975,13390,4501
sorgo,2012,2012/2013,San Luis,74,General Pedernera,74035,15015,11515,48360,4200
sorgo,2012,2012/2013,San Luis,74,Gobernador Dupuy,74042,4515,3315,9280,2799
sorgo,2012,2012/2013,San Luis,74,Juan Martín de Pueyrredón,74056,2415,1815,8170,4501
sorgo,2012,2012/2013,San Luis,74,Junín,74049,315,315,1420,4508
sorgo,2012,2012/2013,San Luis,74,Libertador General San Martín,74063,315,235,960,4085
sorgo,2012,2012/2013,Santa Fe,82,9 de Julio,82077,15000,9500,26600,2800
sorgo,2012,2012/2013,Santa Fe,82,Belgrano,82007,8000,8000,52000,6500
sorgo,2012,2012/2013,Santa Fe,82,Caseros,82014,3600,3600,23400,6500
sorgo,2012,2012/2013,Santa Fe,82,Castellanos,82021,16000,10400,47840,4600
sorgo,2012,2012/2013,Santa Fe,82,Garay,82035,500,400,1600,4000
sorgo,2012,2012/2013,Santa Fe,82,General López,82042,2200,2200,12100,5500
sorgo,2012,2012/2013,Santa Fe,82,General Obligado,82049,16000,14400,57600,4000
sorgo,2012,2012/2013,Santa Fe,82,Iriondo,82056,5500,5500,33000,6000
sorgo,2012,2012/2013,Santa Fe,82,La Capital,82063,4500,3200,13440,4200
sorgo,2012,2012/2013,Santa Fe,82,Las Colonias,82070,13000,8500,36550,4300
sorgo,2012,2012/2013,Santa Fe,82,Rosario,82084,1700,1700,10200,6000
sorgo,2012,2012/2013,Santa Fe,82,San Cristóbal,82091,25000,15000,60000,4000
sorgo,2012,2012/2013,Santa Fe,82,San Javier,82098,6000,5200,17680,3400
sorgo,2012,2012/2013,Santa Fe,82,San Jerónimo,82105,16800,16800,97440,5800
sorgo,2012,2012/2013,Santa Fe,82,San Justo,82112,15000,10500,49350,4700
sorgo,2012,2012/2013,Santa Fe,82,San Lorenzo,82119,2100,2100,12600,6000
sorgo,2012,2012/2013,Santa Fe,82,San Martín,82126,18600,18600,102300,5500
sorgo,2012,2012/2013,Santa Fe,82,Vera,82133,15000,14200,56800,4000
sorgo,2012,2012/2013,Santa Fe,82,Villa Constitución,82028,2200,2200,13640,6200
sorgo,2012,2012/2013,Santiago del Estero,86,Aguirre,86007,16000,16000,33600,2100
sorgo,2012,2012/2013,Santiago del Estero,86,Alberdi,86014,9000,9000,19800,2200
sorgo,2012,2012/2013,Santiago del Estero,86,Avellaneda,86028,2550,2550,5360,2102
sorgo,2012,2012/2013,Santiago del Estero,86,Banda,86035,2700,2000,5000,2500
sorgo,2012,2012/2013,Santiago del Estero,86,Belgrano,86042,22500,22500,51750,2300
sorgo,2012,2012/2013,Santiago del Estero,86,Capital,86049,1050,1050,2630,2505
sorgo,2012,2012/2013,Santiago del Estero,86,Choya,86063,1500,0,0,0
sorgo,2012,2012/2013,Santiago del Estero,86,Copo,86056,3750,3750,6750,1800
sorgo,2012,2012/2013,Santiago del Estero,86,Figueroa,86070,1500,1000,2200,2200
sorgo,2012,2012/2013,Santiago del Estero,86,General Taboada,86077,13500,13500,33750,2500
sorgo,2012,2012/2013,Santiago del Estero,86,Guasayán,86084,1500,750,1130,1507
sorgo,2012,2012/2013,Santiago del Estero,86,Jiménez,86091,2500,2000,5600,2800
sorgo,2012,2012/2013,Santiago del Estero,86,Juan F. Ibarra,86098,10800,9950,22890,2301
sorgo,2012,2012/2013,Santiago del Estero,86,Loreto,86105,1600,1000,1800,1800
sorgo,2012,2012/2013,Santiago del Estero,86,Mitre,86112,4000,4000,7200,1800
sorgo,2012,2012/2013,Santiago del Estero,86,Moreno,86119,19000,19000,43700,2300
sorgo,2012,2012/2013,Santiago del Estero,86,Ojo de Agua,86126,750,0,0,0
sorgo,2012,2012/2013,Santiago del Estero,86,Pellegrini,86133,2500,2500,8750,3500
sorgo,2012,2012/2013,Santiago del Estero,86,Río Hondo,86147,1800,1800,4500,2500
sorgo,2012,2012/2013,Santiago del Estero,86,Rivadavia,86154,9000,7800,19500,2500
sorgo,2012,2012/2013,Santiago del Estero,86,Robles,86161,1500,1000,2500,2500
sorgo,2012,2012/2013,Santiago del Estero,86,San Martín,86175,1000,1000,2000,2000
sorgo,2012,2012/2013,Santiago del Estero,86,Sarmiento,86182,1425,1125,2480,2204
sorgo,2012,2012/2013,Santiago del Estero,86,Silípica,86189,2500,2000,5000,2500
sorgo,2012,2012/2013,Tucumán,90,Burruyacú,90007,900,520,1610,3096
sorgo,2012,2012/2013,Tucumán,90,Cruz Alta,90014,900,650,2080,3200
sorgo,2012,2012/2013,Tucumán,90,La Cocha,90049,300,160,480,3000
sorgo,2012,2012/2013,Tucumán,90,Leales,90056,900,550,1600,2909
sorgo,2012,2012/2013,Tucumán,90,Simoca,90091,250,100,310,3100
sorgo,2012,2012/2013,Tucumán,90,Trancas,90112,400,0,0,0
sorgo,2013,2013/2014,Buenos Aires,06,25 de Mayo,06854,4000,4000,14800,3700
sorgo,2013,2013/2014,Buenos Aires,06,9 de Julio,06588,6000,1800,9000,5000
sorgo,2013,2013/2014,Buenos Aires,06,Adolfo Alsina,06007,16000,4000,10800,2700
sorgo,2013,2013/2014,Buenos Aires,06,Alberti,06021,1000,900,4500,5000
sorgo,2013,2013/2014,Buenos Aires,06,Arrecifes,06077,1350,1350,8640,6400
sorgo,2013,2013/2014,Buenos Aires,06,Bahía Blanca,06056,500,0,0,0
sorgo,2013,2013/2014,Buenos Aires,06,Baradero,06070,850,850,5100,6000
sorgo,2013,2013/2014,Buenos Aires,06,Bolívar,06105,1000,1000,3800,3800
sorgo,2013,2013/2014,Buenos Aires,06,Bragado,06112,800,720,4320,6000
sorgo,2013,2013/2014,Buenos Aires,06,Brandsen,06119,650,150,900,6000
sorgo,2013,2013/2014,Buenos Aires,06,Campana,06126,350,350,2100,6000
sorgo,2013,2013/2014,Buenos Aires,06,Capitán Sarmiento,06140,750,750,4650,6200
sorgo,2013,2013/2014,Buenos Aires,06,Carlos Casares,06147,400,300,1350,4500
sorgo,2013,2013/2014,Buenos Aires,06,Carlos Tejedor,06154,3220,3040,11550,3799
sorgo,2013,2013/2014,Buenos Aires,06,Carmen de Areco,06161,1800,1000,5800,5800
sorgo,2013,2013/2014,Buenos Aires,06,Chacabuco,06210,1200,900,5400,6000
sorgo,2013,2013/2014,Buenos Aires,06,Chascomús,06217,1700,1350,8100,6000
sorgo,2013,2013/2014,Buenos Aires,06,Chivilcoy,06224,1500,750,3380,4507
sorgo,2013,2013/2014,Buenos Aires,06,Colón,06175,1100,1100,8030,7300
sorgo,2013,2013/2014,Buenos Aires,06,Coronel de Marina Leonardo Rosales,06182,500,0,0,0
sorgo,2013,2013/2014,Buenos Aires,06,Coronel Suárez,06203,3600,2100,5250,2500
sorgo,2013,2013/2014,Buenos Aires,06,Daireaux,06231,1000,1000,3800,3800
sorgo,2013,2013/2014,Buenos Aires,06,Exaltación de la Cruz,06266,300,300,1920,6400
sorgo,2013,2013/2014,Buenos Aires,06,Florentino Ameghino,06277,1000,150,770,5133
sorgo,2013,2013/2014,Buenos Aires,06,General Alvear,06287,200,200,760,3800
sorgo,2013,2013/2014,Buenos Aires,06,General Arenales,06294,900,700,4200,6000
sorgo,2013,2013/2014,Buenos Aires,06,General Belgrano,06301,1100,1100,3850,3500
sorgo,2013,2013/2014,Buenos Aires,06,General La Madrid,06322,1800,1300,3250,2500
sorgo,2013,2013/2014,Buenos Aires,06,General Las Heras,06329,100,100,600,6000
sorgo,2013,2013/2014,Buenos Aires,06,General Paz,06343,500,50,330,6600
sorgo,2013,2013/2014,Buenos Aires,06,General Pinto,06351,1300,450,2430,5400
sorgo,2013,2013/2014,Buenos Aires,06,General Viamonte,06385,1500,400,2400,6000
sorgo,2013,2013/2014,Buenos Aires,06,General Villegas,06392,2600,700,3500,5000
sorgo,2013,2013/2014,Buenos Aires,06,Guaminí,06399,12000,4000,12800,3200
sorgo,2013,2013/2014,Buenos Aires,06,Hipólito Yrigoyen,06406,100,100,380,3800
sorgo,2013,2013/2014,Buenos Aires,06,Junín,06413,1500,1000,5500,5500
sorgo,2013,2013/2014,Buenos Aires,06,Las Flores,06455,1800,1800,8100,4500
sorgo,2013,2013/2014,Buenos Aires,06,Leandro N. Alem,06462,1800,600,3780,6300
sorgo,2013,2013/2014,Buenos Aires,06,Lincoln,06469,2000,600,3360,5600
sorgo,2013,2013/2014,Buenos Aires,06,Lobos,06483,1500,1500,6000,4000
sorgo,2013,2013/2014,Buenos Aires,06,Luján,06497,600,600,3900,6500
sorgo,2013,2013/2014,Buenos Aires,06,Magdalena,06505,850,300,1800,6000
sorgo,2013,2013/2014,Buenos Aires,06,Marcos Paz,06525,600,400,2600,6500
sorgo,2013,2013/2014,Buenos Aires,06,Mercedes,06532,1300,1170,5850,5000
sorgo,2013,2013/2014,Buenos Aires,06,Monte,06547,1900,1900,7220,3800
sorgo,2013,2013/2014,Buenos Aires,06,Navarro,06574,1600,1600,6240,3900
sorgo,2013,2013/2014,Buenos Aires,06,Olavarría,06595,4000,4000,15200,3800
sorgo,2013,2013/2014,Buenos Aires,06,Pehuajó,06609,570,320,1440,4500
sorgo,2013,2013/2014,Buenos Aires,06,Pellegrini,06616,5000,2000,6600,3300
sorgo,2013,2013/2014,Buenos Aires,06,Pergamino,06623,2100,2100,14700,7000
sorgo,2013,2013/2014,Buenos Aires,06,Puán,06651,7000,3000,7500,2500
sorgo,2013,2013/2014,Buenos Aires,06,Punta Indio,06655,500,100,600,6000
sorgo,2013,2013/2014,Buenos Aires,06,Ramallo,06665,650,650,4230,6508
sorgo,2013,2013/2014,Buenos Aires,06,Rivadavia,06679,480,270,1490,5519
sorgo,2013,2013/2014,Buenos Aires,06,Rojas,06686,1200,800,4800,6000
sorgo,2013,2013/2014,Buenos Aires,06,Roque Pérez,06693,1100,1100,3520,3200
sorgo,2013,2013/2014,Buenos Aires,06,Saavedra,06700,7000,4000,10000,2500
sorgo,2013,2013/2014,Buenos Aires,06,Saladillo,06707,1500,1500,5250,3500
sorgo,2013,2013/2014,Buenos Aires,06,Salliqueló,06721,3000,1000,3000,3000
sorgo,2013,2013/2014,Buenos Aires,06,Salto,06714,1000,1000,7100,7100
sorgo,2013,2013/2014,Buenos Aires,06,San Andrés de Giles,06728,1800,1300,7540,5800
sorgo,2013,2013/2014,Buenos Aires,06,San Antonio de Areco,06735,750,750,4880,6507
sorgo,2013,2013/2014,Buenos Aires,06,San Nicolás,06763,650,650,4230,6508
sorgo,2013,2013/2014,Buenos Aires,06,San Pedro,06770,800,800,5120,6400
sorgo,2013,2013/2014,Buenos Aires,06,San Vicente,06778,350,150,980,6533
sorgo,2013,2013/2014,Buenos Aires,06,Suipacha,06784,1000,900,4500,5000
sorgo,2013,2013/2014,Buenos Aires,06,Tapalqué,06798,200,200,760,3800
sorgo,2013,2013/2014,Buenos Aires,06,Tornquist,06819,7000,3000,7500,2500
sorgo,2013,2013/2014,Buenos Aires,06,Trenque Lauquen,06826,480,150,830,5533
sorgo,2013,2013/2014,Buenos Aires,06,Tres Lomas,06847,4000,1500,4800,3200
sorgo,2013,2013/2014,Buenos Aires,06,Zárate,06882,400,400,2480,6200
sorgo,2013,2013/2014,Catamarca,10,Santa Rosa,10098,250,100,500,5000
sorgo,2013,2013/2014,Chaco,22,1° de Mayo,22126,300,205,550,2683
sorgo,2013,2013/2014,Chaco,22,12 de Octubre,22036,11000,11000,50600,4600
sorgo,2013,2013/2014,Chaco,22,2 de Abril,22039,11000,8900,41830,4700
sorgo,2013,2013/2014,Chaco,22,25 de Mayo,22168,1000,250,800,3200
sorgo,2013,2013/2014,Chaco,22,9 de Julio,22105,9000,8450,38030,4501
sorgo,2013,2013/2014,Chaco,22,Almirante Brown,22007,30000,22300,100350,4500
sorgo,2013,2013/2014,Chaco,22,Bermejo,22014,1500,1150,4830,4200
sorgo,2013,2013/2014,Chaco,22,Chacabuco,22028,9000,8100,35640,4400
sorgo,2013,2013/2014,Chaco,22,Comandante Fernández,22021,8000,6150,25220,4101
sorgo,2013,2013/2014,Chaco,22,Fray Justo Santa María de Oro,22043,5000,4150,17430,4200
sorgo,2013,2013/2014,Chaco,22,General Belgrano,22049,6000,5750,25880,4501
sorgo,2013,2013/2014,Chaco,22,General Donovan,22056,150,110,340,3091
sorgo,2013,2013/2014,Chaco,22,General Güemes,22063,5500,4570,19190,4199
sorgo,2013,2013/2014,Chaco,22,Independencia,22070,8000,4750,20430,4301
sorgo,2013,2013/2014,Chaco,22,Libertador General San Martín,22084,3500,2700,10530,3900
sorgo,2013,2013/2014,Chaco,22,Maipú,22091,6000,4450,17360,3901
sorgo,2013,2013/2014,Chaco,22,Mayor Luis J. Fontana,22098,7500,6750,29030,4301
sorgo,2013,2013/2014,Chaco,22,O'Higgins,22112,4000,2900,13920,4800
sorgo,2013,2013/2014,Chaco,22,Presidencia de la Plaza,22119,300,192,610,3177
sorgo,2013,2013/2014,Chaco,22,Quitilipi,22133,4000,3080,12010,3899
sorgo,2013,2013/2014,Chaco,22,San Fernando,22140,1000,530,2010,3792
sorgo,2013,2013/2014,Chaco,22,San Lorenzo,22147,1100,1060,4770,4500
sorgo,2013,2013/2014,Chaco,22,Sargento Cabral,22154,600,465,1950,4194
sorgo,2013,2013/2014,Córdoba,14,Calamuchita,14007,5000,5000,25000,5000
sorgo,2013,2013/2014,Córdoba,14,Capital,14014,300,300,1650,5500
sorgo,2013,2013/2014,Córdoba,14,Colón,14021,5000,5000,27000,5400
sorgo,2013,2013/2014,Córdoba,14,General Roca,14035,17500,16000,94400,5900
sorgo,2013,2013/2014,Córdoba,14,General San Martín,14042,17100,17100,85500,5000
sorgo,2013,2013/2014,Córdoba,14,Ischilín,14049,6500,6500,32500,5000
sorgo,2013,2013/2014,Córdoba,14,Juárez Celman,14056,20000,20000,88000,4400
sorgo,2013,2013/2014,Córdoba,14,Marcos Juárez,14063,8000,4600,22540,4900
sorgo,2013,2013/2014,Córdoba,14,Pocho,14077,500,500,2500,5000
sorgo,2013,2013/2014,Córdoba,14,Presidente Roque Sáenz Peña,14084,9100,8600,50740,5900
sorgo,2013,2013/2014,Córdoba,14,Río Cuarto,14098,40000,40000,160000,4000
sorgo,2013,2013/2014,Córdoba,14,Río Primero,14105,6900,2900,15660,5400
sorgo,2013,2013/2014,Córdoba,14,Río Seco,14112,6000,6000,33600,5600
sorgo,2013,2013/2014,Córdoba,14,Río Segundo,14119,21000,21000,105000,5000
sorgo,2013,2013/2014,Córdoba,14,San Justo,14140,14600,5000,27000,5400
sorgo,2013,2013/2014,Córdoba,14,Santa María,14147,10000,10000,49000,4900
sorgo,2013,2013/2014,Córdoba,14,Tercero Arriba,14161,23000,22700,113500,5000
sorgo,2013,2013/2014,Córdoba,14,Totoral,14168,4400,4400,26400,6000
sorgo,2013,2013/2014,Córdoba,14,Tulumba,14175,1200,1200,6960,5800
sorgo,2013,2013/2014,Córdoba,14,Unión,14182,10500,5800,27840,4800
sorgo,2013,2013/2014,Corrientes,18,sin definir,18000,4870,3870,13550,3501
sorgo,2013,2013/2014,Entre Ríos,30,Colón,30008,3000,2700,11340,4200
sorgo,2013,2013/2014,Entre Ríos,30,Concordia,30015,5000,5000,24000,4800
sorgo,2013,2013/2014,Entre Ríos,30,Diamante,30021,4000,4000,20800,5200
sorgo,2013,2013/2014,Entre Ríos,30,Federación,30028,4000,4000,18000,4500
sorgo,2013,2013/2014,Entre Ríos,30,Federal,30035,5500,5500,26400,4800
sorgo,2013,2013/2014,Entre Ríos,30,Feliciano,30042,4000,4000,18000,4500
sorgo,2013,2013/2014,Entre Ríos,30,Gualeguay,30049,6000,5300,25440,4800
sorgo,2013,2013/2014,Entre Ríos,30,Gualeguaychú,30056,13500,12500,58750,4700
sorgo,2013,2013/2014,Entre Ríos,30,La Paz,30070,15500,15500,69750,4500
sorgo,2013,2013/2014,Entre Ríos,30,Nogoyá,30077,10000,8500,39950,4700
sorgo,2013,2013/2014,Entre Ríos,30,Paraná,30084,20000,20000,104000,5200
sorgo,2013,2013/2014,Entre Ríos,30,San Salvador,30088,7500,6800,30600,4500
sorgo,2013,2013/2014,Entre Ríos,30,Tala,30091,3500,3200,13760,4300
sorgo,2013,2013/2014,Entre Ríos,30,Uruguay,30098,10000,9000,40500,4500
sorgo,2013,2013/2014,Entre Ríos,30,Victoria,30105,2000,1500,6750,4500
sorgo,2013,2013/2014,Entre Ríos,30,Villaguay,30113,11500,9500,39900,4200
sorgo,2013,2013/2014,Formosa,34,sin definir,34000,1500,750,2250,3000
sorgo,2013,2013/2014,La Pampa,42,Atreucó,42007,14000,5000,7500,1500
sorgo,2013,2013/2014,La Pampa,42,Capital,42021,9000,5000,9000,1800
sorgo,2013,2013/2014,La Pampa,42,Catriló,42028,16000,10000,18000,1800
sorgo,2013,2013/2014,La Pampa,42,Chapaleufú,42056,500,500,2500,5000
sorgo,2013,2013/2014,La Pampa,42,Conhelo,42035,3500,3300,10890,3300
sorgo,2013,2013/2014,La Pampa,42,Guatraché,42070,10000,3000,3900,1300
sorgo,2013,2013/2014,La Pampa,42,Hucal,42077,1000,0,0,0
sorgo,2013,2013/2014,La Pampa,42,Maracó,42105,500,500,2750,5500
sorgo,2013,2013/2014,La Pampa,42,Quemú Quemú,42119,1000,1000,5000,5000
sorgo,2013,2013/2014,La Pampa,42,Rancul,42126,700,700,2800,4000
sorgo,2013,2013/2014,La Pampa,42,Realicó,42133,500,500,1750,3500
sorgo,2013,2013/2014,La Pampa,42,Toay,42140,8000,2500,4500,1800
sorgo,2013,2013/2014,La Pampa,42,Trenel,42147,500,500,2000,4000
sorgo,2013,2013/2014,La Pampa,42,Utracán,42154,3000,1000,1500,1500
sorgo,2013,2013/2014,San Luis,74,Ayacucho,74007,450,450,2570,5711
sorgo,2013,2013/2014,San Luis,74,Chacabuco,74028,7000,5000,21000,4200
sorgo,2013,2013/2014,San Luis,74,Coronel Pringles,74021,3500,2000,9800,4900
sorgo,2013,2013/2014,San Luis,74,General Pedernera,74035,13500,11000,49500,4500
sorgo,2013,2013/2014,San Luis,74,Gobernador Dupuy,74042,4000,3000,11400,3800
sorgo,2013,2013/2014,San Luis,74,Juan Martín de Pueyrredón,74056,2500,2000,9000,4500
sorgo,2013,2013/2014,San Luis,74,Junín,74049,400,400,2080,5200
sorgo,2013,2013/2014,San Luis,74,Libertador General San Martín,74063,350,350,1680,4800
sorgo,2013,2013/2014,Santa Fe,82,9 de Julio,82077,18200,15400,58520,3800
sorgo,2013,2013/2014,Santa Fe,82,Belgrano,82007,3060,3060,16830,5500
sorgo,2013,2013/2014,Santa Fe,82,Caseros,82014,2000,2000,14000,7000
sorgo,2013,2013/2014,Santa Fe,82,Castellanos,82021,16000,9000,43200,4800
sorgo,2013,2013/2014,Santa Fe,82,Garay,82035,500,200,800,4000
sorgo,2013,2013/2014,Santa Fe,82,General López,82042,7000,6000,39000,6500
sorgo,2013,2013/2014,Santa Fe,82,General Obligado,82049,4000,1500,5700,3800
sorgo,2013,2013/2014,Santa Fe,82,Iriondo,82056,4080,4080,25300,6201
sorgo,2013,2013/2014,Santa Fe,82,La Capital,82063,4500,3000,13500,4500
sorgo,2013,2013/2014,Santa Fe,82,Las Colonias,82070,13000,7200,33840,4700
sorgo,2013,2013/2014,Santa Fe,82,Rosario,82084,1500,1500,9750,6500
sorgo,2013,2013/2014,Santa Fe,82,San Cristóbal,82091,25000,14300,64350,4500
sorgo,2013,2013/2014,Santa Fe,82,San Javier,82098,7000,5800,17400,3000
sorgo,2013,2013/2014,Santa Fe,82,San Jerónimo,82105,3420,3420,20520,6000
sorgo,2013,2013/2014,Santa Fe,82,San Justo,82112,10000,6300,28350,4500
sorgo,2013,2013/2014,Santa Fe,82,San Lorenzo,82119,1800,1800,12240,6800
sorgo,2013,2013/2014,Santa Fe,82,San Martín,82126,8570,8570,55710,6501
sorgo,2013,2013/2014,Santa Fe,82,Vera,82133,17000,13500,64800,4800
sorgo,2013,2013/2014,Santa Fe,82,Villa Constitución,82028,1800,1800,12600,7000
sorgo,2013,2013/2014,Santiago del Estero,86,Aguirre,86007,11400,11400,39900,3500
sorgo,2013,2013/2014,Santiago del Estero,86,Alberdi,86014,3800,3800,13680,3600
sorgo,2013,2013/2014,Santiago del Estero,86,Avellaneda,86028,1900,1900,6080,3200
sorgo,2013,2013/2014,Santiago del Estero,86,Banda,86035,2500,2000,7000,3500
sorgo,2013,2013/2014,Santiago del Estero,86,Belgrano,86042,9500,9500,32300,3400
sorgo,2013,2013/2014,Santiago del Estero,86,Capital,86049,1000,1000,3500,3500
sorgo,2013,2013/2014,Santiago del Estero,86,Choya,86063,5000,4000,11200,2800
sorgo,2013,2013/2014,Santiago del Estero,86,Copo,86056,3325,3325,10970,3299
sorgo,2013,2013/2014,Santiago del Estero,86,Figueroa,86070,1500,1000,3000,3000
sorgo,2013,2013/2014,Santiago del Estero,86,General Taboada,86077,10450,10450,35530,3400
sorgo,2013,2013/2014,Santiago del Estero,86,Guasayán,86084,5000,4000,11200,2800
sorgo,2013,2013/2014,Santiago del Estero,86,Jiménez,86091,1500,1500,5250,3500
sorgo,2013,2013/2014,Santiago del Estero,86,Juan F. Ibarra,86098,14250,14250,51300,3600
sorgo,2013,2013/2014,Santiago del Estero,86,Loreto,86105,1500,1000,2800,2800
sorgo,2013,2013/2014,Santiago del Estero,86,Mitre,86112,3500,3500,17500,5000
sorgo,2013,2013/2014,Santiago del Estero,86,Moreno,86119,19950,19950,67830,3400
sorgo,2013,2013/2014,Santiago del Estero,86,Ojo de Agua,86126,1000,0,0,0
sorgo,2013,2013/2014,Santiago del Estero,86,Pellegrini,86133,1500,1500,4500,3000
sorgo,2013,2013/2014,Santiago del Estero,86,Río Hondo,86147,1500,1500,4200,2800
sorgo,2013,2013/2014,Santiago del Estero,86,Rivadavia,86154,6650,6650,23940,3600
sorgo,2013,2013/2014,Santiago del Estero,86,Robles,86161,1000,900,2250,2500
sorgo,2013,2013/2014,Santiago del Estero,86,San Martín,86175,500,0,0,0
sorgo,2013,2013/2014,Santiago del Estero,86,Sarmiento,86182,1500,1500,4800,3200
sorgo,2013,2013/2014,Santiago del Estero,86,Silípica,86189,1500,1000,2500,2500
sorgo,2013,2013/2014,Tucumán,90,Burruyacú,90007,1400,900,4050,4500
sorgo,2013,2013/2014,Tucumán,90,Cruz Alta,90014,1000,750,3450,4600
sorgo,2013,2013/2014,Tucumán,90,Graneros,90035,1000,900,3600,4000
sorgo,2013,2013/2014,Tucumán,90,La Cocha,90049,350,200,920,4600
sorgo,2013,2013/2014,Tucumán,90,Leales,90056,1000,550,2310,4200
sorgo,2013,2013/2014,Tucumán,90,Simoca,90091,300,150,600,4000
sorgo,2013,2013/2014,Tucumán,90,Trancas,90112,500,100,520,5200
sorgo,2014,2014/2015,Buenos Aires,06,25 de Mayo,06854,2000,2000,11000,5500
sorgo,2014,2014/2015,Buenos Aires,06,9 de Julio,06588,2500,1500,12000,8000
sorgo,2014,2014/2015,Buenos Aires,06,Adolfo Alsina,06007,16000,16000,46400,2900
sorgo,2014,2014/2015,Buenos Aires,06,Alberti,06021,600,150,1335,8900
sorgo,2014,2014/2015,Buenos Aires,06,Arrecifes,06077,900,900,6120,6800
sorgo,2014,2014/2015,Buenos Aires,06,Azul,06049,1700,1700,5950,3500
sorgo,2014,2014/2015,Buenos Aires,06,Bahía Blanca,06056,1100,0,0,0
sorgo,2014,2014/2015,Buenos Aires,06,Balcarce,06063,4600,4600,13800,3000
sorgo,2014,2014/2015,Buenos Aires,06,Baradero,06070,1100,1100,7480,6800
sorgo,2014,2014/2015,Buenos Aires,06,Bolívar,06105,2500,1000,5600,5600
sorgo,2014,2014/2015,Buenos Aires,06,Bragado,06112,1000,900,6750,7500
sorgo,2014,2014/2015,Buenos Aires,06,Brandsen,06119,700,340,2414,7100
sorgo,2014,2014/2015,Buenos Aires,06,Campana,06126,350,350,2345,6700
sorgo,2014,2014/2015,Buenos Aires,06,Cañuelas,06134,500,240,1728,7200
sorgo,2014,2014/2015,Buenos Aires,06,Capitán Sarmiento,06140,500,500,3450,6900
sorgo,2014,2014/2015,Buenos Aires,06,Carlos Casares,06147,730,630,2835,4500
sorgo,2014,2014/2015,Buenos Aires,06,Carlos Tejedor,06154,1880,1300,5850,4500
sorgo,2014,2014/2015,Buenos Aires,06,Carmen de Areco,06161,1800,1000,5600,5600
sorgo,2014,2014/2015,Buenos Aires,06,Chacabuco,06210,1500,1200,7200,6000
sorgo,2014,2014/2015,Buenos Aires,06,Chascomús,06217,1400,680,4896,7200
sorgo,2014,2014/2015,Buenos Aires,06,Chivilcoy,06224,1600,1440,11520,8000
sorgo,2014,2014/2015,Buenos Aires,06,Colón,06175,850,850,6545,7700
sorgo,2014,2014/2015,Buenos Aires,06,Coronel de Marina Leonardo Rosales,06182,1100,0,0,0
sorgo,2014,2014/2015,Buenos Aires,06,Coronel Suárez,06203,3200,1700,6630,3900
sorgo,2014,2014/2015,Buenos Aires,06,Daireaux,06231,2500,1000,5600,5600
sorgo,2014,2014/2015,Buenos Aires,06,Exaltación de la Cruz,06266,300,300,2040,6800
sorgo,2014,2014/2015,Buenos Aires,06,Florentino Ameghino,06277,1100,240,1560,6500
sorgo,2014,2014/2015,Buenos Aires,06,General Alvarado,06280,300,300,990,3300
sorgo,2014,2014/2015,Buenos Aires,06,General Alvear,06287,3200,200,1120,5600
sorgo,2014,2014/2015,Buenos Aires,06,General Arenales,06294,1000,800,4800,6000
sorgo,2014,2014/2015,Buenos Aires,06,General Belgrano,06301,600,600,2940,4900
sorgo,2014,2014/2015,Buenos Aires,06,General La Madrid,06322,2800,1800,7020,3900
sorgo,2014,2014/2015,Buenos Aires,06,General Las Heras,06329,150,75,540,7200
sorgo,2014,2014/2015,Buenos Aires,06,General Paz,06343,500,240,1656,6900
sorgo,2014,2014/2015,Buenos Aires,06,General Pinto,06351,1550,520,3432,6600
sorgo,2014,2014/2015,Buenos Aires,06,General Viamonte,06385,1950,770,5159,6700
sorgo,2014,2014/2015,Buenos Aires,06,General Villegas,06392,2500,1040,6656,6400
sorgo,2014,2014/2015,Buenos Aires,06,Guaminí,06399,12000,12000,38400,3200
sorgo,2014,2014/2015,Buenos Aires,06,Hipólito Yrigoyen,06406,600,100,560,5600
sorgo,2014,2014/2015,Buenos Aires,06,Junín,06413,3000,2500,14500,5800
sorgo,2014,2014/2015,Buenos Aires,06,La Plata,06441,100,50,345,6900
sorgo,2014,2014/2015,Buenos Aires,06,Las Flores,06455,1250,1250,5000,4000
sorgo,2014,2014/2015,Buenos Aires,06,Leandro N. Alem,06462,1900,620,4278,6900
sorgo,2014,2014/2015,Buenos Aires,06,Lincoln,06469,2200,870,5742,6600
sorgo,2014,2014/2015,Buenos Aires,06,Lobería,06476,2400,2400,8400,3500
sorgo,2014,2014/2015,Buenos Aires,06,Lobos,06483,1000,1000,5500,5500
sorgo,2014,2014/2015,Buenos Aires,06,Luján,06497,476,231,1663,7199
sorgo,2014,2014/2015,Buenos Aires,06,Magdalena,06505,850,410,2747,6700
sorgo,2014,2014/2015,Buenos Aires,06,Marcos Paz,06525,600,290,2001,6900
sorgo,2014,2014/2015,Buenos Aires,06,Mercedes,06532,1300,1170,5265,4500
sorgo,2014,2014/2015,Buenos Aires,06,Monte,06547,1200,1200,5880,4900
sorgo,2014,2014/2015,Buenos Aires,06,Navarro,06574,1000,1000,5500,5500
sorgo,2014,2014/2015,Buenos Aires,06,Olavarría,06595,5000,2000,11200,5600
sorgo,2014,2014/2015,Buenos Aires,06,Pehuajó,06609,840,690,3312,4800
sorgo,2014,2014/2015,Buenos Aires,06,Pellegrini,06616,5000,5000,16500,3300
sorgo,2014,2014/2015,Buenos Aires,06,Pergamino,06623,2400,2400,18720,7800
sorgo,2014,2014/2015,Buenos Aires,06,Pilar,06638,150,70,497,7100
sorgo,2014,2014/2015,Buenos Aires,06,Puán,06651,1300,800,2720,3400
sorgo,2014,2014/2015,Buenos Aires,06,Punta Indio,06655,824,404,1818,4500
sorgo,2014,2014/2015,Buenos Aires,06,Ramallo,06665,650,650,4485,6900
sorgo,2014,2014/2015,Buenos Aires,06,Rivadavia,06679,220,120,660,5500
sorgo,2014,2014/2015,Buenos Aires,06,Rojas,06686,1400,1000,6000,6000
sorgo,2014,2014/2015,Buenos Aires,06,Roque Pérez,06693,800,800,4000,5000
sorgo,2014,2014/2015,Buenos Aires,06,Saavedra,06700,4500,2500,9750,3900
sorgo,2014,2014/2015,Buenos Aires,06,Saladillo,06707,1100,1100,6050,5500
sorgo,2014,2014/2015,Buenos Aires,06,Salliqueló,06721,3000,3000,9300,3100
sorgo,2014,2014/2015,Buenos Aires,06,Salto,06714,400,400,3120,7800
sorgo,2014,2014/2015,Buenos Aires,06,San Andrés de Giles,06728,2000,1500,8400,5600
sorgo,2014,2014/2015,Buenos Aires,06,San Antonio de Areco,06735,150,150,1035,6900
sorgo,2014,2014/2015,Buenos Aires,06,San Nicolás,06763,650,650,4550,7000
sorgo,2014,2014/2015,Buenos Aires,06,San Pedro,06770,200,200,1360,6800
sorgo,2014,2014/2015,Buenos Aires,06,San Vicente,06778,350,170,1171,6888
sorgo,2014,2014/2015,Buenos Aires,06,Suipacha,06784,300,300,1350,4500
sorgo,2014,2014/2015,Buenos Aires,06,Tandil,06791,300,300,1050,3500
sorgo,2014,2014/2015,Buenos Aires,06,Tapalqué,06798,700,200,1120,5600
sorgo,2014,2014/2015,Buenos Aires,06,Tornquist,06819,6200,3200,12480,3900
sorgo,2014,2014/2015,Buenos Aires,06,Trenque Lauquen,06826,300,200,840,4200
sorgo,2014,2014/2015,Buenos Aires,06,Tres Lomas,06847,4000,4000,12800,3200
sorgo,2014,2014/2015,Buenos Aires,06,Zárate,06882,400,400,2680,6700
sorgo,2014,2014/2015,Catamarca,10,Santa Rosa,10098,500,300,1260,4200
sorgo,2014,2014/2015,Chaco,22,12 de Octubre,22036,9200,8850,30980,3501
sorgo,2014,2014/2015,Chaco,22,2 de Abril,22039,9200,8800,28160,3200
sorgo,2014,2014/2015,Chaco,22,25 de Mayo,22168,250,160,420,2625
sorgo,2014,2014/2015,Chaco,22,9 de Julio,22105,8100,7850,25120,3200
sorgo,2014,2014/2015,Chaco,22,Almirante Brown,22007,5300,3300,15840,4800
sorgo,2014,2014/2015,Chaco,22,Bermejo,22014,400,220,790,3591
sorgo,2014,2014/2015,Chaco,22,Chacabuco,22028,7100,6800,23800,3500
sorgo,2014,2014/2015,Chaco,22,Comandante Fernández,22021,4100,2700,9720,3600
sorgo,2014,2014/2015,Chaco,22,Fray Justo Santa María de Oro,22043,5000,4700,16450,3500
sorgo,2014,2014/2015,Chaco,22,General Belgrano,22049,6000,5800,18560,3200
sorgo,2014,2014/2015,Chaco,22,General Güemes,22063,850,600,2100,3500
sorgo,2014,2014/2015,Chaco,22,Independencia,22070,2100,1400,5600,4000
sorgo,2014,2014/2015,Chaco,22,Libertador General San Martín,22084,930,610,2010,3295
sorgo,2014,2014/2015,Chaco,22,Maipú,22091,2600,1900,7600,4000
sorgo,2014,2014/2015,Chaco,22,Mayor Luis J. Fontana,22098,6000,5700,16530,2900
sorgo,2014,2014/2015,Chaco,22,O'Higgins,22112,2200,2100,7560,3600
sorgo,2014,2014/2015,Chaco,22,Presidencia de la Plaza,22119,100,60,170,2833
sorgo,2014,2014/2015,Chaco,22,Quitilipi,22133,1530,1030,3190,3097
sorgo,2014,2014/2015,Chaco,22,San Fernando,22140,1100,1010,3540,3505
sorgo,2014,2014/2015,Chaco,22,San Lorenzo,22147,700,680,2180,3206
sorgo,2014,2014/2015,Chaco,22,Sargento Cabral,22154,700,480,1630,3396
sorgo,2014,2014/2015,Córdoba,14,Calamuchita,14007,3700,3700,20350,5500
sorgo,2014,2014/2015,Córdoba,14,Capital,14014,300,300,2040,6800
sorgo,2014,2014/2015,Córdoba,14,General Roca,14035,23250,12250,77175,6300
sorgo,2014,2014/2015,Córdoba,14,General San Martín,14042,15800,15800,107440,6800
sorgo,2014,2014/2015,Córdoba,14,Ischilín,14049,6500,6500,40300,6200
sorgo,2014,2014/2015,Córdoba,14,Juárez Celman,14056,12900,12900,70950,5500
sorgo,2014,2014/2015,Córdoba,14,Marcos Juárez,14063,5000,3460,19376,5600
sorgo,2014,2014/2015,Córdoba,14,Pocho,14077,380,380,2090,5500
sorgo,2014,2014/2015,Córdoba,14,Presidente Roque Sáenz Peña,14084,11750,6250,38125,6100
sorgo,2014,2014/2015,Córdoba,14,Río Cuarto,14098,33200,33200,185920,5600
sorgo,2014,2014/2015,Córdoba,14,Río Primero,14105,5500,1500,9750,6500
sorgo,2014,2014/2015,Córdoba,14,Río Segundo,14119,20000,19920,135456,6800
sorgo,2014,2014/2015,Córdoba,14,San Justo,14140,18000,8000,52000,6500
sorgo,2014,2014/2015,Córdoba,14,Santa María,14147,9300,9150,61305,6700
sorgo,2014,2014/2015,Córdoba,14,Tercero Arriba,14161,9826,9826,66817,6800
sorgo,2014,2014/2015,Córdoba,14,Unión,14182,8500,5940,31482,5300
sorgo,2014,2014/2015,Corrientes,18,sin definir,18000,4800,3300,8250,2500
sorgo,2014,2014/2015,Entre Ríos,30,Colón,30008,2500,2250,9450,4200
sorgo,2014,2014/2015,Entre Ríos,30,Concordia,30015,5500,5300,29150,5500
sorgo,2014,2014/2015,Entre Ríos,30,Diamante,30021,3500,3200,19200,6000
sorgo,2014,2014/2015,Entre Ríos,30,Federación,30028,3600,3400,17000,5000
sorgo,2014,2014/2015,Entre Ríos,30,Federal,30035,5000,4500,25200,5600
sorgo,2014,2014/2015,Entre Ríos,30,Feliciano,30042,3600,3100,16120,5200
sorgo,2014,2014/2015,Entre Ríos,30,Gualeguay,30049,5000,4650,25575,5500
sorgo,2014,2014/2015,Entre Ríos,30,Gualeguaychú,30056,6500,5700,26790,4700
sorgo,2014,2014/2015,Entre Ríos,30,La Paz,30070,14000,13200,75240,5700
sorgo,2014,2014/2015,Entre Ríos,30,Nogoyá,30077,7000,6300,30240,4800
sorgo,2014,2014/2015,Entre Ríos,30,Paraná,30084,18000,13300,75810,5700
sorgo,2014,2014/2015,Entre Ríos,30,San Salvador,30088,2500,2300,9430,4100
sorgo,2014,2014/2015,Entre Ríos,30,Tala,30091,5500,5050,23230,4600
sorgo,2014,2014/2015,Entre Ríos,30,Uruguay,30098,7000,6550,29475,4500
sorgo,2014,2014/2015,Entre Ríos,30,Victoria,30105,1500,1300,7540,5800
sorgo,2014,2014/2015,Entre Ríos,30,Villaguay,30113,5500,4900,22540,4600
sorgo,2014,2014/2015,Formosa,34,sin definir,34000,4950,4370,13110,3000
sorgo,2014,2014/2015,La Pampa,42,Atreucó,42007,6600,3630,9438,2600
sorgo,2014,2014/2015,La Pampa,42,Capital,42021,3400,1900,4750,2500
sorgo,2014,2014/2015,La Pampa,42,Catriló,42028,6600,3630,9438,2600
sorgo,2014,2014/2015,La Pampa,42,Chapaleufú,42056,500,500,3000,6000
sorgo,2014,2014/2015,La Pampa,42,Conhelo,42035,3700,3500,14000,4000
sorgo,2014,2014/2015,La Pampa,42,Guatraché,42070,4600,2530,5566,2200
sorgo,2014,2014/2015,La Pampa,42,Hucal,42077,700,400,880,2200
sorgo,2014,2014/2015,La Pampa,42,Maracó,42105,1300,1300,7800,6000
sorgo,2014,2014/2015,La Pampa,42,Quemú Quemú,42119,300,300,1500,5000
sorgo,2014,2014/2015,La Pampa,42,Rancul,42126,2000,1900,7600,4000
sorgo,2014,2014/2015,La Pampa,42,Realicó,42133,3800,3600,18000,5000
sorgo,2014,2014/2015,La Pampa,42,Toay,42140,3300,1800,4320,2400
sorgo,2014,2014/2015,La Pampa,42,Trenel,42147,1100,1000,4000,4000
sorgo,2014,2014/2015,La Pampa,42,Utracán,42154,2000,1100,2530,2300
sorgo,2014,2014/2015,San Luis,74,Ayacucho,74007,500,400,2200,5500
sorgo,2014,2014/2015,San Luis,74,Chacabuco,74028,7500,4500,22500,5000
sorgo,2014,2014/2015,San Luis,74,Coronel Pringles,74021,3500,2000,11000,5500
sorgo,2014,2014/2015,San Luis,74,General Pedernera,74035,12000,7500,39000,5200
sorgo,2014,2014/2015,San Luis,74,Gobernador Dupuy,74042,4000,2500,10000,4000
sorgo,2014,2014/2015,San Luis,74,Juan Martín de Pueyrredón,74056,2500,1750,9630,5503
sorgo,2014,2014/2015,San Luis,74,Junín,74049,500,200,1080,5400
sorgo,2014,2014/2015,San Luis,74,Libertador General San Martín,74063,400,100,450,4500
sorgo,2014,2014/2015,Santa Fe,82,9 de Julio,82077,20400,11400,51300,4500
sorgo,2014,2014/2015,Santa Fe,82,Belgrano,82007,800,800,5200,6500
sorgo,2014,2014/2015,Santa Fe,82,Caseros,82014,1200,1200,8640,7200
sorgo,2014,2014/2015,Santa Fe,82,Castellanos,82021,20000,13000,67600,5200
sorgo,2014,2014/2015,Santa Fe,82,Garay,82035,500,200,920,4600
sorgo,2014,2014/2015,Santa Fe,82,General López,82042,8500,8500,53550,6300
sorgo,2014,2014/2015,Santa Fe,82,General Obligado,82049,15800,11300,50850,4500
sorgo,2014,2014/2015,Santa Fe,82,Iriondo,82056,1000,1000,6500,6500
sorgo,2014,2014/2015,Santa Fe,82,La Capital,82063,3500,2300,10580,4600
sorgo,2014,2014/2015,Santa Fe,82,Las Colonias,82070,13000,8500,42500,5000
sorgo,2014,2014/2015,Santa Fe,82,Rosario,82084,900,900,5850,6500
sorgo,2014,2014/2015,Santa Fe,82,San Cristóbal,82091,21000,14500,66700,4600
sorgo,2014,2014/2015,Santa Fe,82,San Javier,82098,6600,4200,14700,3500
sorgo,2014,2014/2015,Santa Fe,82,San Jerónimo,82105,2200,2200,12100,5500
sorgo,2014,2014/2015,Santa Fe,82,San Justo,82112,5000,3000,16200,5400
sorgo,2014,2014/2015,Santa Fe,82,San Lorenzo,82119,1100,1100,7920,7200
sorgo,2014,2014/2015,Santa Fe,82,San Martín,82126,3000,3000,16500,5500
sorgo,2014,2014/2015,Santa Fe,82,Vera,82133,19700,12800,55040,4300
sorgo,2014,2014/2015,Santa Fe,82,Villa Constitución,82028,1100,1100,7700,7000
sorgo,2014,2014/2015,Santiago del Estero,86,Aguirre,86007,8500,7450,22350,3000
sorgo,2014,2014/2015,Santiago del Estero,86,Alberdi,86014,3000,2680,8580,3201
sorgo,2014,2014/2015,Santiago del Estero,86,Avellaneda,86028,1900,1690,5070,3000
sorgo,2014,2014/2015,Santiago del Estero,86,Banda,86035,2600,1600,5600,3500
sorgo,2014,2014/2015,Santiago del Estero,86,Belgrano,86042,8000,6950,19460,2800
sorgo,2014,2014/2015,Santiago del Estero,86,Capital,86049,1300,800,3040,3800
sorgo,2014,2014/2015,Santiago del Estero,86,Choya,86063,4400,2400,7680,3200
sorgo,2014,2014/2015,Santiago del Estero,86,Copo,86056,3500,3130,9390,3000
sorgo,2014,2014/2015,Santiago del Estero,86,Figueroa,86070,1300,800,2560,3200
sorgo,2014,2014/2015,Santiago del Estero,86,General Taboada,86077,8800,7650,25250,3301
sorgo,2014,2014/2015,Santiago del Estero,86,Guasayán,86084,4400,3400,11900,3500
sorgo,2014,2014/2015,Santiago del Estero,86,Jiménez,86091,3100,2100,7770,3700
sorgo,2014,2014/2015,Santiago del Estero,86,Juan F. Ibarra,86098,15000,13420,45630,3400
sorgo,2014,2014/2015,Santiago del Estero,86,Loreto,86105,2200,1700,5950,3500
sorgo,2014,2014/2015,Santiago del Estero,86,Mitre,86112,3950,2950,10330,3502
sorgo,2014,2014/2015,Santiago del Estero,86,Moreno,86119,22000,19690,61040,3100
sorgo,2014,2014/2015,Santiago del Estero,86,Pellegrini,86133,3950,2450,9070,3702
sorgo,2014,2014/2015,Santiago del Estero,86,Río Hondo,86147,3100,2100,7350,3500
sorgo,2014,2014/2015,Santiago del Estero,86,Rivadavia,86154,7500,6710,22810,3399
sorgo,2014,2014/2015,Santiago del Estero,86,Robles,86161,2200,1700,6460,3800
sorgo,2014,2014/2015,Santiago del Estero,86,San Martín,86175,1300,800,2800,3500
sorgo,2014,2014/2015,Santiago del Estero,86,Sarmiento,86182,1800,1610,4190,2602
sorgo,2014,2014/2015,Santiago del Estero,86,Silípica,86189,2200,1200,4560,3800
sorgo,2014,2014/2015,Tucumán,90,Burruyacú,90007,2400,1800,7920,4400
sorgo,2014,2014/2015,Tucumán,90,Cruz Alta,90014,1000,800,3600,4500
sorgo,2014,2014/2015,Tucumán,90,Graneros,90035,300,200,820,4100
sorgo,2014,2014/2015,Tucumán,90,La Cocha,90049,400,150,630,4200
sorgo,2014,2014/2015,Tucumán,90,Leales,90056,1700,1300,5460,4200
sorgo,2014,2014/2015,Tucumán,90,Simoca,90091,350,250,1000,4000
sorgo,2014,2014/2015,Tucumán,90,Trancas,90112,450,0,0,0
sorgo,2015,2015/2016,Buenos Aires,06,25 de Mayo,06854,1100,1100,4070,3700
sorgo,2015,2015/2016,Buenos Aires,06,9 de Julio,06588,250,175,1575,9000
sorgo,2015,2015/2016,Buenos Aires,06,Adolfo Alsina,06007,16000,15500,63550,4100
sorgo,2015,2015/2016,Buenos Aires,06,Alberti,06021,500,400,3200,8000
sorgo,2015,2015/2016,Buenos Aires,06,Arrecifes,06077,800,800,4800,6000
sorgo,2015,2015/2016,Buenos Aires,06,Azul,06049,4800,2800,10640,3800
sorgo,2015,2015/2016,Buenos Aires,06,Bahía Blanca,06056,850,0,0,0
sorgo,2015,2015/2016,Buenos Aires,06,Balcarce,06063,2500,1300,5200,4000
sorgo,2015,2015/2016,Buenos Aires,06,Baradero,06070,650,650,4030,6200
sorgo,2015,2015/2016,Buenos Aires,06,Bolívar,06105,1300,1300,6500,5000
sorgo,2015,2015/2016,Buenos Aires,06,Bragado,06112,500,400,2400,6000
sorgo,2015,2015/2016,Buenos Aires,06,Brandsen,06119,689,319,1977,6197
sorgo,2015,2015/2016,Buenos Aires,06,Campana,06126,350,350,2100,6000
sorgo,2015,2015/2016,Buenos Aires,06,Cañuelas,06134,492,225,1485,6600
sorgo,2015,2015/2016,Buenos Aires,06,Capitán Sarmiento,06140,500,500,3250,6500
sorgo,2015,2015/2016,Buenos Aires,06,Carlos Casares,06147,600,300,1650,5500
sorgo,2015,2015/2016,Buenos Aires,06,Carlos Tejedor,06154,400,200,1100,5500
sorgo,2015,2015/2016,Buenos Aires,06,Carmen de Areco,06161,2000,1200,6600,5500
sorgo,2015,2015/2016,Buenos Aires,06,Chacabuco,06210,1500,1200,6600,5500
sorgo,2015,2015/2016,Buenos Aires,06,Chascomús,06217,1379,638,3953,6196
sorgo,2015,2015/2016,Buenos Aires,06,Chivilcoy,06224,280,224,1344,6000
sorgo,2015,2015/2016,Buenos Aires,06,Colón,06175,350,350,2310,6600
sorgo,2015,2015/2016,Buenos Aires,06,Coronel de Marina Leonardo Rosales,06182,850,0,0,0
sorgo,2015,2015/2016,Buenos Aires,06,Coronel Suárez,06203,3000,300,1140,3800
sorgo,2015,2015/2016,Buenos Aires,06,Daireaux,06231,1200,1200,6000,5000
sorgo,2015,2015/2016,Buenos Aires,06,Exaltación de la Cruz,06266,400,400,2360,5900
sorgo,2015,2015/2016,Buenos Aires,06,Florentino Ameghino,06277,1200,400,2280,5700
sorgo,2015,2015/2016,Buenos Aires,06,General Alvarado,06280,1100,500,1950,3900
sorgo,2015,2015/2016,Buenos Aires,06,General Alvear,06287,1800,1800,9000,5000
sorgo,2015,2015/2016,Buenos Aires,06,General Arenales,06294,1000,800,4480,5600
sorgo,2015,2015/2016,Buenos Aires,06,General La Madrid,06322,2800,0,0,0
sorgo,2015,2015/2016,Buenos Aires,06,General Las Heras,06329,148,70,485,6929
sorgo,2015,2015/2016,Buenos Aires,06,General Paz,06343,492,225,1463,6502
sorgo,2015,2015/2016,Buenos Aires,06,General Pinto,06351,1200,400,2320,5800
sorgo,2015,2015/2016,Buenos Aires,06,General Viamonte,06385,2100,900,4860,5400
sorgo,2015,2015/2016,Buenos Aires,06,General Villegas,06392,2800,1300,7280,5600
sorgo,2015,2015/2016,Buenos Aires,06,Guaminí,06399,12000,11500,50600,4400
sorgo,2015,2015/2016,Buenos Aires,06,Hipólito Yrigoyen,06406,400,400,2000,5000
sorgo,2015,2015/2016,Buenos Aires,06,Junín,06413,3000,2500,14000,5600
sorgo,2015,2015/2016,Buenos Aires,06,La Plata,06441,99,47,305,6489
sorgo,2015,2015/2016,Buenos Aires,06,Las Flores,06455,750,750,2850,3800
sorgo,2015,2015/2016,Buenos Aires,06,Leandro N. Alem,06462,2100,800,4400,5500
sorgo,2015,2015/2016,Buenos Aires,06,Lincoln,06469,2500,1100,6050,5500
sorgo,2015,2015/2016,Buenos Aires,06,Lobería,06476,4200,2200,8800,4000
sorgo,2015,2015/2016,Buenos Aires,06,Lobos,06483,600,600,2040,3400
sorgo,2015,2015/2016,Buenos Aires,06,Luján,06497,469,217,1473,6788
sorgo,2015,2015/2016,Buenos Aires,06,Magdalena,06505,837,384,2499,6508
sorgo,2015,2015/2016,Buenos Aires,06,Marcos Paz,06525,591,272,1822,6699
sorgo,2015,2015/2016,Buenos Aires,06,Mercedes,06532,1500,1200,6000,5000
sorgo,2015,2015/2016,Buenos Aires,06,Monte,06547,500,500,1750,3500
sorgo,2015,2015/2016,Buenos Aires,06,Navarro,06574,700,700,2520,3600
sorgo,2015,2015/2016,Buenos Aires,06,Olavarría,06595,2900,2900,14500,5000
sorgo,2015,2015/2016,Buenos Aires,06,Patagones,06602,2000,0,0,0
sorgo,2015,2015/2016,Buenos Aires,06,Pehuajó,06609,2500,2400,14400,6000
sorgo,2015,2015/2016,Buenos Aires,06,Pellegrini,06616,5000,4750,19950,4200
sorgo,2015,2015/2016,Buenos Aires,06,Pergamino,06623,1900,1900,12920,6800
sorgo,2015,2015/2016,Buenos Aires,06,Pilar,06638,148,66,459,6955
sorgo,2015,2015/2016,Buenos Aires,06,Puán,06651,3000,500,1750,3500
sorgo,2015,2015/2016,Buenos Aires,06,Punta Indio,06655,812,379,2424,6396
sorgo,2015,2015/2016,Buenos Aires,06,Ramallo,06665,150,150,900,6000
sorgo,2015,2015/2016,Buenos Aires,06,Rivadavia,06679,250,150,975,6500
sorgo,2015,2015/2016,Buenos Aires,06,Rojas,06686,1400,1000,5800,5800
sorgo,2015,2015/2016,Buenos Aires,06,Roque Pérez,06693,500,500,1750,3500
sorgo,2015,2015/2016,Buenos Aires,06,Saavedra,06700,4000,500,1750,3500
sorgo,2015,2015/2016,Buenos Aires,06,Saladillo,06707,650,650,2340,3600
sorgo,2015,2015/2016,Buenos Aires,06,Salliqueló,06721,3000,2800,11760,4200
sorgo,2015,2015/2016,Buenos Aires,06,Salto,06714,300,300,1950,6500
sorgo,2015,2015/2016,Buenos Aires,06,San Andrés de Giles,06728,2200,1700,9180,5400
sorgo,2015,2015/2016,Buenos Aires,06,San Antonio de Areco,06735,200,200,1240,6200
sorgo,2015,2015/2016,Buenos Aires,06,San Nicolás,06763,800,800,5040,6300
sorgo,2015,2015/2016,Buenos Aires,06,San Pedro,06770,200,200,1220,6100
sorgo,2015,2015/2016,Buenos Aires,06,San Vicente,06778,345,159,1052,6616
sorgo,2015,2015/2016,Buenos Aires,06,Suipacha,06784,200,160,800,5000
sorgo,2015,2015/2016,Buenos Aires,06,Tandil,06791,3200,1400,5880,4200
sorgo,2015,2015/2016,Buenos Aires,06,Tapalqué,06798,400,400,2000,5000
sorgo,2015,2015/2016,Buenos Aires,06,Tornquist,06819,5500,1300,4160,3200
sorgo,2015,2015/2016,Buenos Aires,06,Trenque Lauquen,06826,300,200,1200,6000
sorgo,2015,2015/2016,Buenos Aires,06,Tres Lomas,06847,4000,3800,15960,4200
sorgo,2015,2015/2016,Buenos Aires,06,Villarino,06875,250,0,0,0
sorgo,2015,2015/2016,Buenos Aires,06,Zárate,06882,400,400,2400,6000
sorgo,2015,2015/2016,Catamarca,10,Santa Rosa,10098,400,200,940,4700
sorgo,2015,2015/2016,Chaco,22,12 de Octubre,22036,5500,5500,18700,3400
sorgo,2015,2015/2016,Chaco,22,2 de Abril,22039,6500,6250,21250,3400
sorgo,2015,2015/2016,Chaco,22,25 de Mayo,22168,200,200,680,3400
sorgo,2015,2015/2016,Chaco,22,9 de Julio,22105,5000,5000,16000,3200
sorgo,2015,2015/2016,Chaco,22,Almirante Brown,22007,6000,6000,25200,4200
sorgo,2015,2015/2016,Chaco,22,Bermejo,22014,400,400,1440,3600
sorgo,2015,2015/2016,Chaco,22,Chacabuco,22028,5000,5000,17500,3500
sorgo,2015,2015/2016,Chaco,22,Comandante Fernández,22021,3500,3500,14000,4000
sorgo,2015,2015/2016,Chaco,22,Fray Justo Santa María de Oro,22043,5200,5200,16640,3200
sorgo,2015,2015/2016,Chaco,22,General Belgrano,22049,3500,3500,11900,3400
sorgo,2015,2015/2016,Chaco,22,General Güemes,22063,2000,2000,7600,3800
sorgo,2015,2015/2016,Chaco,22,Independencia,22070,6500,6500,23400,3600
sorgo,2015,2015/2016,Chaco,22,Libertador General San Martín,22084,500,500,1550,3100
sorgo,2015,2015/2016,Chaco,22,Maipú,22091,3000,3000,12300,4100
sorgo,2015,2015/2016,Chaco,22,Mayor Luis J. Fontana,22098,6500,6280,22608,3600
sorgo,2015,2015/2016,Chaco,22,O'Higgins,22112,2500,2500,8750,3500
sorgo,2015,2015/2016,Chaco,22,Presidencia de la Plaza,22119,50,50,150,3000
sorgo,2015,2015/2016,Chaco,22,Quitilipi,22133,500,500,1900,3800
sorgo,2015,2015/2016,Chaco,22,San Fernando,22140,800,710,2130,3000
sorgo,2015,2015/2016,Chaco,22,San Lorenzo,22147,1000,980,3136,3200
sorgo,2015,2015/2016,Chaco,22,Sargento Cabral,22154,200,200,900,4500
sorgo,2015,2015/2016,Córdoba,14,Calamuchita,14007,3850,3650,20075,5500
sorgo,2015,2015/2016,Córdoba,14,Capital,14014,300,280,1400,5000
sorgo,2015,2015/2016,Córdoba,14,General Roca,14035,24000,12000,78000,6500
sorgo,2015,2015/2016,Córdoba,14,General San Martín,14042,16000,15000,90000,6000
sorgo,2015,2015/2016,Córdoba,14,Ischilín,14049,6500,6500,35750,5500
sorgo,2015,2015/2016,Córdoba,14,Juárez Celman,14056,13440,12940,77640,6000
sorgo,2015,2015/2016,Córdoba,14,Marcos Juárez,14063,3100,2000,10000,5000
sorgo,2015,2015/2016,Córdoba,14,Pocho,14077,400,350,1750,5000
sorgo,2015,2015/2016,Córdoba,14,Presidente Roque Sáenz Peña,14084,7000,500,3250,6500
sorgo,2015,2015/2016,Córdoba,14,Río Cuarto,14098,34700,33700,185350,5500
sorgo,2015,2015/2016,Córdoba,14,Río Primero,14105,5500,2500,15000,6000
sorgo,2015,2015/2016,Córdoba,14,Río Segundo,14119,20500,19000,95000,5000
sorgo,2015,2015/2016,Córdoba,14,San Justo,14140,26000,18500,114700,6200
sorgo,2015,2015/2016,Córdoba,14,Santa María,14147,9300,8800,44000,5000
sorgo,2015,2015/2016,Córdoba,14,Tercero Arriba,14161,9900,9400,56400,6000
sorgo,2015,2015/2016,Córdoba,14,Unión,14182,10500,7600,34200,4500
sorgo,2015,2015/2016,Corrientes,18,sin definir,18000,5000,4000,12000,3000
sorgo,2015,2015/2016,Entre Ríos,30,Colón,30008,2500,2150,8170,3800
sorgo,2015,2015/2016,Entre Ríos,30,Concordia,30015,6000,5000,25500,5100
sorgo,2015,2015/2016,Entre Ríos,30,Diamante,30021,2000,1700,9010,5300
sorgo,2015,2015/2016,Entre Ríos,30,Federación,30028,3500,3500,16450,4700
sorgo,2015,2015/2016,Entre Ríos,30,Federal,30035,6000,5500,30250,5500
sorgo,2015,2015/2016,Entre Ríos,30,Feliciano,30042,4500,4000,18800,4700
sorgo,2015,2015/2016,Entre Ríos,30,Gualeguay,30049,5000,4000,18000,4500
sorgo,2015,2015/2016,Entre Ríos,30,Gualeguaychú,30056,6000,5200,22360,4300
sorgo,2015,2015/2016,Entre Ríos,30,La Paz,30070,16000,13000,71500,5500
sorgo,2015,2015/2016,Entre Ríos,30,Nogoyá,30077,7000,5850,21060,3600
sorgo,2015,2015/2016,Entre Ríos,30,Paraná,30084,19000,17000,88400,5200
sorgo,2015,2015/2016,Entre Ríos,30,San Salvador,30088,2000,1500,5700,3800
sorgo,2015,2015/2016,Entre Ríos,30,Tala,30091,5500,4800,17760,3700
sorgo,2015,2015/2016,Entre Ríos,30,Uruguay,30098,6500,5800,22040,3800
sorgo,2015,2015/2016,Entre Ríos,30,Victoria,30105,1500,1400,6300,4500
sorgo,2015,2015/2016,Entre Ríos,30,Villaguay,30113,5500,5000,18000,3600
sorgo,2015,2015/2016,Formosa,34,sin definir,34000,9500,3000,10500,3500
sorgo,2015,2015/2016,La Pampa,42,Atreucó,42007,6000,6000,24000,4000
sorgo,2015,2015/2016,La Pampa,42,Capital,42021,3400,3400,10200,3000
sorgo,2015,2015/2016,La Pampa,42,Catriló,42028,6300,6300,18900,3000
sorgo,2015,2015/2016,La Pampa,42,Chapaleufú,42056,500,500,2750,5500
sorgo,2015,2015/2016,La Pampa,42,Conhelo,42035,3700,3500,15750,4500
sorgo,2015,2015/2016,La Pampa,42,Guatraché,42070,6300,6300,18900,3000
sorgo,2015,2015/2016,La Pampa,42,Hucal,42077,700,700,2100,3000
sorgo,2015,2015/2016,La Pampa,42,Maracó,42105,1300,1300,7150,5500
sorgo,2015,2015/2016,La Pampa,42,Quemú Quemú,42119,300,300,1500,5000
sorgo,2015,2015/2016,La Pampa,42,Rancul,42126,2000,1900,10450,5500
sorgo,2015,2015/2016,La Pampa,42,Realicó,42133,3800,3600,16200,4500
sorgo,2015,2015/2016,La Pampa,42,Toay,42140,3300,3300,9900,3000
sorgo,2015,2015/2016,La Pampa,42,Trenel,42147,1100,1000,6000,6000
sorgo,2015,2015/2016,La Pampa,42,Utracán,42154,2000,2000,6000,3000
sorgo,2015,2015/2016,San Luis,74,Ayacucho,74007,600,600,3300,5500
sorgo,2015,2015/2016,San Luis,74,Chacabuco,74028,6500,1000,5200,5200
sorgo,2015,2015/2016,San Luis,74,Coronel Pringles,74021,2000,500,2400,4800
sorgo,2015,2015/2016,San Luis,74,General Pedernera,74035,12000,5000,26500,5300
sorgo,2015,2015/2016,San Luis,74,Gobernador Dupuy,74042,2500,1000,4000,4000
sorgo,2015,2015/2016,San Luis,74,Juan Martín de Pueyrredón,74056,1700,500,2200,4400
sorgo,2015,2015/2016,San Luis,74,Junín,74049,500,200,1060,5300
sorgo,2015,2015/2016,San Luis,74,Libertador General San Martín,74063,500,100,450,4500
sorgo,2015,2015/2016,Santa Fe,82,9 de Julio,82077,13200,5200,19760,3800
sorgo,2015,2015/2016,Santa Fe,82,Belgrano,82007,800,800,5600,7000
sorgo,2015,2015/2016,Santa Fe,82,Caseros,82014,1200,1200,8400,7000
sorgo,2015,2015/2016,Santa Fe,82,Castellanos,82021,20000,12000,51600,4300
sorgo,2015,2015/2016,Santa Fe,82,Garay,82035,500,0,0,0
sorgo,2015,2015/2016,Santa Fe,82,General López,82042,10700,10700,62060,5800
sorgo,2015,2015/2016,Santa Fe,82,General Obligado,82049,10000,6400,17280,2700
sorgo,2015,2015/2016,Santa Fe,82,Iriondo,82056,900,900,5400,6000
sorgo,2015,2015/2016,Santa Fe,82,La Capital,82063,3500,2500,10000,4000
sorgo,2015,2015/2016,Santa Fe,82,Las Colonias,82070,15000,9500,41800,4400
sorgo,2015,2015/2016,Santa Fe,82,Rosario,82084,900,900,5400,6000
sorgo,2015,2015/2016,Santa Fe,82,San Cristóbal,82091,24000,15000,67500,4500
sorgo,2015,2015/2016,Santa Fe,82,San Javier,82098,5000,2100,5880,2800
sorgo,2015,2015/2016,Santa Fe,82,San Jerónimo,82105,3100,3100,20150,6500
sorgo,2015,2015/2016,Santa Fe,82,San Justo,82112,5000,3000,15000,5000
sorgo,2015,2015/2016,Santa Fe,82,San Lorenzo,82119,1100,1100,7700,7000
sorgo,2015,2015/2016,Santa Fe,82,San Martín,82126,4200,4200,16800,4000
sorgo,2015,2015/2016,Santa Fe,82,Vera,82133,15000,10500,36750,3500
sorgo,2015,2015/2016,Santa Fe,82,Villa Constitución,82028,1100,1100,7480,6800
sorgo,2015,2015/2016,Santiago del Estero,86,Aguirre,86007,10000,10000,35000,3500
sorgo,2015,2015/2016,Santiago del Estero,86,Alberdi,86014,3000,3000,10500,3500
sorgo,2015,2015/2016,Santiago del Estero,86,Avellaneda,86028,2000,2000,7000,3500
sorgo,2015,2015/2016,Santiago del Estero,86,Banda,86035,3000,2700,9450,3500
sorgo,2015,2015/2016,Santiago del Estero,86,Belgrano,86042,10000,10000,35000,3500
sorgo,2015,2015/2016,Santiago del Estero,86,Capital,86049,2500,2500,9500,3800
sorgo,2015,2015/2016,Santiago del Estero,86,Choya,86063,5000,4500,15750,3500
sorgo,2015,2015/2016,Santiago del Estero,86,Copo,86056,3500,3500,12250,3500
sorgo,2015,2015/2016,Santiago del Estero,86,Figueroa,86070,1500,1500,5250,3500
sorgo,2015,2015/2016,Santiago del Estero,86,General Taboada,86077,11000,11000,38500,3500
sorgo,2015,2015/2016,Santiago del Estero,86,Guasayán,86084,5000,4500,17100,3800
sorgo,2015,2015/2016,Santiago del Estero,86,Jiménez,86091,10000,10000,42000,4200
sorgo,2015,2015/2016,Santiago del Estero,86,Juan F. Ibarra,86098,15000,15000,52500,3500
sorgo,2015,2015/2016,Santiago del Estero,86,Loreto,86105,3000,2500,8750,3500
sorgo,2015,2015/2016,Santiago del Estero,86,Mitre,86112,6000,6000,22800,3800
sorgo,2015,2015/2016,Santiago del Estero,86,Moreno,86119,22000,22000,77000,3500
sorgo,2015,2015/2016,Santiago del Estero,86,Pellegrini,86133,4500,4500,15750,3500
sorgo,2015,2015/2016,Santiago del Estero,86,Río Hondo,86147,3500,3500,13300,3800
sorgo,2015,2015/2016,Santiago del Estero,86,Rivadavia,86154,7500,7500,26250,3500
sorgo,2015,2015/2016,Santiago del Estero,86,Robles,86161,3500,3000,11400,3800
sorgo,2015,2015/2016,Santiago del Estero,86,San Martín,86175,2000,2000,7600,3800
sorgo,2015,2015/2016,Santiago del Estero,86,Sarmiento,86182,3500,3000,11400,3800
sorgo,2016,2016/2017,Buenos Aires,06,25 de Mayo,06854,1500,1500,5550,3700
sorgo,2016,2016/2017,Buenos Aires,06,9 de Julio,06588,3000,300,2400,8000
sorgo,2016,2016/2017,Buenos Aires,06,Adolfo Alsina,06007,20000,20000,86000,4300
sorgo,2016,2016/2017,Buenos Aires,06,Alberti,06021,500,250,2000,8000
sorgo,2016,2016/2017,Buenos Aires,06,Arrecifes,06077,1400,1400,10780,7700
sorgo,2016,2016/2017,Buenos Aires,06,Azul,06049,1000,300,1200,4000
sorgo,2016,2016/2017,Buenos Aires,06,Bahía Blanca,06056,800,0,0,0
sorgo,2016,2016/2017,Buenos Aires,06,Balcarce,06063,500,200,880,4400
sorgo,2016,2016/2017,Buenos Aires,06,Baradero,06070,650,650,5200,8000
sorgo,2016,2016/2017,Buenos Aires,06,Benito Juárez,06084,800,100,400,4000
sorgo,2016,2016/2017,Buenos Aires,06,Bragado,06112,1000,500,3750,7500
sorgo,2016,2016/2017,Buenos Aires,06,Brandsen,06119,750,350,2380,6800
sorgo,2016,2016/2017,Buenos Aires,06,Campana,06126,300,300,2400,8000
sorgo,2016,2016/2017,Buenos Aires,06,Cañuelas,06134,500,220,1540,7000
sorgo,2016,2016/2017,Buenos Aires,06,Capitán Sarmiento,06140,400,400,3400,8500
sorgo,2016,2016/2017,Buenos Aires,06,Carlos Casares,06147,400,100,650,6500
sorgo,2016,2016/2017,Buenos Aires,06,Carlos Tejedor,06154,1030,830,4980,6000
sorgo,2016,2016/2017,Buenos Aires,06,Carmen de Areco,06161,1200,860,4988,5800
sorgo,2016,2016/2017,Buenos Aires,06,Castelli,06168,150,0,0,0
sorgo,2016,2016/2017,Buenos Aires,06,Chacabuco,06210,700,450,2925,6500
sorgo,2016,2016/2017,Buenos Aires,06,Chascomús,06217,1450,650,4225,6500
sorgo,2016,2016/2017,Buenos Aires,06,Chivilcoy,06224,500,250,2000,8000
sorgo,2016,2016/2017,Buenos Aires,06,Colón,06175,150,150,1305,8700
sorgo,2016,2016/2017,Buenos Aires,06,Coronel de Marina Leonardo Rosales,06182,900,0,0,0
sorgo,2016,2016/2017,Buenos Aires,06,Coronel Suárez,06203,8800,3000,9600,3200
sorgo,2016,2016/2017,Buenos Aires,06,Exaltación de la Cruz,06266,300,300,2460,8200
sorgo,2016,2016/2017,Buenos Aires,06,Florentino Ameghino,06277,1820,700,2940,4200
sorgo,2016,2016/2017,Buenos Aires,06,General Alvarado,06280,250,100,420,4200
sorgo,2016,2016/2017,Buenos Aires,06,General Arenales,06294,600,250,1550,6200
sorgo,2016,2016/2017,Buenos Aires,06,General Juan Madariaga,06315,150,0,0,0
sorgo,2016,2016/2017,Buenos Aires,06,General La Madrid,06322,8900,2800,8400,3000
sorgo,2016,2016/2017,Buenos Aires,06,General Las Heras,06329,160,80,536,6700
sorgo,2016,2016/2017,Buenos Aires,06,General Paz,06343,500,220,1452,6600
sorgo,2016,2016/2017,Buenos Aires,06,General Pinto,06351,2260,900,3870,4300
sorgo,2016,2016/2017,Buenos Aires,06,General Viamonte,06385,3270,1680,7728,4600
sorgo,2016,2016/2017,Buenos Aires,06,General Villegas,06392,2900,770,2926,3800
sorgo,2016,2016/2017,Buenos Aires,06,Guaminí,06399,15000,15000,69000,4600
sorgo,2016,2016/2017,Buenos Aires,06,Junín,06413,1550,800,4960,6200
sorgo,2016,2016/2017,Buenos Aires,06,La Plata,06441,100,40,268,6700
sorgo,2016,2016/2017,Buenos Aires,06,Las Flores,06455,1000,1000,3800,3800
sorgo,2016,2016/2017,Buenos Aires,06,Leandro N. Alem,06462,3070,1250,5750,4600
sorgo,2016,2016/2017,Buenos Aires,06,Lincoln,06469,3570,1600,7360,4600
sorgo,2016,2016/2017,Buenos Aires,06,Lobería,06476,1100,350,1505,4300
sorgo,2016,2016/2017,Buenos Aires,06,Lobos,06483,900,900,3150,3500
sorgo,2016,2016/2017,Buenos Aires,06,Luján,06497,470,210,1428,6800
sorgo,2016,2016/2017,Buenos Aires,06,Magdalena,06505,850,390,2535,6500
sorgo,2016,2016/2017,Buenos Aires,06,Maipú,06511,100,0,0,0
sorgo,2016,2016/2017,Buenos Aires,06,Mar Chiquita,06518,250,0,0,0
sorgo,2016,2016/2017,Buenos Aires,06,Marcos Paz,06525,600,260,1794,6900
sorgo,2016,2016/2017,Buenos Aires,06,Mercedes,06532,1800,1440,8640,6000
sorgo,2016,2016/2017,Buenos Aires,06,Monte,06547,800,800,2800,3500
sorgo,2016,2016/2017,Buenos Aires,06,Navarro,06574,1000,1000,3600,3600
sorgo,2016,2016/2017,Buenos Aires,06,Patagones,06602,1800,0,0,0
sorgo,2016,2016/2017,Buenos Aires,06,Pehuajó,06609,750,650,4225,6500
sorgo,2016,2016/2017,Buenos Aires,06,Pellegrini,06616,6000,6000,25800,4300
sorgo,2016,2016/2017,Buenos Aires,06,Pergamino,06623,4600,4600,40480,8800
sorgo,2016,2016/2017,Buenos Aires,06,Pilar,06638,150,65,455,7000
sorgo,2016,2016/2017,Buenos Aires,06,Puán,06651,18000,3000,9000,3000
sorgo,2016,2016/2017,Buenos Aires,06,Punta Indio,06655,850,400,2600,6500
sorgo,2016,2016/2017,Buenos Aires,06,Ramallo,06665,1050,1050,8400,8000
sorgo,2016,2016/2017,Buenos Aires,06,Rivadavia,06679,150,50,350,7000
sorgo,2016,2016/2017,Buenos Aires,06,Rojas,06686,2480,1580,9796,6200
sorgo,2016,2016/2017,Buenos Aires,06,Roque Pérez,06693,800,800,2800,3500
sorgo,2016,2016/2017,Buenos Aires,06,Saavedra,06700,12600,4000,12000,3000
sorgo,2016,2016/2017,Buenos Aires,06,Saladillo,06707,1000,1000,3500,3500
sorgo,2016,2016/2017,Buenos Aires,06,Salliqueló,06721,4000,4000,18000,4500
sorgo,2016,2016/2017,Buenos Aires,06,Salto,06714,300,300,2550,8500
sorgo,2016,2016/2017,Buenos Aires,06,San Andrés de Giles,06728,1900,990,5742,5800
sorgo,2016,2016/2017,Buenos Aires,06,San Antonio de Areco,06735,200,200,1640,8200
sorgo,2016,2016/2017,Buenos Aires,06,San Nicolás,06763,1700,1700,14450,8500
sorgo,2016,2016/2017,Buenos Aires,06,San Pedro,06770,250,250,2100,8400
sorgo,2016,2016/2017,Buenos Aires,06,San Vicente,06778,350,160,1088,6800
sorgo,2016,2016/2017,Buenos Aires,06,Suipacha,06784,1000,500,3000,6000
sorgo,2016,2016/2017,Buenos Aires,06,Tandil,06791,2900,1600,7040,4400
sorgo,2016,2016/2017,Buenos Aires,06,Tornquist,06819,18000,5500,16500,3000
sorgo,2016,2016/2017,Buenos Aires,06,Trenque Lauquen,06826,2230,2130,12354,5800
sorgo,2016,2016/2017,Buenos Aires,06,Tres Lomas,06847,5000,5000,23000,4600
sorgo,2016,2016/2017,Buenos Aires,06,Villarino,06875,500,0,0,0
sorgo,2016,2016/2017,Buenos Aires,06,Zárate,06882,300,300,2430,8100
sorgo,2016,2016/2017,Catamarca,10,Santa Rosa,10098,300,200,840,4200
sorgo,2016,2016/2017,Chaco,22,12 de Octubre,22036,3070,2750,12650,4600
sorgo,2016,2016/2017,Chaco,22,2 de Abril,22039,3430,3080,12320,4000
sorgo,2016,2016/2017,Chaco,22,25 de Mayo,22168,520,520,1820,3500
sorgo,2016,2016/2017,Chaco,22,9 de Julio,22105,2720,2440,11712,4800
sorgo,2016,2016/2017,Chaco,22,Almirante Brown,22007,1950,1950,9750,5000
sorgo,2016,2016/2017,Chaco,22,Chacabuco,22028,2720,2440,9760,4000
sorgo,2016,2016/2017,Chaco,22,Comandante Fernández,22021,5540,5540,22160,4000
sorgo,2016,2016/2017,Chaco,22,Fray Justo Santa María de Oro,22043,2840,2550,10200,4000
sorgo,2016,2016/2017,Chaco,22,General Belgrano,22049,2000,1800,8640,4800
sorgo,2016,2016/2017,Chaco,22,General Güemes,22063,2200,2200,7920,3600
sorgo,2016,2016/2017,Chaco,22,Independencia,22070,3970,3970,15880,4000
sorgo,2016,2016/2017,Chaco,22,Libertador General San Martín,22084,360,360,1044,2900
sorgo,2016,2016/2017,Chaco,22,Maipú,22091,2490,2490,8715,3500
sorgo,2016,2016/2017,Chaco,22,Mayor Luis J. Fontana,22098,3660,3600,17280,4800
sorgo,2016,2016/2017,Chaco,22,O'Higgins,22112,1420,1270,4699,3700
sorgo,2016,2016/2017,Chaco,22,Presidencia de la Plaza,22119,45,45,126,2800
sorgo,2016,2016/2017,Chaco,22,Quitilipi,22133,185,185,574,3103
sorgo,2016,2016/2017,Chaco,22,San Fernando,22140,410,350,1295,3700
sorgo,2016,2016/2017,Chaco,22,San Lorenzo,22147,600,540,2322,4300
sorgo,2016,2016/2017,Chaco,22,Sargento Cabral,22154,1160,1160,5220,4500
sorgo,2016,2016/2017,Córdoba,14,Calamuchita,14007,850,850,4250,5000
sorgo,2016,2016/2017,Córdoba,14,Capital,14014,300,300,1800,6000
sorgo,2016,2016/2017,Córdoba,14,Colón,14021,6000,5500,31350,5700
sorgo,2016,2016/2017,Córdoba,14,General Roca,14035,10000,3500,22750,6500
sorgo,2016,2016/2017,Córdoba,14,General San Martín,14042,4200,3700,22200,6000
sorgo,2016,2016/2017,Córdoba,14,Juárez Celman,14056,3500,3500,19250,5500
sorgo,2016,2016/2017,Córdoba,14,Marcos Juárez,14063,3000,2550,13515,5300
sorgo,2016,2016/2017,Córdoba,14,Pocho,14077,400,400,1600,4000
sorgo,2016,2016/2017,Córdoba,14,Presidente Roque Sáenz Peña,14084,11000,4500,29250,6500
sorgo,2016,2016/2017,Córdoba,14,Río Cuarto,14098,3780,3780,18900,5000
sorgo,2016,2016/2017,Córdoba,14,Río Primero,14105,5000,3000,18600,6200
sorgo,2016,2016/2017,Córdoba,14,Río Segundo,14119,4600,4100,24600,6000
sorgo,2016,2016/2017,Córdoba,14,San Justo,14140,24000,17000,103700,6100
sorgo,2016,2016/2017,Córdoba,14,Santa María,14147,2200,1900,11400,6000
sorgo,2016,2016/2017,Córdoba,14,Tercero Arriba,14161,10000,9000,54000,6000
sorgo,2016,2016/2017,Córdoba,14,Totoral,14168,520,420,2394,5700
sorgo,2016,2016/2017,Córdoba,14,Unión,14182,8000,6650,30590,4600
sorgo,2016,2016/2017,Corrientes,18,sin definir,18000,4000,2500,7500,3000
sorgo,2016,2016/2017,Entre Ríos,30,Colón,30008,3500,3000,13500,4500
sorgo,2016,2016/2017,Entre Ríos,30,Concordia,30015,5200,4400,22880,5200
sorgo,2016,2016/2017,Entre Ríos,30,Diamante,30021,3000,2600,15600,6000
sorgo,2016,2016/2017,Entre Ríos,30,Federación,30028,3000,1900,9500,5000
sorgo,2016,2016/2017,Entre Ríos,30,Federal,30035,5200,4300,23220,5400
sorgo,2016,2016/2017,Entre Ríos,30,Feliciano,30042,3900,3400,17680,5200
sorgo,2016,2016/2017,Entre Ríos,30,Gualeguay,30049,3500,3000,16500,5500
sorgo,2016,2016/2017,Entre Ríos,30,Gualeguaychú,30056,6000,5000,28000,5600
sorgo,2016,2016/2017,Entre Ríos,30,La Paz,30070,13700,11500,63250,5500
sorgo,2016,2016/2017,Entre Ríos,30,Nogoyá,30077,16500,15000,72000,4800
sorgo,2016,2016/2017,Entre Ríos,30,Paraná,30084,21400,18200,101920,5600
sorgo,2016,2016/2017,Entre Ríos,30,San Salvador,30088,2500,2200,11000,5000
sorgo,2016,2016/2017,Entre Ríos,30,Tala,30091,6500,6000,31800,5300
sorgo,2016,2016/2017,Entre Ríos,30,Uruguay,30098,11000,10500,55650,5300
sorgo,2016,2016/2017,Entre Ríos,30,Victoria,30105,3500,3300,18150,5500
sorgo,2016,2016/2017,Entre Ríos,30,Villaguay,30113,13000,12000,57600,4800
sorgo,2016,2016/2017,Formosa,34,sin definir,34000,23000,22000,66000,3000
sorgo,2016,2016/2017,La Pampa,42,Atreucó,42007,6000,4000,10000,2500
sorgo,2016,2016/2017,La Pampa,42,Capital,42021,3400,1600,5600,3500
sorgo,2016,2016/2017,La Pampa,42,Catriló,42028,6300,5900,26550,4500
sorgo,2016,2016/2017,La Pampa,42,Chapaleufú,42056,300,300,1350,4500
sorgo,2016,2016/2017,La Pampa,42,Conhelo,42035,200,200,800,4000
sorgo,2016,2016/2017,La Pampa,42,Guatraché,42070,6300,6100,12200,2000
sorgo,2016,2016/2017,La Pampa,42,Hucal,42077,700,700,1400,2000
sorgo,2016,2016/2017,La Pampa,42,Maracó,42105,200,200,800,4000
sorgo,2016,2016/2017,La Pampa,42,Quemú Quemú,42119,200,200,800,4000
sorgo,2016,2016/2017,La Pampa,42,Rancul,42126,2200,2100,9450,4500
sorgo,2016,2016/2017,La Pampa,42,Realicó,42133,200,200,800,4000
sorgo,2016,2016/2017,La Pampa,42,Toay,42140,3300,2300,4600,2000
sorgo,2016,2016/2017,La Pampa,42,Trenel,42147,600,600,2400,4000
sorgo,2016,2016/2017,La Pampa,42,Utracán,42154,2000,2000,4400,2200
sorgo,2016,2016/2017,San Luis,74,Ayacucho,74007,600,300,1410,4700
sorgo,2016,2016/2017,San Luis,74,Chacabuco,74028,3500,500,2050,4100
sorgo,2016,2016/2017,San Luis,74,Coronel Pringles,74021,2000,300,1320,4400
sorgo,2016,2016/2017,San Luis,74,General Pedernera,74035,3200,3000,14400,4800
sorgo,2016,2016/2017,San Luis,74,Gobernador Dupuy,74042,1700,1200,4560,3800
sorgo,2016,2016/2017,San Luis,74,Juan Martín de Pueyrredón,74056,1700,1200,5400,4500
sorgo,2016,2016/2017,San Luis,74,Junín,74049,500,100,430,4300
sorgo,2016,2016/2017,San Luis,74,Libertador General San Martín,74063,500,100,430,4300
sorgo,2016,2016/2017,Santa Fe,82,9 de Julio,82077,13200,8700,41760,4800
sorgo,2016,2016/2017,Santa Fe,82,Belgrano,82007,1800,1800,10620,5900
sorgo,2016,2016/2017,Santa Fe,82,Caseros,82014,1200,1200,9840,8200
sorgo,2016,2016/2017,Santa Fe,82,Castellanos,82021,10250,5450,24525,4500
sorgo,2016,2016/2017,Santa Fe,82,Garay,82035,1000,700,2800,4000
sorgo,2016,2016/2017,Santa Fe,82,General López,82042,3230,2430,15795,6500
sorgo,2016,2016/2017,Santa Fe,82,General Obligado,82049,10000,7000,21000,3000
sorgo,2016,2016/2017,Santa Fe,82,Iriondo,82056,2300,2300,13570,5900
sorgo,2016,2016/2017,Santa Fe,82,La Capital,82063,3500,2400,10800,4500
sorgo,2016,2016/2017,Santa Fe,82,Las Colonias,82070,5250,2850,14250,5000
sorgo,2016,2016/2017,Santa Fe,82,Rosario,82084,900,900,6300,7000
sorgo,2016,2016/2017,Santa Fe,82,San Cristóbal,82091,25000,17300,77850,4500
sorgo,2016,2016/2017,Santa Fe,82,San Javier,82098,5000,3800,14440,3800
sorgo,2016,2016/2017,Santa Fe,82,San Jerónimo,82105,3800,3100,12400,4000
sorgo,2016,2016/2017,Santa Fe,82,San Justo,82112,5000,3300,15840,4800
sorgo,2016,2016/2017,Santa Fe,82,San Lorenzo,82119,1100,1100,7700,7000
sorgo,2016,2016/2017,Santa Fe,82,San Martín,82126,4400,3450,13800,4000
sorgo,2016,2016/2017,Santa Fe,82,Vera,82133,15000,9500,36100,3800
sorgo,2016,2016/2017,Santa Fe,82,Villa Constitución,82028,1100,1100,7700,7000
sorgo,2016,2016/2017,Santiago del Estero,86,Aguirre,86007,5000,2950,10325,3500
sorgo,2016,2016/2017,Santiago del Estero,86,Alberdi,86014,3000,3000,10200,3400
sorgo,2016,2016/2017,Santiago del Estero,86,Avellaneda,86028,2000,1580,4108,2600
sorgo,2016,2016/2017,Santiago del Estero,86,Banda,86035,3000,2700,11340,4200
sorgo,2016,2016/2017,Santiago del Estero,86,Belgrano,86042,3800,1800,5760,3200
sorgo,2016,2016/2017,Santiago del Estero,86,Capital,86049,3500,3150,14175,4500
sorgo,2016,2016/2017,Santiago del Estero,86,Choya,86063,4000,3600,15120,4200
sorgo,2016,2016/2017,Santiago del Estero,86,Copo,86056,3500,2760,8004,2900
sorgo,2016,2016/2017,Santiago del Estero,86,Figueroa,86070,1500,1200,4800,4000
sorgo,2016,2016/2017,Santiago del Estero,86,General Taboada,86077,5500,4710,15543,3300
sorgo,2016,2016/2017,Santiago del Estero,86,Guasayán,86084,5000,4500,20250,4500
sorgo,2016,2016/2017,Santiago del Estero,86,Jiménez,86091,9000,8550,38475,4500
sorgo,2016,2016/2017,Santiago del Estero,86,Juan F. Ibarra,86098,1300,1300,4160,3200
sorgo,2016,2016/2017,Santiago del Estero,86,Loreto,86105,3000,2700,12150,4500
sorgo,2016,2016/2017,Santiago del Estero,86,Mitre,86112,5000,4000,19200,4800
sorgo,2016,2016/2017,Santiago del Estero,86,Moreno,86119,2500,2500,8250,3300
sorgo,2016,2016/2017,Santiago del Estero,86,Pellegrini,86133,5000,4500,21600,4800
sorgo,2016,2016/2017,Santiago del Estero,86,Río Hondo,86147,4000,3600,16200,4500
sorgo,2016,2016/2017,Santiago del Estero,86,Rivadavia,86154,7000,7000,23100,3300
sorgo,2016,2016/2017,Santiago del Estero,86,Robles,86161,3500,3150,14175,4500
sorgo,2016,2016/2017,Santiago del Estero,86,San Martín,86175,2500,2250,10125,4500
sorgo,2016,2016/2017,Santiago del Estero,86,Sarmiento,86182,1500,1050,3255,3100
sorgo,2016,2016/2017,Santiago del Estero,86,Silípica,86189,3500,3150,14175,4500
sorgo,2016,2016/2017,Tucumán,90,Burruyacú,90007,1000,700,2800,4000
sorgo,2016,2016/2017,Tucumán,90,Cruz Alta,90014,700,400,1800,4500
sorgo,2016,2016/2017,Tucumán,90,Graneros,90035,400,300,1320,4400
sorgo,2016,2016/2017,Tucumán,90,La Cocha,90049,400,280,1260,4500
sorgo,2016,2016/2017,Tucumán,90,Leales,90056,1100,700,3150,4500
sorgo,2016,2016/2017,Tucumán,90,Simoca,90091,150,80,320,4000
sorgo,2016,2016/2017,Tucumán,90,Trancas,90112,450,0,0,0
sorgo,2017,2017/2018,Buenos Aires,06,25 de Mayo,06854,1000,556,1779,3200
sorgo,2017,2017/2018,Buenos Aires,06,9 de Julio,06588,3000,2400,16800,7000
sorgo,2017,2017/2018,Buenos Aires,06,Adolfo Alsina,06007,14000,12600,44100,3500
sorgo,2017,2017/2018,Buenos Aires,06,Alberti,06021,500,400,2800,7000
sorgo,2017,2017/2018,Buenos Aires,06,Arrecifes,06077,220,220,1254,5700
sorgo,2017,2017/2018,Buenos Aires,06,Azul,06049,520,0,0,0
sorgo,2017,2017/2018,Buenos Aires,06,Bahía Blanca,06056,850,0,0,0
sorgo,2017,2017/2018,Buenos Aires,06,Baradero,06070,300,300,1650,5500
sorgo,2017,2017/2018,Buenos Aires,06,Benito Juárez,06084,700,0,0,0
sorgo,2017,2017/2018,Buenos Aires,06,Bragado,06112,1000,800,5600,7000
sorgo,2017,2017/2018,Buenos Aires,06,Brandsen,06119,1000,500,3000,6000
sorgo,2017,2017/2018,Buenos Aires,06,Campana,06126,300,300,1800,6000
sorgo,2017,2017/2018,Buenos Aires,06,Cañuelas,06134,800,400,2400,6000
sorgo,2017,2017/2018,Buenos Aires,06,Capitán Sarmiento,06140,100,100,550,5500
sorgo,2017,2017/2018,Buenos Aires,06,Carlos Casares,06147,200,200,780,3900
sorgo,2017,2017/2018,Buenos Aires,06,Carlos Tejedor,06154,500,500,1850,3700
sorgo,2017,2017/2018,Buenos Aires,06,Carmen de Areco,06161,500,500,2400,4800
sorgo,2017,2017/2018,Buenos Aires,06,Chacabuco,06210,1300,1150,5750,5000
sorgo,2017,2017/2018,Buenos Aires,06,Chascomús,06217,1500,700,4760,6800
sorgo,2017,2017/2018,Buenos Aires,06,Chivilcoy,06224,500,400,2800,7000
sorgo,2017,2017/2018,Buenos Aires,06,Colón,06175,200,200,1200,6000
sorgo,2017,2017/2018,Buenos Aires,06,Coronel de Marina Leonardo Rosales,06182,900,0,0,0
sorgo,2017,2017/2018,Buenos Aires,06,Coronel Suárez,06203,8400,2800,7000,2500
sorgo,2017,2017/2018,Buenos Aires,06,Exaltación de la Cruz,06266,200,200,1040,5200
sorgo,2017,2017/2018,Buenos Aires,06,Florentino Ameghino,06277,2310,1560,8424,5400
sorgo,2017,2017/2018,Buenos Aires,06,General Arenales,06294,950,800,4000,5000
sorgo,2017,2017/2018,Buenos Aires,06,General Belgrano,06301,500,278,881,3169
sorgo,2017,2017/2018,Buenos Aires,06,General La Madrid,06322,7400,2200,5500,2500
sorgo,2017,2017/2018,Buenos Aires,06,General Las Heras,06329,700,300,1800,6000
sorgo,2017,2017/2018,Buenos Aires,06,General Paz,06343,500,200,1340,6700
sorgo,2017,2017/2018,Buenos Aires,06,General Pinto,06351,2700,1850,10175,5500
sorgo,2017,2017/2018,Buenos Aires,06,General Viamonte,06385,1220,320,1600,5000
sorgo,2017,2017/2018,Buenos Aires,06,General Villegas,06392,5560,4610,23511,5100
sorgo,2017,2017/2018,Buenos Aires,06,Guaminí,06399,7000,6300,22050,3500
sorgo,2017,2017/2018,Buenos Aires,06,Junín,06413,1700,1500,7500,5000
sorgo,2017,2017/2018,Buenos Aires,06,La Plata,06441,150,50,335,6700
sorgo,2017,2017/2018,Buenos Aires,06,Las Flores,06455,800,444,1421,3200
sorgo,2017,2017/2018,Buenos Aires,06,Leandro N. Alem,06462,380,105,1458,13886
sorgo,2017,2017/2018,Buenos Aires,06,Lincoln,06469,5100,4000,20800,5200
sorgo,2017,2017/2018,Buenos Aires,06,Lobería,06476,880,0,0,0
sorgo,2017,2017/2018,Buenos Aires,06,Lobos,06483,500,278,890,3201
sorgo,2017,2017/2018,Buenos Aires,06,Luján,06497,700,400,2600,6500
sorgo,2017,2017/2018,Buenos Aires,06,Magdalena,06505,850,350,2380,6800
sorgo,2017,2017/2018,Buenos Aires,06,Marcos Paz,06525,600,200,1240,6200
sorgo,2017,2017/2018,Buenos Aires,06,Mercedes,06532,1800,1440,10080,7000
sorgo,2017,2017/2018,Buenos Aires,06,Monte,06547,200,111,355,3198
sorgo,2017,2017/2018,Buenos Aires,06,Navarro,06574,800,444,1421,3200
sorgo,2017,2017/2018,Buenos Aires,06,Olavarría,06595,3000,3000,12000,4000
sorgo,2017,2017/2018,Buenos Aires,06,Patagones,06602,2000,0,0,0
sorgo,2017,2017/2018,Buenos Aires,06,Pehuajó,06609,350,350,1330,3800
sorgo,2017,2017/2018,Buenos Aires,06,Pellegrini,06616,4000,3600,12600,3500
sorgo,2017,2017/2018,Buenos Aires,06,Pergamino,06623,2000,2000,12000,6000
sorgo,2017,2017/2018,Buenos Aires,06,Pilar,06638,400,300,1950,6500
sorgo,2017,2017/2018,Buenos Aires,06,Puán,06651,18000,2700,6750,2500
sorgo,2017,2017/2018,Buenos Aires,06,Punta Indio,06655,900,400,2640,6600
sorgo,2017,2017/2018,Buenos Aires,06,Ramallo,06665,200,200,1040,5200
sorgo,2017,2017/2018,Buenos Aires,06,Rivadavia,06679,100,100,500,5000
sorgo,2017,2017/2018,Buenos Aires,06,Rojas,06686,2000,1800,10800,6000
sorgo,2017,2017/2018,Buenos Aires,06,Roque Pérez,06693,600,333,1066,3201
sorgo,2017,2017/2018,Buenos Aires,06,Saavedra,06700,16000,3600,9000,2500
sorgo,2017,2017/2018,Buenos Aires,06,Saladillo,06707,1000,556,1763,3171
sorgo,2017,2017/2018,Buenos Aires,06,Salliqueló,06721,2000,1800,6300,3500
sorgo,2017,2017/2018,Buenos Aires,06,Salto,06714,300,300,1650,5500
sorgo,2017,2017/2018,Buenos Aires,06,San Andrés de Giles,06728,950,800,3200,4000
sorgo,2017,2017/2018,Buenos Aires,06,San Antonio de Areco,06735,200,200,1100,5500
sorgo,2017,2017/2018,Buenos Aires,06,San Nicolás,06763,1210,1210,7018,5800
sorgo,2017,2017/2018,Buenos Aires,06,San Pedro,06770,100,100,550,5500
sorgo,2017,2017/2018,Buenos Aires,06,San Vicente,06778,400,200,1240,6200
sorgo,2017,2017/2018,Buenos Aires,06,Suipacha,06784,1000,800,5600,7000
sorgo,2017,2017/2018,Buenos Aires,06,Tandil,06791,800,0,0,0
sorgo,2017,2017/2018,Buenos Aires,06,Tornquist,06819,18000,4950,12375,2500
sorgo,2017,2017/2018,Buenos Aires,06,Trenque Lauquen,06826,1500,1500,5550,3700
sorgo,2017,2017/2018,Buenos Aires,06,Tres Lomas,06847,3000,2700,9450,3500
sorgo,2017,2017/2018,Buenos Aires,06,Villarino,06875,250,0,0,0
sorgo,2017,2017/2018,Buenos Aires,06,Zárate,06882,300,300,1500,5000
sorgo,2017,2017/2018,Catamarca,10,Santa Rosa,10098,250,100,230,2300
sorgo,2017,2017/2018,Chaco,22,12 de Octubre,22036,3300,3220,12236,3800
sorgo,2017,2017/2018,Chaco,22,2 de Abril,22039,3680,3555,13509,3800
sorgo,2017,2017/2018,Chaco,22,25 de Mayo,22168,490,410,1148,2800
sorgo,2017,2017/2018,Chaco,22,9 de Julio,22105,2920,2849,11396,4000
sorgo,2017,2017/2018,Chaco,22,Almirante Brown,22007,5540,4960,19840,4000
sorgo,2017,2017/2018,Chaco,22,Chacabuco,22028,2920,2846,9392,3300
sorgo,2017,2017/2018,Chaco,22,Comandante Fernández,22021,5600,4670,13076,2800
sorgo,2017,2017/2018,Chaco,22,Fray Justo Santa María de Oro,22043,3050,3010,11438,3800
sorgo,2017,2017/2018,Chaco,22,General Belgrano,22049,2160,2108,6535,3100
sorgo,2017,2017/2018,Chaco,22,General Güemes,22063,1500,1300,3770,2900
sorgo,2017,2017/2018,Chaco,22,Independencia,22070,1000,810,2430,3000
sorgo,2017,2017/2018,Chaco,22,Libertador General San Martín,22084,410,360,1980,5500
sorgo,2017,2017/2018,Chaco,22,Maipú,22091,450,400,1240,3100
sorgo,2017,2017/2018,Chaco,22,Mayor Luis J. Fontana,22098,3930,3834,13802,3600
sorgo,2017,2017/2018,Chaco,22,O'Higgins,22112,1520,1483,5635,3800
sorgo,2017,2017/2018,Chaco,22,Presidencia de la Plaza,22119,60,35,91,2600
sorgo,2017,2017/2018,Chaco,22,Quitilipi,22133,1110,970,2910,3000
sorgo,2017,2017/2018,Chaco,22,San Fernando,22140,440,429,1416,3301
sorgo,2017,2017/2018,Chaco,22,San Lorenzo,22147,580,566,1755,3101
sorgo,2017,2017/2018,Chaco,22,Sargento Cabral,22154,230,150,480,3200
sorgo,2017,2017/2018,Córdoba,14,Calamuchita,14007,320,320,1600,5000
sorgo,2017,2017/2018,Córdoba,14,Capital,14014,300,300,1500,5000
sorgo,2017,2017/2018,Córdoba,14,General Roca,14035,2000,1700,8500,5000
sorgo,2017,2017/2018,Córdoba,14,General San Martín,14042,2000,2000,10000,5000
sorgo,2017,2017/2018,Córdoba,14,Juárez Celman,14056,4740,4740,18960,4000
sorgo,2017,2017/2018,Córdoba,14,Marcos Juárez,14063,4000,3000,15000,5000
sorgo,2017,2017/2018,Córdoba,14,Pocho,14077,400,400,1600,4000
sorgo,2017,2017/2018,Córdoba,14,Presidente Roque Sáenz Peña,14084,1500,1300,6500,5000
sorgo,2017,2017/2018,Córdoba,14,Río Cuarto,14098,2810,2810,9835,3500
sorgo,2017,2017/2018,Córdoba,14,Río Primero,14105,750,750,3825,5100
sorgo,2017,2017/2018,Córdoba,14,Río Segundo,14119,4400,4400,24200,5500
sorgo,2017,2017/2018,Córdoba,14,San Justo,14140,5210,3828,21054,5500
sorgo,2017,2017/2018,Córdoba,14,Santa María,14147,2400,2400,12000,5000
sorgo,2017,2017/2018,Córdoba,14,Tercero Arriba,14161,2000,2000,10000,5000
sorgo,2017,2017/2018,Córdoba,14,Totoral,14168,1020,1020,5202,5100
sorgo,2017,2017/2018,Córdoba,14,Unión,14182,8300,7050,33840,4800
sorgo,2017,2017/2018,Entre Ríos,30,Colón,30008,2500,1800,5400,3000
sorgo,2017,2017/2018,Entre Ríos,30,Concordia,30015,5500,4900,17640,3600
sorgo,2017,2017/2018,Entre Ríos,30,Diamante,30021,3500,3000,12300,4100
sorgo,2017,2017/2018,Entre Ríos,30,Federación,30028,3300,2500,9000,3600
sorgo,2017,2017/2018,Entre Ríos,30,Federal,30035,5500,4700,18800,4000
sorgo,2017,2017/2018,Entre Ríos,30,Feliciano,30042,4000,3300,11880,3600
sorgo,2017,2017/2018,Entre Ríos,30,Gualeguay,30049,2500,2200,11000,5000
sorgo,2017,2017/2018,Entre Ríos,30,Gualeguaychú,30056,3500,3000,12000,4000
sorgo,2017,2017/2018,Entre Ríos,30,La Paz,30070,14200,12700,50800,4000
sorgo,2017,2017/2018,Entre Ríos,30,Nogoyá,30077,11500,9000,33300,3700
sorgo,2017,2017/2018,Entre Ríos,30,Paraná,30084,22000,20000,80000,4000
sorgo,2017,2017/2018,Entre Ríos,30,San Salvador,30088,1500,1000,4200,4200
sorgo,2017,2017/2018,Entre Ríos,30,Tala,30091,4000,3500,12250,3500
sorgo,2017,2017/2018,Entre Ríos,30,Uruguay,30098,7500,6000,18000,3000
sorgo,2017,2017/2018,Entre Ríos,30,Victoria,30105,1500,1300,5850,4500
sorgo,2017,2017/2018,Entre Ríos,30,Villaguay,30113,8500,6500,24050,3700
sorgo,2017,2017/2018,Formosa,34,sin definir,34000,43000,40550,97320,2400
sorgo,2017,2017/2018,La Pampa,42,Atreucó,42007,7300,4800,12000,2500
sorgo,2017,2017/2018,La Pampa,42,Capital,42021,4800,3300,9900,3000
sorgo,2017,2017/2018,La Pampa,42,Catriló,42028,10800,6800,23800,3500
sorgo,2017,2017/2018,La Pampa,42,Chapaleufú,42056,800,800,3200,4000
sorgo,2017,2017/2018,La Pampa,42,Guatraché,42070,12580,8080,16160,2000
sorgo,2017,2017/2018,La Pampa,42,Hucal,42077,2760,1260,2520,2000
sorgo,2017,2017/2018,La Pampa,42,Rancul,42126,800,800,3200,4000
sorgo,2017,2017/2018,La Pampa,42,Toay,42140,5500,4000,8000,2000
sorgo,2017,2017/2018,La Pampa,42,Utracán,42154,3560,2060,4532,2200
sorgo,2017,2017/2018,San Luis,74,Ayacucho,74007,350,150,600,4000
sorgo,2017,2017/2018,San Luis,74,Chacabuco,74028,3500,500,1900,3800
sorgo,2017,2017/2018,San Luis,74,Coronel Pringles,74021,1700,200,780,3900
sorgo,2017,2017/2018,San Luis,74,General Pedernera,74035,2800,1500,5700,3800
sorgo,2017,2017/2018,San Luis,74,Gobernador Dupuy,74042,1700,1000,3500,3500
sorgo,2017,2017/2018,San Luis,74,Juan Martín de Pueyrredón,74056,1700,600,2520,4200
sorgo,2017,2017/2018,San Luis,74,Junín,74049,500,0,0,0
sorgo,2017,2017/2018,San Luis,74,Libertador General San Martín,74063,400,0,0,0
sorgo,2017,2017/2018,Santa Fe,82,9 de Julio,82077,15000,6000,16800,2800
sorgo,2017,2017/2018,Santa Fe,82,Caseros,82014,1200,1200,8400,7000
sorgo,2017,2017/2018,Santa Fe,82,Castellanos,82021,9150,4450,18690,4200
sorgo,2017,2017/2018,Santa Fe,82,Garay,82035,500,200,600,3000
sorgo,2017,2017/2018,Santa Fe,82,General López,82042,3850,3850,14630,3800
sorgo,2017,2017/2018,Santa Fe,82,General Obligado,82049,15000,6500,14950,2300
sorgo,2017,2017/2018,Santa Fe,82,La Capital,82063,3000,1500,6000,4000
sorgo,2017,2017/2018,Santa Fe,82,Las Colonias,82070,2100,1100,4400,4000
sorgo,2017,2017/2018,Santa Fe,82,Rosario,82084,800,800,4800,6000
sorgo,2017,2017/2018,Santa Fe,82,San Cristóbal,82091,20000,8500,29750,3500
sorgo,2017,2017/2018,Santa Fe,82,San Javier,82098,7000,4000,9200,2300
sorgo,2017,2017/2018,Santa Fe,82,San Jerónimo,82105,3180,3180,12720,4000
sorgo,2017,2017/2018,Santa Fe,82,San Justo,82112,5000,3000,13500,4500
sorgo,2017,2017/2018,Santa Fe,82,San Lorenzo,82119,1100,1100,7150,6500
sorgo,2017,2017/2018,Santa Fe,82,San Martín,82126,1050,1050,4200,4000
sorgo,2017,2017/2018,Santa Fe,82,Vera,82133,15000,9000,23400,2600
sorgo,2017,2017/2018,Santa Fe,82,Villa Constitución,82028,1100,1100,6600,6000
sorgo,2017,2017/2018,Santiago del Estero,86,Aguirre,86007,6200,5120,10240,2000
sorgo,2017,2017/2018,Santiago del Estero,86,Alberdi,86014,6400,3200,8960,2800
sorgo,2017,2017/2018,Santiago del Estero,86,Avellaneda,86028,2900,2000,6000,3000
sorgo,2017,2017/2018,Santiago del Estero,86,Banda,86035,2000,1800,5760,3200
sorgo,2017,2017/2018,Santiago del Estero,86,Belgrano,86042,4700,2000,4400,2200
sorgo,2017,2017/2018,Santiago del Estero,86,Capital,86049,3000,2700,8640,3200
sorgo,2017,2017/2018,Santiago del Estero,86,Choya,86063,3000,2700,8100,3000
sorgo,2017,2017/2018,Santiago del Estero,86,Copo,86056,5300,3500,10500,3000
sorgo,2017,2017/2018,Santiago del Estero,86,Figueroa,86070,500,500,1500,3000
sorgo,2017,2017/2018,Santiago del Estero,86,General Taboada,86077,7400,3500,9800,2800
sorgo,2017,2017/2018,Santiago del Estero,86,Guasayán,86084,3000,2700,8100,3000
sorgo,2017,2017/2018,Santiago del Estero,86,Jiménez,86091,5000,4000,12800,3200
sorgo,2017,2017/2018,Santiago del Estero,86,Juan F. Ibarra,86098,4250,1550,4340,2800
sorgo,2017,2017/2018,Santiago del Estero,86,Loreto,86105,1000,900,2700,3000
sorgo,2017,2017/2018,Santiago del Estero,86,Mitre,86112,3500,3150,6300,2000
sorgo,2017,2017/2018,Santiago del Estero,86,Moreno,86119,8900,2700,7560,2800
sorgo,2017,2017/2018,Santiago del Estero,86,Pellegrini,86133,3500,3150,10080,3200
sorgo,2017,2017/2018,Santiago del Estero,86,Río Hondo,86147,2500,2250,6750,3000
sorgo,2017,2017/2018,Santiago del Estero,86,Rivadavia,86154,1800,1000,2200,2200
sorgo,2017,2017/2018,Santiago del Estero,86,Robles,86161,2000,1800,5400,3000
sorgo,2017,2017/2018,Santiago del Estero,86,San Martín,86175,1500,1500,4500,3000
sorgo,2017,2017/2018,Santiago del Estero,86,Sarmiento,86182,1350,700,2100,3000
sorgo,2017,2017/2018,Santiago del Estero,86,Silípica,86189,1500,1350,4455,3300
sorgo,2017,2017/2018,Tucumán,90,Burruyacú,90007,1000,600,2040,3400
sorgo,2017,2017/2018,Tucumán,90,Cruz Alta,90014,700,600,2160,3600
sorgo,2017,2017/2018,Tucumán,90,Graneros,90035,400,280,924,3300
sorgo,2017,2017/2018,Tucumán,90,La Cocha,90049,400,245,735,3000
sorgo,2017,2017/2018,Tucumán,90,Leales,90056,1100,690,2208,3200
sorgo,2017,2017/2018,Tucumán,90,Simoca,90091,150,100,330,3300
sorgo,2017,2017/2018,Tucumán,90,Trancas,90112,450,0,0,0
sorgo,2018,2018/2019,Buenos Aires,06,25 de Mayo,06854,1056,561,2525,4501
sorgo,2018,2018/2019,Buenos Aires,06,9 de Julio,06588,2000,1600,12000,7500
sorgo,2018,2018/2019,Buenos Aires,06,Adolfo Alsina,06007,15000,12500,45000,3600
sorgo,2018,2018/2019,Buenos Aires,06,Alberti,06021,500,400,3000,7500
sorgo,2018,2018/2019,Buenos Aires,06,Arrecifes,06077,644,544,4080,7500
sorgo,2018,2018/2019,Buenos Aires,06,Azul,06049,1700,0,0,0
sorgo,2018,2018/2019,Buenos Aires,06,Bahía Blanca,06056,935,0,0,0
sorgo,2018,2018/2019,Buenos Aires,06,Baradero,06070,1000,850,5950,7000
sorgo,2018,2018/2019,Buenos Aires,06,Benito Juárez,06084,2300,0,0,0
sorgo,2018,2018/2019,Buenos Aires,06,Bragado,06112,1000,800,6000,7500
sorgo,2018,2018/2019,Buenos Aires,06,Brandsen,06119,1000,500,3400,6800
sorgo,2018,2018/2019,Buenos Aires,06,Campana,06126,300,300,2100,7000
sorgo,2018,2018/2019,Buenos Aires,06,Cañuelas,06134,800,400,2720,6800
sorgo,2018,2018/2019,Buenos Aires,06,Capitán Sarmiento,06140,122,122,915,7500
sorgo,2018,2018/2019,Buenos Aires,06,Carlos Casares,06147,200,200,1500,7500
sorgo,2018,2018/2019,Buenos Aires,06,Carlos Tejedor,06154,500,500,3750,7500
sorgo,2018,2018/2019,Buenos Aires,06,Carmen de Areco,06161,1000,600,3720,6200
sorgo,2018,2018/2019,Buenos Aires,06,Chacabuco,06210,1000,500,3500,7000
sorgo,2018,2018/2019,Buenos Aires,06,Chascomús,06217,1500,700,4760,6800
sorgo,2018,2018/2019,Buenos Aires,06,Chivilcoy,06224,500,400,3000,7500
sorgo,2018,2018/2019,Buenos Aires,06,Colón,06175,300,270,2160,8000
sorgo,2018,2018/2019,Buenos Aires,06,Coronel de Marina Leonardo Rosales,06182,935,0,0,0
sorgo,2018,2018/2019,Buenos Aires,06,Coronel Suárez,06203,1000,800,1760,2200
sorgo,2018,2018/2019,Buenos Aires,06,Exaltación de la Cruz,06266,200,200,1500,7500
sorgo,2018,2018/2019,Buenos Aires,06,Florentino Ameghino,06277,2100,1389,6945,5000
sorgo,2018,2018/2019,Buenos Aires,06,General Arenales,06294,1000,300,2040,6800
sorgo,2018,2018/2019,Buenos Aires,06,General Belgrano,06301,528,281,1124,4000
sorgo,2018,2018/2019,Buenos Aires,06,General La Madrid,06322,2000,1500,3300,2200
sorgo,2018,2018/2019,Buenos Aires,06,General Las Heras,06329,800,300,2040,6800
sorgo,2018,2018/2019,Buenos Aires,06,General Paz,06343,600,200,1360,6800
sorgo,2018,2018/2019,Buenos Aires,06,General Pinto,06351,2500,1725,10005,5800
sorgo,2018,2018/2019,Buenos Aires,06,General Viamonte,06385,1000,250,1275,5100
sorgo,2018,2018/2019,Buenos Aires,06,General Villegas,06392,4900,3911,20337,5200
sorgo,2018,2018/2019,Buenos Aires,06,Guaminí,06399,7500,6000,21600,3600
sorgo,2018,2018/2019,Buenos Aires,06,Junín,06413,1200,500,3400,6800
sorgo,2018,2018/2019,Buenos Aires,06,La Plata,06441,150,50,340,6800
sorgo,2018,2018/2019,Buenos Aires,06,Las Flores,06455,844,448,2016,4500
sorgo,2018,2018/2019,Buenos Aires,06,Leandro N. Alem,06462,800,384,2112,5500
sorgo,2018,2018/2019,Buenos Aires,06,Lincoln,06469,4400,3328,17971,5400
sorgo,2018,2018/2019,Buenos Aires,06,Lobería,06476,1400,0,0,0
sorgo,2018,2018/2019,Buenos Aires,06,Lobos,06483,528,281,1265,4502
sorgo,2018,2018/2019,Buenos Aires,06,Luján,06497,700,400,2720,6800
sorgo,2018,2018/2019,Buenos Aires,06,Magdalena,06505,850,350,2380,6800
sorgo,2018,2018/2019,Buenos Aires,06,Marcos Paz,06525,600,200,1360,6800
sorgo,2018,2018/2019,Buenos Aires,06,Mercedes,06532,500,400,3000,7500
sorgo,2018,2018/2019,Buenos Aires,06,Monte,06547,211,112,504,4500
sorgo,2018,2018/2019,Buenos Aires,06,Navarro,06574,844,448,2016,4500
sorgo,2018,2018/2019,Buenos Aires,06,Patagones,06602,990,0,0,0
sorgo,2018,2018/2019,Buenos Aires,06,Pehuajó,06609,350,350,2275,6500
sorgo,2018,2018/2019,Buenos Aires,06,Pellegrini,06616,4500,3800,14440,3800
sorgo,2018,2018/2019,Buenos Aires,06,Pergamino,06623,2877,2727,21816,8000
sorgo,2018,2018/2019,Buenos Aires,06,Pilar,06638,500,300,2040,6800
sorgo,2018,2018/2019,Buenos Aires,06,Puán,06651,1000,800,1600,2000
sorgo,2018,2018/2019,Buenos Aires,06,Punta Indio,06655,900,400,2720,6800
sorgo,2018,2018/2019,Buenos Aires,06,Ramallo,06665,718,718,5170,7201
sorgo,2018,2018/2019,Buenos Aires,06,Rivadavia,06679,100,100,750,7500
sorgo,2018,2018/2019,Buenos Aires,06,Rojas,06686,1000,600,4500,7500
sorgo,2018,2018/2019,Buenos Aires,06,Roque Pérez,06693,633,337,1517,4501
sorgo,2018,2018/2019,Buenos Aires,06,Saavedra,06700,2000,1800,3600,2000
sorgo,2018,2018/2019,Buenos Aires,06,Saladillo,06707,1056,561,2525,4501
sorgo,2018,2018/2019,Buenos Aires,06,Salliqueló,06721,2200,1900,7220,3800
sorgo,2018,2018/2019,Buenos Aires,06,Salto,06714,400,350,2730,7800
sorgo,2018,2018/2019,Buenos Aires,06,San Andrés de Giles,06728,1000,300,1860,6200
sorgo,2018,2018/2019,Buenos Aires,06,San Antonio de Areco,06735,200,200,1500,7500
sorgo,2018,2018/2019,Buenos Aires,06,San Nicolás,06763,539,439,3293,7501
sorgo,2018,2018/2019,Buenos Aires,06,San Pedro,06770,745,745,5588,7501
sorgo,2018,2018/2019,Buenos Aires,06,San Vicente,06778,400,200,1360,6800
sorgo,2018,2018/2019,Buenos Aires,06,Suipacha,06784,500,400,3000,7500
sorgo,2018,2018/2019,Buenos Aires,06,Tandil,06791,600,0,0,0
sorgo,2018,2018/2019,Buenos Aires,06,Tornquist,06819,1000,800,1440,1800
sorgo,2018,2018/2019,Buenos Aires,06,Trenque Lauquen,06826,1500,1500,9750,6500
sorgo,2018,2018/2019,Buenos Aires,06,Tres Lomas,06847,3000,2800,10640,3800
sorgo,2018,2018/2019,Buenos Aires,06,Villarino,06875,2200,0,0,0
sorgo,2018,2018/2019,Buenos Aires,06,Zárate,06882,250,250,1825,7300
sorgo,2018,2018/2019,Catamarca,10,Santa Rosa,10098,200,100,450,4500
sorgo,2018,2018/2019,Chaco,22,12 de Octubre,22036,3805,3522,11270,3200
sorgo,2018,2018/2019,Chaco,22,2 de Abril,22039,3860,3624,13046,3600
sorgo,2018,2018/2019,Chaco,22,25 de Mayo,22168,259,109,262,2404
sorgo,2018,2018/2019,Chaco,22,9 de Julio,22105,2924,2745,11529,4200
sorgo,2018,2018/2019,Chaco,22,Almirante Brown,22007,5216,4216,15178,3600
sorgo,2018,2018/2019,Chaco,22,Chacabuco,22028,3182,3017,10861,3600
sorgo,2018,2018/2019,Chaco,22,Comandante Fernández,22021,1953,1253,4135,3300
sorgo,2018,2018/2019,Chaco,22,Fray Justo Santa María de Oro,22043,3194,2969,10095,3400
sorgo,2018,2018/2019,Chaco,22,General Belgrano,22049,2236,2149,8381,3900
sorgo,2018,2018/2019,Chaco,22,General Güemes,22063,948,708,1912,2701
sorgo,2018,2018/2019,Chaco,22,Independencia,22070,1427,1027,3389,3300
sorgo,2018,2018/2019,Chaco,22,Libertador General San Martín,22084,471,321,803,2502
sorgo,2018,2018/2019,Chaco,22,Maipú,22091,1277,877,2719,3100
sorgo,2018,2018/2019,Chaco,22,Mayor Luis J. Fontana,22098,4125,3873,13943,3600
sorgo,2018,2018/2019,Chaco,22,O'Higgins,22112,1596,1498,5243,3500
sorgo,2018,2018/2019,Chaco,22,Presidencia de la Plaza,22119,134,64,147,2297
sorgo,2018,2018/2019,Chaco,22,Quitilipi,22133,676,476,1428,3000
sorgo,2018,2018/2019,Chaco,22,San Fernando,22140,466,437,1398,3199
sorgo,2018,2018/2019,Chaco,22,San Lorenzo,22147,612,575,1783,3101
sorgo,2018,2018/2019,Chaco,22,Sargento Cabral,22154,134,34,122,3588
sorgo,2018,2018/2019,Córdoba,14,Calamuchita,14007,850,850,4250,5000
sorgo,2018,2018/2019,Córdoba,14,Capital,14014,300,300,1800,6000
sorgo,2018,2018/2019,Córdoba,14,Colón,14021,44,0,0,0
sorgo,2018,2018/2019,Córdoba,14,General Roca,14035,1400,900,5400,6000
sorgo,2018,2018/2019,Córdoba,14,General San Martín,14042,2500,2500,16250,6500
sorgo,2018,2018/2019,Córdoba,14,Juárez Celman,14056,1500,1500,8250,5500
sorgo,2018,2018/2019,Córdoba,14,Marcos Juárez,14063,3035,1805,8845,4900
sorgo,2018,2018/2019,Córdoba,14,Pocho,14077,450,450,2250,5000
sorgo,2018,2018/2019,Córdoba,14,Presidente Roque Sáenz Peña,14084,1200,800,4800,6000
sorgo,2018,2018/2019,Córdoba,14,Río Cuarto,14098,1500,1500,7500,5000
sorgo,2018,2018/2019,Córdoba,14,Río Primero,14105,6240,5304,30233,5700
sorgo,2018,2018/2019,Córdoba,14,Río Seco,14112,306,282,1579,5599
sorgo,2018,2018/2019,Córdoba,14,Río Segundo,14119,3500,3500,21000,6000
sorgo,2018,2018/2019,Córdoba,14,San Justo,14140,12995,11045,65166,5900
sorgo,2018,2018/2019,Córdoba,14,Santa María,14147,1900,1900,12350,6500
sorgo,2018,2018/2019,Córdoba,14,Tercero Arriba,14161,2000,2000,12000,6000
sorgo,2018,2018/2019,Córdoba,14,Totoral,14168,218,201,1146,5701
sorgo,2018,2018/2019,Córdoba,14,Tulumba,14175,1339,1232,7022,5700
sorgo,2018,2018/2019,Córdoba,14,Unión,14182,2800,1595,7337,4600
sorgo,2018,2018/2019,Corrientes,18,Bella Vista,18007,20,10,42,4200
sorgo,2018,2018/2019,Corrientes,18,Curuzu Cuatia,18035,1500,1285,5397,4200
sorgo,2018,2018/2019,Corrientes,18,Empedrado,18042,77,27,113,4185
sorgo,2018,2018/2019,Corrientes,18,Esquina,18049,260,200,840,4200
sorgo,2018,2018/2019,Corrientes,18,Goya,18070,900,810,3402,4200
sorgo,2018,2018/2019,Corrientes,18,Ituzaingó,18084,100,30,126,4200
sorgo,2018,2018/2019,Corrientes,18,Lavalle,18091,410,320,1344,4200
sorgo,2018,2018/2019,Corrientes,18,Mercedes,18105,512,422,1772,4199
sorgo,2018,2018/2019,Corrientes,18,Paso de los Libres,18119,16,6,25,4167
sorgo,2018,2018/2019,Corrientes,18,San Luis del Palmar,18140,25,10,42,4200
sorgo,2018,2018/2019,Corrientes,18,San Martín,18147,30,10,42,4200
sorgo,2018,2018/2019,Corrientes,18,San Roque,18161,200,110,462,4200
sorgo,2018,2018/2019,Corrientes,18,Sauce,18175,750,600,2520,4200
sorgo,2018,2018/2019,Entre Ríos,30,Colón,30008,1700,1600,6880,4300
sorgo,2018,2018/2019,Entre Ríos,30,Concordia,30015,4500,4000,20000,5000
sorgo,2018,2018/2019,Entre Ríos,30,Diamante,30021,2700,2700,16200,6000
sorgo,2018,2018/2019,Entre Ríos,30,Federación,30028,2200,1700,9350,5500
sorgo,2018,2018/2019,Entre Ríos,30,Federal,30035,4700,4200,23100,5500
sorgo,2018,2018/2019,Entre Ríos,30,Feliciano,30042,3000,3000,15600,5200
sorgo,2018,2018/2019,Entre Ríos,30,Gualeguay,30049,2100,1900,11020,5800
sorgo,2018,2018/2019,Entre Ríos,30,Gualeguaychú,30056,2400,2100,11130,5300
sorgo,2018,2018/2019,Entre Ríos,30,La Paz,30070,11200,9200,50600,5500
sorgo,2018,2018/2019,Entre Ríos,30,Nogoyá,30077,10000,9000,45000,5000
sorgo,2018,2018/2019,Entre Ríos,30,Paraná,30084,17500,16000,88000,5500
sorgo,2018,2018/2019,Entre Ríos,30,San Salvador,30088,1300,1200,5400,4500
sorgo,2018,2018/2019,Entre Ríos,30,Tala,30091,1500,1350,6750,5000
sorgo,2018,2018/2019,Entre Ríos,30,Uruguay,30098,5500,5200,27560,5300
sorgo,2018,2018/2019,Entre Ríos,30,Victoria,30105,1000,950,5415,5700
sorgo,2018,2018/2019,Entre Ríos,30,Villaguay,30113,13500,12700,67310,5300
sorgo,2018,2018/2019,Formosa,34,sin definir,34000,16000,1900,4750,2500
sorgo,2018,2018/2019,La Pampa,42,Atreucó,42007,7300,3500,8750,2500
sorgo,2018,2018/2019,La Pampa,42,Capital,42021,4800,1800,5400,3000
sorgo,2018,2018/2019,La Pampa,42,Catriló,42028,5800,2800,9800,3500
sorgo,2018,2018/2019,La Pampa,42,Conhelo,42035,1600,1600,6720,4200
sorgo,2018,2018/2019,La Pampa,42,Guatraché,42070,10500,2500,5000,2000
sorgo,2018,2018/2019,La Pampa,42,Hucal,42077,2760,1000,2000,2000
sorgo,2018,2018/2019,La Pampa,42,Quemú Quemú,42119,600,600,2700,4500
sorgo,2018,2018/2019,La Pampa,42,Rancul,42126,400,400,1800,4500
sorgo,2018,2018/2019,La Pampa,42,Toay,42140,5500,2000,4000,2000
sorgo,2018,2018/2019,La Pampa,42,Trenel,42147,600,600,2400,4000
sorgo,2018,2018/2019,La Pampa,42,Utracán,42154,3560,1560,3120,2000
sorgo,2018,2018/2019,San Luis,74,Ayacucho,74007,350,150,630,4200
sorgo,2018,2018/2019,San Luis,74,Chacabuco,74028,3000,600,2160,3600
sorgo,2018,2018/2019,San Luis,74,Coronel Pringles,74021,1700,700,2660,3800
sorgo,2018,2018/2019,San Luis,74,General Pedernera,74035,2800,1800,6300,3500
sorgo,2018,2018/2019,San Luis,74,Gobernador Dupuy,74042,1700,800,3200,4000
sorgo,2018,2018/2019,San Luis,74,Juan Martín de Pueyrredón,74056,1700,500,2100,4200
sorgo,2018,2018/2019,San Luis,74,Junín,74049,400,0,0,0
sorgo,2018,2018/2019,San Luis,74,Libertador General San Martín,74063,400,0,0,0
sorgo,2018,2018/2019,Santa Fe,82,9 de Julio,82077,9500,1500,6000,4000
sorgo,2018,2018/2019,Santa Fe,82,Belgrano,82007,926,926,5556,6000
sorgo,2018,2018/2019,Santa Fe,82,Caseros,82014,1800,1800,14400,8000
sorgo,2018,2018/2019,Santa Fe,82,Castellanos,82021,4802,2802,13450,4800
sorgo,2018,2018/2019,Santa Fe,82,Garay,82035,500,300,1200,4000
sorgo,2018,2018/2019,Santa Fe,82,General López,82042,900,900,6120,6800
sorgo,2018,2018/2019,Santa Fe,82,General Obligado,82049,10000,3500,13300,3800
sorgo,2018,2018/2019,Santa Fe,82,Iriondo,82056,133,133,798,6000
sorgo,2018,2018/2019,Santa Fe,82,La Capital,82063,3000,2000,8000,4000
sorgo,2018,2018/2019,Santa Fe,82,Las Colonias,82070,2829,1729,8299,4800
sorgo,2018,2018/2019,Santa Fe,82,Rosario,82084,500,500,3750,7500
sorgo,2018,2018/2019,Santa Fe,82,San Cristóbal,82091,20000,11300,50850,4500
sorgo,2018,2018/2019,Santa Fe,82,San Javier,82098,6000,1500,4800,3200
sorgo,2018,2018/2019,Santa Fe,82,San Jerónimo,82105,4186,4186,20093,4800
sorgo,2018,2018/2019,Santa Fe,82,San Justo,82112,5000,3500,15750,4500
sorgo,2018,2018/2019,Santa Fe,82,San Lorenzo,82119,800,800,6000,7500
sorgo,2018,2018/2019,Santa Fe,82,San Martín,82126,2198,2198,10990,5000
sorgo,2018,2018/2019,Santa Fe,82,Vera,82133,12000,1500,6300,4200
sorgo,2018,2018/2019,Santa Fe,82,Villa Constitución,82028,700,700,5600,8000
sorgo,2018,2018/2019,Santiago del Estero,86,Aguirre,86007,5595,2745,8510,3100
sorgo,2018,2018/2019,Santiago del Estero,86,Alberdi,86014,6510,3160,10112,3200
sorgo,2018,2018/2019,Santiago del Estero,86,Avellaneda,86028,2755,1855,5194,2800
sorgo,2018,2018/2019,Santiago del Estero,86,Banda,86035,1500,1200,5400,4500
sorgo,2018,2018/2019,Santiago del Estero,86,Belgrano,86042,5105,1705,5115,3000
sorgo,2018,2018/2019,Santiago del Estero,86,Capital,86049,3000,2700,13500,5000
sorgo,2018,2018/2019,Santiago del Estero,86,Choya,86063,4000,3600,18000,5000
sorgo,2018,2018/2019,Santiago del Estero,86,Copo,86056,5035,2785,8077,2900
sorgo,2018,2018/2019,Santiago del Estero,86,Figueroa,86070,1000,1000,3500,3500
sorgo,2018,2018/2019,Santiago del Estero,86,General Taboada,86077,7430,3530,10590,3000
sorgo,2018,2018/2019,Santiago del Estero,86,Guasayán,86084,3000,2700,14850,5500
sorgo,2018,2018/2019,Santiago del Estero,86,Jiménez,86091,5000,4500,22500,5000
sorgo,2018,2018/2019,Santiago del Estero,86,Juan F. Ibarra,86098,4737,1567,5014,3200
sorgo,2018,2018/2019,Santiago del Estero,86,Loreto,86105,1000,900,3600,4000
sorgo,2018,2018/2019,Santiago del Estero,86,Mitre,86112,3500,3000,15000,5000
sorgo,2018,2018/2019,Santiago del Estero,86,Moreno,86119,12015,4565,15521,3400
sorgo,2018,2018/2019,Santiago del Estero,86,Pellegrini,86133,3500,3000,15000,5000
sorgo,2018,2018/2019,Santiago del Estero,86,Río Hondo,86147,2500,2300,11500,5000
sorgo,2018,2018/2019,Santiago del Estero,86,Rivadavia,86154,1538,518,1709,3299
sorgo,2018,2018/2019,Santiago del Estero,86,Robles,86161,2000,1800,8100,4500
sorgo,2018,2018/2019,Santiago del Estero,86,San Martín,86175,2000,2000,9000,4500
sorgo,2018,2018/2019,Santiago del Estero,86,Sarmiento,86182,1280,630,1764,2800
sorgo,2018,2018/2019,Santiago del Estero,86,Silípica,86189,1500,1300,6500,5000
sorgo,2018,2018/2019,Tucumán,90,Burruyacú,90007,1200,950,3800,4000
sorgo,2018,2018/2019,Tucumán,90,Cruz Alta,90014,800,600,2280,3800
sorgo,2018,2018/2019,Tucumán,90,Graneros,90035,500,400,1400,3500
sorgo,2018,2018/2019,Tucumán,90,La Cocha,90049,400,400,1600,4000
sorgo,2018,2018/2019,Tucumán,90,Leales,90056,1000,750,2850,3800
sorgo,2018,2018/2019,Tucumán,90,Simoca,90091,100,100,380,3800
sorgo,2018,2018/2019,Tucumán,90,Trancas,90112,500,0,0,0
sorgo,2019,2019/2020,Buenos Aires,06,25 de Mayo,06854,950,565,2486,4400
sorgo,2019,2019/2020,Buenos Aires,06,9 de Julio,06588,200,180,1278,7100
sorgo,2019,2019/2020,Buenos Aires,06,Adolfo Alsina,06007,10000,6500,23400,3600
sorgo,2019,2019/2020,Buenos Aires,06,Adolfo Gonzales Chaves,06014,500,500,2000,4000
sorgo,2019,2019/2020,Buenos Aires,06,Alberti,06021,555,499,3543,7100
sorgo,2019,2019/2020,Buenos Aires,06,Arrecifes,06077,700,600,4020,6700
sorgo,2019,2019/2020,Buenos Aires,06,Ayacucho,06042,750,750,4950,6600
sorgo,2019,2019/2020,Buenos Aires,06,Azul,06049,1800,0,0,0
sorgo,2019,2019/2020,Buenos Aires,06,Bahía Blanca,06056,900,0,0,0
sorgo,2019,2019/2020,Buenos Aires,06,Baradero,06070,800,700,4690,6700
sorgo,2019,2019/2020,Buenos Aires,06,Benito Juárez,06084,1800,0,0,0
sorgo,2019,2019/2020,Buenos Aires,06,Bolívar,06105,450,450,2700,6000
sorgo,2019,2019/2020,Buenos Aires,06,Bragado,06112,394,355,2521,7101
sorgo,2019,2019/2020,Buenos Aires,06,Brandsen,06119,500,500,3400,6800
sorgo,2019,2019/2020,Buenos Aires,06,Campana,06126,300,300,2070,6900
sorgo,2019,2019/2020,Buenos Aires,06,Cañuelas,06134,800,400,2720,6800
sorgo,2019,2019/2020,Buenos Aires,06,Capitán Sarmiento,06140,500,500,3300,6600
sorgo,2019,2019/2020,Buenos Aires,06,Carlos Casares,06147,200,200,1140,5700
sorgo,2019,2019/2020,Buenos Aires,06,Carlos Tejedor,06154,500,500,2600,5200
sorgo,2019,2019/2020,Buenos Aires,06,Carmen de Areco,06161,600,520,3328,6400
sorgo,2019,2019/2020,Buenos Aires,06,Castelli,06168,300,300,1980,6600
sorgo,2019,2019/2020,Buenos Aires,06,Chacabuco,06210,1600,1400,9240,6600
sorgo,2019,2019/2020,Buenos Aires,06,Chascomús,06217,1700,700,4760,6800
sorgo,2019,2019/2020,Buenos Aires,06,Chivilcoy,06224,239,215,1527,7102
sorgo,2019,2019/2020,Buenos Aires,06,Colón,06175,650,600,4200,7000
sorgo,2019,2019/2020,Buenos Aires,06,Coronel de Marina Leonardo Rosales,06182,900,0,0,0
sorgo,2019,2019/2020,Buenos Aires,06,Coronel Dorrego,06189,2100,1600,6400,4000
sorgo,2019,2019/2020,Buenos Aires,06,Coronel Pringles,06196,1200,1200,4800,4000
sorgo,2019,2019/2020,Buenos Aires,06,Coronel Suárez,06203,1500,1500,5700,3800
sorgo,2019,2019/2020,Buenos Aires,06,Daireaux,06231,450,450,2700,6000
sorgo,2019,2019/2020,Buenos Aires,06,Exaltación de la Cruz,06266,200,200,1340,6700
sorgo,2019,2019/2020,Buenos Aires,06,Florentino Ameghino,06277,1300,1261,6305,5000
sorgo,2019,2019/2020,Buenos Aires,06,General Alvear,06287,350,350,2100,6000
sorgo,2019,2019/2020,Buenos Aires,06,General Arenales,06294,1200,1050,6720,6400
sorgo,2019,2019/2020,Buenos Aires,06,General Belgrano,06301,475,283,1104,3901
sorgo,2019,2019/2020,Buenos Aires,06,General Guido,06308,40,40,264,6600
sorgo,2019,2019/2020,Buenos Aires,06,General La Madrid,06322,1500,1500,5700,3800
sorgo,2019,2019/2020,Buenos Aires,06,General Las Heras,06329,800,300,2040,6800
sorgo,2019,2019/2020,Buenos Aires,06,General Paz,06343,600,200,1360,6800
sorgo,2019,2019/2020,Buenos Aires,06,General Pinto,06351,500,485,2522,5200
sorgo,2019,2019/2020,Buenos Aires,06,General Viamonte,06385,600,582,2852,4900
sorgo,2019,2019/2020,Buenos Aires,06,General Villegas,06392,800,776,4113,5300
sorgo,2019,2019/2020,Buenos Aires,06,Guaminí,06399,10000,6500,23400,3600
sorgo,2019,2019/2020,Buenos Aires,06,Hipólito Yrigoyen,06406,150,150,900,6000
sorgo,2019,2019/2020,Buenos Aires,06,Junín,06413,1800,1600,10240,6400
sorgo,2019,2019/2020,Buenos Aires,06,La Plata,06441,150,50,340,6800
sorgo,2019,2019/2020,Buenos Aires,06,Laprida,06448,1800,1300,5070,3900
sorgo,2019,2019/2020,Buenos Aires,06,Las Flores,06455,760,451,1984,4399
sorgo,2019,2019/2020,Buenos Aires,06,Leandro N. Alem,06462,400,388,2095,5399
sorgo,2019,2019/2020,Buenos Aires,06,Lincoln,06469,1900,1843,9399,5100
sorgo,2019,2019/2020,Buenos Aires,06,Lobería,06476,1400,0,0,0
sorgo,2019,2019/2020,Buenos Aires,06,Lobos,06483,475,283,1245,4399
sorgo,2019,2019/2020,Buenos Aires,06,Luján,06497,700,400,2720,6800
sorgo,2019,2019/2020,Buenos Aires,06,Magdalena,06505,850,350,2380,6800
sorgo,2019,2019/2020,Buenos Aires,06,Maipú,06511,60,60,396,6600
sorgo,2019,2019/2020,Buenos Aires,06,Mar Chiquita,06518,100,100,660,6600
sorgo,2019,2019/2020,Buenos Aires,06,Marcos Paz,06525,600,200,1360,6800
sorgo,2019,2019/2020,Buenos Aires,06,Mercedes,06532,86,77,547,7104
sorgo,2019,2019/2020,Buenos Aires,06,Monte,06547,190,113,497,4398
sorgo,2019,2019/2020,Buenos Aires,06,Navarro,06574,760,452,1989,4400
sorgo,2019,2019/2020,Buenos Aires,06,Necochea,06581,600,600,2460,4100
sorgo,2019,2019/2020,Buenos Aires,06,Olavarría,06595,500,500,3000,6000
sorgo,2019,2019/2020,Buenos Aires,06,Patagones,06602,1060,0,0,0
sorgo,2019,2019/2020,Buenos Aires,06,Pehuajó,06609,350,350,1995,5700
sorgo,2019,2019/2020,Buenos Aires,06,Pellegrini,06616,4500,2925,11408,3900
sorgo,2019,2019/2020,Buenos Aires,06,Pergamino,06623,2292,2030,14413,7100
sorgo,2019,2019/2020,Buenos Aires,06,Pilar,06638,500,300,2040,6800
sorgo,2019,2019/2020,Buenos Aires,06,Puán,06651,1300,1300,3120,2400
sorgo,2019,2019/2020,Buenos Aires,06,Punta Indio,06655,900,400,2720,6800
sorgo,2019,2019/2020,Buenos Aires,06,Ramallo,06665,750,750,5025,6700
sorgo,2019,2019/2020,Buenos Aires,06,Rauch,06672,250,250,1650,6600
sorgo,2019,2019/2020,Buenos Aires,06,Rivadavia,06679,100,100,620,6200
sorgo,2019,2019/2020,Buenos Aires,06,Rojas,06686,1600,1400,8960,6400
sorgo,2019,2019/2020,Buenos Aires,06,Roque Pérez,06693,570,339,1492,4401
sorgo,2019,2019/2020,Buenos Aires,06,Saavedra,06700,2000,2000,4800,2400
sorgo,2019,2019/2020,Buenos Aires,06,Saladillo,06707,950,565,2486,4400
sorgo,2019,2019/2020,Buenos Aires,06,Salliqueló,06721,2500,1625,6013,3700
sorgo,2019,2019/2020,Buenos Aires,06,Salto,06714,500,500,3500,7000
sorgo,2019,2019/2020,Buenos Aires,06,San Andrés de Giles,06728,700,600,3720,6200
sorgo,2019,2019/2020,Buenos Aires,06,San Antonio de Areco,06735,300,300,2040,6800
sorgo,2019,2019/2020,Buenos Aires,06,San Nicolás,06763,550,550,3740,6800
sorgo,2019,2019/2020,Buenos Aires,06,San Pedro,06770,700,700,4760,6800
sorgo,2019,2019/2020,Buenos Aires,06,San Vicente,06778,400,200,1360,6800
sorgo,2019,2019/2020,Buenos Aires,06,Suipacha,06784,299,269,1910,7100
sorgo,2019,2019/2020,Buenos Aires,06,Tandil,06791,1000,0,0,0
sorgo,2019,2019/2020,Buenos Aires,06,Tapalqué,06798,100,100,600,6000
sorgo,2019,2019/2020,Buenos Aires,06,Tornquist,06819,500,500,1050,2100
sorgo,2019,2019/2020,Buenos Aires,06,Trenque Lauquen,06826,1500,1500,7500,5000
sorgo,2019,2019/2020,Buenos Aires,06,Tres Arroyos,06833,800,800,3280,4100
sorgo,2019,2019/2020,Buenos Aires,06,Tres Lomas,06847,3000,1950,7215,3700
sorgo,2019,2019/2020,Buenos Aires,06,Villarino,06875,2200,0,0,0
sorgo,2019,2019/2020,Buenos Aires,06,Zárate,06882,200,200,1400,7000
sorgo,2019,2019/2020,Catamarca,10,Santa Rosa,10098,2000,1900,6080,3200
sorgo,2019,2019/2020,Chaco,22,12 de Octubre,22036,3805,2833,11332,4000
sorgo,2019,2019/2020,Chaco,22,2 de Abril,22039,3860,2800,10920,3900
sorgo,2019,2019/2020,Chaco,22,25 de Mayo,22168,300,200,440,2200
sorgo,2019,2019/2020,Chaco,22,9 de Julio,22105,2924,2318,9736,4200
sorgo,2019,2019/2020,Chaco,22,Almirante Brown,22007,6000,4000,16800,4200
sorgo,2019,2019/2020,Chaco,22,Chacabuco,22028,3182,2637,11603,4400
sorgo,2019,2019/2020,Chaco,22,Comandante Fernández,22021,2000,1250,4750,3800
sorgo,2019,2019/2020,Chaco,22,Fray Justo Santa María de Oro,22043,3194,2434,9493,3900
sorgo,2019,2019/2020,Chaco,22,General Belgrano,22049,2236,1828,7495,4100
sorgo,2019,2019/2020,Chaco,22,General Güemes,22063,1400,920,3128,3400
sorgo,2019,2019/2020,Chaco,22,Independencia,22070,1900,1260,4788,3800
sorgo,2019,2019/2020,Chaco,22,Libertador General San Martín,22084,600,255,663,2600
sorgo,2019,2019/2020,Chaco,22,Maipú,22091,1600,1070,3424,3200
sorgo,2019,2019/2020,Chaco,22,Mayor Luis J. Fontana,22098,4125,3195,13419,4200
sorgo,2019,2019/2020,Chaco,22,O'Higgins,22112,1596,1271,5211,4100
sorgo,2019,2019/2020,Chaco,22,Presidencia de la Plaza,22119,200,92,239,2598
sorgo,2019,2019/2020,Chaco,22,Quitilipi,22133,800,500,1500,3000
sorgo,2019,2019/2020,Chaco,22,San Fernando,22140,466,358,1360,3799
sorgo,2019,2019/2020,Chaco,22,San Lorenzo,22147,612,446,1784,4000
sorgo,2019,2019/2020,Chaco,22,Sargento Cabral,22154,200,100,380,3800
sorgo,2019,2019/2020,Córdoba,14,Calamuchita,14007,1500,1500,8250,5500
sorgo,2019,2019/2020,Córdoba,14,Capital,14014,300,300,1800,6000
sorgo,2019,2019/2020,Córdoba,14,Colón,14021,120,0,0,0
sorgo,2019,2019/2020,Córdoba,14,General Roca,14035,7735,5248,26240,5000
sorgo,2019,2019/2020,Córdoba,14,General San Martín,14042,2800,2800,16800,6000
sorgo,2019,2019/2020,Córdoba,14,Juárez Celman,14056,2500,2500,13750,5500
sorgo,2019,2019/2020,Córdoba,14,Marcos Juárez,14063,3566,2666,13863,5200
sorgo,2019,2019/2020,Córdoba,14,Pocho,14077,450,450,2250,5000
sorgo,2019,2019/2020,Córdoba,14,Presidente Roque Sáenz Peña,14084,4165,3642,19667,5400
sorgo,2019,2019/2020,Córdoba,14,Río Cuarto,14098,4500,4500,22500,5000
sorgo,2019,2019/2020,Córdoba,14,Río Primero,14105,6240,5803,33077,5700
sorgo,2019,2019/2020,Córdoba,14,Río Seco,14112,306,306,1775,5801
sorgo,2019,2019/2020,Córdoba,14,Río Segundo,14119,2900,2900,17400,6000
sorgo,2019,2019/2020,Córdoba,14,San Justo,14140,12995,12085,71302,5900
sorgo,2019,2019/2020,Córdoba,14,Santa María,14147,1300,1300,7800,6000
sorgo,2019,2019/2020,Córdoba,14,Tercero Arriba,14161,2200,2200,13200,6000
sorgo,2019,2019/2020,Córdoba,14,Totoral,14168,218,218,1221,5601
sorgo,2019,2019/2020,Córdoba,14,Tulumba,14175,1339,1339,7498,5600
sorgo,2019,2019/2020,Córdoba,14,Unión,14182,3859,2159,10795,5000
sorgo,2019,2019/2020,Corrientes,18,Bella Vista,18007,20,20,84,4200
sorgo,2019,2019/2020,Corrientes,18,Curuzu Cuatia,18035,1500,1200,5040,4200
sorgo,2019,2019/2020,Corrientes,18,Empedrado,18042,77,77,323,4195
sorgo,2019,2019/2020,Corrientes,18,Esquina,18049,260,200,840,4200
sorgo,2019,2019/2020,Corrientes,18,Goya,18070,900,700,2940,4200
sorgo,2019,2019/2020,Corrientes,18,Ituzaingó,18084,100,100,420,4200
sorgo,2019,2019/2020,Corrientes,18,Lavalle,18091,410,210,882,4200
sorgo,2019,2019/2020,Corrientes,18,Mercedes,18105,512,312,1310,4199
sorgo,2019,2019/2020,Corrientes,18,Paso de los Libres,18119,16,16,67,4188
sorgo,2019,2019/2020,Corrientes,18,San Luis del Palmar,18140,25,25,105,4200
sorgo,2019,2019/2020,Corrientes,18,San Martín,18147,30,30,126,4200
sorgo,2019,2019/2020,Corrientes,18,San Roque,18161,200,200,840,4200
sorgo,2019,2019/2020,Corrientes,18,Sauce,18175,750,750,3150,4200
sorgo,2019,2019/2020,Entre Ríos,30,Colón,30008,1500,1400,5880,4200
sorgo,2019,2019/2020,Entre Ríos,30,Concordia,30015,3500,3000,16200,5400
sorgo,2019,2019/2020,Entre Ríos,30,Diamante,30021,2700,2600,15080,5800
sorgo,2019,2019/2020,Entre Ríos,30,Federación,30028,900,500,2650,5300
sorgo,2019,2019/2020,Entre Ríos,30,Federal,30035,4700,4200,22680,5400
sorgo,2019,2019/2020,Entre Ríos,30,Feliciano,30042,2800,2600,13520,5200
sorgo,2019,2019/2020,Entre Ríos,30,Gualeguay,30049,2500,2350,13395,5700
sorgo,2019,2019/2020,Entre Ríos,30,Gualeguaychú,30056,3000,2800,14000,5000
sorgo,2019,2019/2020,Entre Ríos,30,La Paz,30070,10700,8700,48720,5600
sorgo,2019,2019/2020,Entre Ríos,30,Nogoyá,30077,7500,6850,37675,5500
sorgo,2019,2019/2020,Entre Ríos,30,Paraná,30084,13300,12100,67760,5600
sorgo,2019,2019/2020,Entre Ríos,30,San Salvador,30088,500,450,1890,4200
sorgo,2019,2019/2020,Entre Ríos,30,Tala,30091,3500,3400,17680,5200
sorgo,2019,2019/2020,Entre Ríos,30,Uruguay,30098,2500,2300,12650,5500
sorgo,2019,2019/2020,Entre Ríos,30,Victoria,30105,1000,950,5510,5800
sorgo,2019,2019/2020,Entre Ríos,30,Villaguay,30113,8000,7500,37500,5000
sorgo,2019,2019/2020,Formosa,34,Patiño,34035,970,150,390,2600
sorgo,2019,2019/2020,Formosa,34,Pilagás,34042,1440,220,572,2600
sorgo,2019,2019/2020,Formosa,34,Pilcomayo,34049,1110,160,416,2600
sorgo,2019,2019/2020,Formosa,34,Pirané,34056,4480,670,1742,2600
sorgo,2019,2019/2020,Jujuy,38,San Pedro,38063,500,500,1400,2800
sorgo,2019,2019/2020,La Pampa,42,Atreucó,42007,4400,1800,4860,2700
sorgo,2019,2019/2020,La Pampa,42,Capital,42021,3500,1300,4160,3200
sorgo,2019,2019/2020,La Pampa,42,Catriló,42028,4000,2300,7820,3400
sorgo,2019,2019/2020,La Pampa,42,Chapaleufú,42056,400,400,1960,4900
sorgo,2019,2019/2020,La Pampa,42,Conhelo,42035,2600,2600,12740,4900
sorgo,2019,2019/2020,La Pampa,42,Guatraché,42070,5500,2100,4620,2200
sorgo,2019,2019/2020,La Pampa,42,Hucal,42077,1300,600,1320,2200
sorgo,2019,2019/2020,La Pampa,42,Maracó,42105,1000,1000,4900,4900
sorgo,2019,2019/2020,La Pampa,42,Quemú Quemú,42119,700,700,3430,4900
sorgo,2019,2019/2020,La Pampa,42,Rancul,42126,1400,1400,6860,4900
sorgo,2019,2019/2020,La Pampa,42,Realicó,42133,1400,1400,6860,4900
sorgo,2019,2019/2020,La Pampa,42,Toay,42140,2700,1200,2640,2200
sorgo,2019,2019/2020,La Pampa,42,Trenel,42147,700,700,3080,4400
sorgo,2019,2019/2020,La Pampa,42,Utracán,42154,1700,800,1760,2200
sorgo,2019,2019/2020,Salta,66,Anta,66007,5600,5600,15680,2800
sorgo,2019,2019/2020,Salta,66,Cerrillos,66035,70,70,203,2900
sorgo,2019,2019/2020,Salta,66,General Güemes,66049,150,150,420,2800
sorgo,2019,2019/2020,Salta,66,General José de San Martín,66056,1950,1950,5265,2700
sorgo,2019,2019/2020,Salta,66,La Candelaria,66084,310,310,868,2800
sorgo,2019,2019/2020,Salta,66,Metán,66112,360,360,1044,2900
sorgo,2019,2019/2020,Salta,66,Orán,66126,500,500,1350,2700
sorgo,2019,2019/2020,Salta,66,Rivadavia,66133,610,610,1586,2600
sorgo,2019,2019/2020,Salta,66,Rosario de la Frontera,66140,450,450,1260,2800
sorgo,2019,2019/2020,San Luis,74,Ayacucho,74007,350,100,400,4000
sorgo,2019,2019/2020,San Luis,74,Chacabuco,74028,2500,950,2660,2800
sorgo,2019,2019/2020,San Luis,74,Coronel Pringles,74021,2500,1750,5250,3000
sorgo,2019,2019/2020,San Luis,74,General Pedernera,74035,4800,4000,10800,2700
sorgo,2019,2019/2020,San Luis,74,Gobernador Dupuy,74042,2200,1600,4800,3000
sorgo,2019,2019/2020,San Luis,74,Juan Martín de Pueyrredón,74056,1700,1000,3000,3000
sorgo,2019,2019/2020,San Luis,74,Junín,74049,400,100,460,4600
sorgo,2019,2019/2020,San Luis,74,Libertador General San Martín,74063,300,0,0,0
sorgo,2019,2019/2020,Santa Fe,82,9 de Julio,82077,9500,6200,29760,4800
sorgo,2019,2019/2020,Santa Fe,82,Belgrano,82007,1400,1300,9100,7000
sorgo,2019,2019/2020,Santa Fe,82,Caseros,82014,3930,3930,29475,7500
sorgo,2019,2019/2020,Santa Fe,82,Castellanos,82021,5000,2800,15680,5600
sorgo,2019,2019/2020,Santa Fe,82,Garay,82035,500,300,1380,4600
sorgo,2019,2019/2020,Santa Fe,82,General López,82042,3000,3000,19500,6500
sorgo,2019,2019/2020,Santa Fe,82,General Obligado,82049,12000,8200,31160,3800
sorgo,2019,2019/2020,Santa Fe,82,Iriondo,82056,1000,920,6440,7000
sorgo,2019,2019/2020,Santa Fe,82,La Capital,82063,2500,1800,8820,4900
sorgo,2019,2019/2020,Santa Fe,82,Las Colonias,82070,3000,1700,9180,5400
sorgo,2019,2019/2020,Santa Fe,82,Rosario,82084,1400,1400,9800,7000
sorgo,2019,2019/2020,Santa Fe,82,San Cristóbal,82091,20000,13200,63360,4800
sorgo,2019,2019/2020,Santa Fe,82,San Javier,82098,6000,4500,12600,2800
sorgo,2019,2019/2020,Santa Fe,82,San Jerónimo,82105,4500,3700,22200,6000
sorgo,2019,2019/2020,Santa Fe,82,San Justo,82112,5000,3700,20720,5600
sorgo,2019,2019/2020,Santa Fe,82,San Lorenzo,82119,1800,1800,12600,7000
sorgo,2019,2019/2020,Santa Fe,82,San Martín,82126,3100,2600,18200,7000
sorgo,2019,2019/2020,Santa Fe,82,Vera,82133,12000,8200,33620,4100
sorgo,2019,2019/2020,Santa Fe,82,Villa Constitución,82028,1500,1500,9750,6500
sorgo,2019,2019/2020,Santiago del Estero,86,Aguirre,86007,2500,2500,4750,1900
sorgo,2019,2019/2020,Santiago del Estero,86,Alberdi,86014,3700,3250,10075,3100
sorgo,2019,2019/2020,Santiago del Estero,86,Avellaneda,86028,1800,1800,5040,2800
sorgo,2019,2019/2020,Santiago del Estero,86,Banda,86035,1500,1350,6075,4500
sorgo,2019,2019/2020,Santiago del Estero,86,Belgrano,86042,4900,3970,12704,3200
sorgo,2019,2019/2020,Santiago del Estero,86,Capital,86049,2500,2250,10125,4500
sorgo,2019,2019/2020,Santiago del Estero,86,Choya,86063,4500,4050,18225,4500
sorgo,2019,2019/2020,Santiago del Estero,86,Copo,86056,3500,3020,3624,1200
sorgo,2019,2019/2020,Santiago del Estero,86,Figueroa,86070,1000,900,4050,4500
sorgo,2019,2019/2020,Santiago del Estero,86,General Taboada,86077,7400,4990,16467,3300
sorgo,2019,2019/2020,Santiago del Estero,86,Guasayán,86084,3000,2700,12150,4500
sorgo,2019,2019/2020,Santiago del Estero,86,Jiménez,86091,5000,4500,20250,4500
sorgo,2019,2019/2020,Santiago del Estero,86,Juan F. Ibarra,86098,4800,3750,11625,3100
sorgo,2019,2019/2020,Santiago del Estero,86,Loreto,86105,1000,900,4050,4500
sorgo,2019,2019/2020,Santiago del Estero,86,Mitre,86112,3500,3150,14175,4500
sorgo,2019,2019/2020,Santiago del Estero,86,Moreno,86119,16500,11160,36828,3300
sorgo,2019,2019/2020,Santiago del Estero,86,Pellegrini,86133,3500,3150,14175,4500
sorgo,2019,2019/2020,Santiago del Estero,86,Río Hondo,86147,2500,2250,10125,4500
sorgo,2019,2019/2020,Santiago del Estero,86,Rivadavia,86154,1600,710,2343,3300
sorgo,2019,2019/2020,Santiago del Estero,86,Robles,86161,2000,1800,8100,4500
sorgo,2019,2019/2020,Santiago del Estero,86,San Martín,86175,2000,1800,8100,4500
sorgo,2019,2019/2020,Santiago del Estero,86,Sarmiento,86182,800,800,1200,1500
sorgo,2019,2019/2020,Santiago del Estero,86,Silípica,86189,1500,1350,6075,4500
sorgo,2019,2019/2020,Tucumán,90,Burruyacú,90007,1100,750,2775,3700
sorgo,2019,2019/2020,Tucumán,90,Cruz Alta,90014,700,500,1450,2900
sorgo,2019,2019/2020,Tucumán,90,Graneros,90035,500,350,1295,3700
sorgo,2019,2019/2020,Tucumán,90,La Cocha,90049,400,300,870,2900
sorgo,2019,2019/2020,Tucumán,90,Leales,90056,1000,800,2960,3700
sorgo,2019,2019/2020,Tucumán,90,Simoca,90091,100,100,290,2900
sorgo,2019,2019/2020,Tucumán,90,Trancas,90112,400,0,0,0
sorgo,2020,2020/2021,Buenos Aires,06,25 de Mayo,06854,1060,627,2707,4317
sorgo,2020,2020/2021,Buenos Aires,06,9 de Julio,06588,2250,2025,12150,6000
sorgo,2020,2020/2021,Buenos Aires,06,Adolfo Alsina,06007,9000,4500,15750,3500
sorgo,2020,2020/2021,Buenos Aires,06,Adolfo Gonzales Chaves,06014,1600,0,0,0
sorgo,2020,2020/2021,Buenos Aires,06,Alberti,06021,750,675,4050,6000
sorgo,2020,2020/2021,Buenos Aires,06,Arrecifes,06077,1800,1800,11880,6600
sorgo,2020,2020/2021,Buenos Aires,06,Ayacucho,06042,770,400,2000,5000
sorgo,2020,2020/2021,Buenos Aires,06,Azul,06049,1200,183,549,3000
sorgo,2020,2020/2021,Buenos Aires,06,Bahía Blanca,06056,1600,0,0,0
sorgo,2020,2020/2021,Buenos Aires,06,Balcarce,06063,234,234,655,2799
sorgo,2020,2020/2021,Buenos Aires,06,Baradero,06070,722,722,4693,6500
sorgo,2020,2020/2021,Buenos Aires,06,Benito Juárez,06084,1400,420,1050,2500
sorgo,2020,2020/2021,Buenos Aires,06,Bolívar,06105,500,500,3250,6500
sorgo,2020,2020/2021,Buenos Aires,06,Bragado,06112,600,540,3240,6000
sorgo,2020,2020/2021,Buenos Aires,06,Brandsen,06119,1500,1000,6800,6800
sorgo,2020,2020/2021,Buenos Aires,06,Campana,06126,150,150,1020,6800
sorgo,2020,2020/2021,Buenos Aires,06,Cañuelas,06134,1550,1150,7820,6800
sorgo,2020,2020/2021,Buenos Aires,06,Capitán Sarmiento,06140,781,781,5311,6800
sorgo,2020,2020/2021,Buenos Aires,06,Carlos Casares,06147,1000,1000,6500,6500
sorgo,2020,2020/2021,Buenos Aires,06,Carlos Tejedor,06154,3000,3000,16500,5500
sorgo,2020,2020/2021,Buenos Aires,06,Carmen de Areco,06161,900,750,3600,4800
sorgo,2020,2020/2021,Buenos Aires,06,Castelli,06168,120,0,0,0
sorgo,2020,2020/2021,Buenos Aires,06,Chacabuco,06210,1200,800,4800,6000
sorgo,2020,2020/2021,Buenos Aires,06,Chascomús,06217,2100,1100,7480,6800
sorgo,2020,2020/2021,Buenos Aires,06,Chivilcoy,06224,375,337,2022,6000
sorgo,2020,2020/2021,Buenos Aires,06,Colón,06175,916,916,6046,6600
sorgo,2020,2020/2021,Buenos Aires,06,Coronel de Marina Leonardo Rosales,06182,1570,0,0,0
sorgo,2020,2020/2021,Buenos Aires,06,Coronel Dorrego,06189,1700,1000,4500,4500
sorgo,2020,2020/2021,Buenos Aires,06,Coronel Pringles,06196,3000,1500,6750,4500
sorgo,2020,2020/2021,Buenos Aires,06,Coronel Suárez,06203,2000,2000,8000,4000
sorgo,2020,2020/2021,Buenos Aires,06,Daireaux,06231,500,350,2275,6500
sorgo,2020,2020/2021,Buenos Aires,06,Exaltación de la Cruz,06266,600,600,3900,6500
sorgo,2020,2020/2021,Buenos Aires,06,Florentino Ameghino,06277,1500,650,3055,4700
sorgo,2020,2020/2021,Buenos Aires,06,General Alvear,06287,150,150,975,6500
sorgo,2020,2020/2021,Buenos Aires,06,General Arenales,06294,600,300,1560,5200
sorgo,2020,2020/2021,Buenos Aires,06,General Belgrano,06301,280,165,635,3848
sorgo,2020,2020/2021,Buenos Aires,06,General La Madrid,06322,1700,1700,5950,3500
sorgo,2020,2020/2021,Buenos Aires,06,General Las Heras,06329,1000,500,3400,6800
sorgo,2020,2020/2021,Buenos Aires,06,General Paz,06343,900,500,3400,6800
sorgo,2020,2020/2021,Buenos Aires,06,General Pinto,06351,600,50,240,4800
sorgo,2020,2020/2021,Buenos Aires,06,General Viamonte,06385,800,350,1750,5000
sorgo,2020,2020/2021,Buenos Aires,06,General Villegas,06392,3000,2250,10350,4600
sorgo,2020,2020/2021,Buenos Aires,06,Guaminí,06399,7000,3500,11900,3400
sorgo,2020,2020/2021,Buenos Aires,06,Junín,06413,1500,1100,6050,5500
sorgo,2020,2020/2021,Buenos Aires,06,La Plata,06441,150,50,340,6800
sorgo,2020,2020/2021,Buenos Aires,06,Laprida,06448,2460,500,2250,4500
sorgo,2020,2020/2021,Buenos Aires,06,Las Flores,06455,250,149,642,4309
sorgo,2020,2020/2021,Buenos Aires,06,Leandro N. Alem,06462,500,100,490,4900
sorgo,2020,2020/2021,Buenos Aires,06,Lincoln,06469,2500,1500,7275,4850
sorgo,2020,2020/2021,Buenos Aires,06,Lobería,06476,1587,844,2279,2700
sorgo,2020,2020/2021,Buenos Aires,06,Lobos,06483,750,443,1913,4318
sorgo,2020,2020/2021,Buenos Aires,06,Luján,06497,1100,800,5440,6800
sorgo,2020,2020/2021,Buenos Aires,06,Magdalena,06505,950,450,3060,6800
sorgo,2020,2020/2021,Buenos Aires,06,Maipú,06511,100,0,0,0
sorgo,2020,2020/2021,Buenos Aires,06,Mar Chiquita,06518,280,100,550,5500
sorgo,2020,2020/2021,Buenos Aires,06,Marcos Paz,06525,850,450,3060,6800
sorgo,2020,2020/2021,Buenos Aires,06,Mercedes,06532,450,405,1620,4000
sorgo,2020,2020/2021,Buenos Aires,06,Monte,06547,340,202,872,4317
sorgo,2020,2020/2021,Buenos Aires,06,Navarro,06574,300,177,764,4316
sorgo,2020,2020/2021,Buenos Aires,06,Necochea,06581,1400,0,0,0
sorgo,2020,2020/2021,Buenos Aires,06,Olavarría,06595,100,100,650,6500
sorgo,2020,2020/2021,Buenos Aires,06,Patagones,06602,1940,0,0,0
sorgo,2020,2020/2021,Buenos Aires,06,Pehuajó,06609,1250,1250,7500,6000
sorgo,2020,2020/2021,Buenos Aires,06,Pellegrini,06616,6500,2500,9000,3600
sorgo,2020,2020/2021,Buenos Aires,06,Pergamino,06623,5200,5065,34442,6800
sorgo,2020,2020/2021,Buenos Aires,06,Pila,06630,770,400,2000,5000
sorgo,2020,2020/2021,Buenos Aires,06,Pilar,06638,700,500,3400,6800
sorgo,2020,2020/2021,Buenos Aires,06,Puán,06651,1300,1300,3900,3000
sorgo,2020,2020/2021,Buenos Aires,06,Punta Indio,06655,1100,600,4080,6800
sorgo,2020,2020/2021,Buenos Aires,06,Ramallo,06665,2500,2500,16250,6500
sorgo,2020,2020/2021,Buenos Aires,06,Rauch,06672,520,270,1350,5000
sorgo,2020,2020/2021,Buenos Aires,06,Rivadavia,06679,800,800,4400,5500
sorgo,2020,2020/2021,Buenos Aires,06,Rojas,06686,2700,2300,12650,5500
sorgo,2020,2020/2021,Buenos Aires,06,Roque Pérez,06693,540,321,1386,4318
sorgo,2020,2020/2021,Buenos Aires,06,Saavedra,06700,3600,3600,10800,3000
sorgo,2020,2020/2021,Buenos Aires,06,Saladillo,06707,1200,713,3080,4320
sorgo,2020,2020/2021,Buenos Aires,06,Salliqueló,06721,3000,1500,5400,3600
sorgo,2020,2020/2021,Buenos Aires,06,Salto,06714,3000,3000,20400,6800
sorgo,2020,2020/2021,Buenos Aires,06,San Andrés de Giles,06728,900,800,4000,5000
sorgo,2020,2020/2021,Buenos Aires,06,San Antonio de Areco,06735,820,820,5330,6500
sorgo,2020,2020/2021,Buenos Aires,06,San Cayetano,06742,200,0,0,0
sorgo,2020,2020/2021,Buenos Aires,06,San Nicolás,06763,6900,6900,46920,6800
sorgo,2020,2020/2021,Buenos Aires,06,San Pedro,06770,3500,3500,22750,6500
sorgo,2020,2020/2021,Buenos Aires,06,San Vicente,06778,850,650,4420,6800
sorgo,2020,2020/2021,Buenos Aires,06,Suipacha,06784,450,405,1620,4000
sorgo,2020,2020/2021,Buenos Aires,06,Tandil,06791,1013,253,683,2700
sorgo,2020,2020/2021,Buenos Aires,06,Tapalqué,06798,550,550,3575,6500
sorgo,2020,2020/2021,Buenos Aires,06,Tornquist,06819,2500,2500,7500,3000
sorgo,2020,2020/2021,Buenos Aires,06,Trenque Lauquen,06826,2200,2200,9900,4500
sorgo,2020,2020/2021,Buenos Aires,06,Tres Arroyos,06833,750,0,0,0
sorgo,2020,2020/2021,Buenos Aires,06,Tres Lomas,06847,3000,500,1750,3500
sorgo,2020,2020/2021,Buenos Aires,06,Villarino,06875,2990,0,0,0
sorgo,2020,2020/2021,Buenos Aires,06,Zárate,06882,100,100,650,6500
sorgo,2020,2020/2021,Catamarca,10,El Alto,10056,300,295,649,2200
sorgo,2020,2020/2021,Catamarca,10,Santa Rosa,10098,1200,800,2720,3400
sorgo,2020,2020/2021,Chaco,22,12 de Octubre,22036,9500,9500,34200,3600
sorgo,2020,2020/2021,Chaco,22,2 de Abril,22039,10500,8175,27795,3400
sorgo,2020,2020/2021,Chaco,22,25 de Mayo,22168,790,330,660,2000
sorgo,2020,2020/2021,Chaco,22,9 de Julio,22105,7000,6475,20720,3200
sorgo,2020,2020/2021,Chaco,22,Almirante Brown,22007,22200,16200,50220,3100
sorgo,2020,2020/2021,Chaco,22,Chacabuco,22028,4000,3682,13255,3600
sorgo,2020,2020/2021,Chaco,22,Comandante Fernández,22021,3900,2700,7290,2700
sorgo,2020,2020/2021,Chaco,22,Fray Justo Santa María de Oro,22043,4500,3565,11408,3200
sorgo,2020,2020/2021,Chaco,22,General Belgrano,22049,3800,3425,12330,3600
sorgo,2020,2020/2021,Chaco,22,General Güemes,22063,2800,1600,4480,2800
sorgo,2020,2020/2021,Chaco,22,Independencia,22070,8100,5520,16008,2900
sorgo,2020,2020/2021,Chaco,22,Libertador General San Martín,22084,1000,400,800,2000
sorgo,2020,2020/2021,Chaco,22,Maipú,22091,4150,2690,6994,2600
sorgo,2020,2020/2021,Chaco,22,Mayor Luis J. Fontana,22098,2500,1275,3825,3000
sorgo,2020,2020/2021,Chaco,22,O'Higgins,22112,2100,1795,5744,3200
sorgo,2020,2020/2021,Chaco,22,Presidencia de la Plaza,22119,400,150,285,1900
sorgo,2020,2020/2021,Chaco,22,Quitilipi,22133,1190,740,1628,2200
sorgo,2020,2020/2021,Chaco,22,San Fernando,22140,200,100,260,2600
sorgo,2020,2020/2021,Chaco,22,San Lorenzo,22147,900,690,1932,2800
sorgo,2020,2020/2021,Chaco,22,Sargento Cabral,22154,900,550,1540,2800
sorgo,2020,2020/2021,Córdoba,14,Calamuchita,14007,1300,1300,6500,5000
sorgo,2020,2020/2021,Córdoba,14,Capital,14014,700,700,3500,5000
sorgo,2020,2020/2021,Córdoba,14,Colón,14021,2480,1900,10450,5500
sorgo,2020,2020/2021,Córdoba,14,Cruz del Eje,14028,300,150,750,5000
sorgo,2020,2020/2021,Córdoba,14,General Roca,14035,14000,8459,43141,5100
sorgo,2020,2020/2021,Córdoba,14,General San Martín,14042,13000,11000,60500,5500
sorgo,2020,2020/2021,Córdoba,14,Ischilín,14049,1180,760,3800,5000
sorgo,2020,2020/2021,Córdoba,14,Juárez Celman,14056,2500,2500,15000,6000
sorgo,2020,2020/2021,Córdoba,14,Marcos Juárez,14063,6350,5570,34534,6200
sorgo,2020,2020/2021,Córdoba,14,Pocho,14077,300,300,1500,5000
sorgo,2020,2020/2021,Córdoba,14,Presidente Roque Sáenz Peña,14084,9400,7946,43703,5500
sorgo,2020,2020/2021,Córdoba,14,Río Cuarto,14098,15350,15350,84425,5500
sorgo,2020,2020/2021,Córdoba,14,Río Primero,14105,25069,22569,135414,6000
sorgo,2020,2020/2021,Córdoba,14,Río Seco,14112,6114,5634,30987,5500
sorgo,2020,2020/2021,Córdoba,14,Río Segundo,14119,5000,4000,22000,5500
sorgo,2020,2020/2021,Córdoba,14,San Justo,14140,23525,18225,118463,6500
sorgo,2020,2020/2021,Córdoba,14,Santa María,14147,1700,1700,9350,5500
sorgo,2020,2020/2021,Córdoba,14,Tercero Arriba,14161,4300,3600,19800,5500
sorgo,2020,2020/2021,Córdoba,14,Totoral,14168,5117,4437,24404,5500
sorgo,2020,2020/2021,Córdoba,14,Tulumba,14175,4894,4404,24222,5500
sorgo,2020,2020/2021,Córdoba,14,Unión,14182,11000,10250,57400,5600
sorgo,2020,2020/2021,Corrientes,18,Bella Vista,18007,20,20,80,4000
sorgo,2020,2020/2021,Corrientes,18,Curuzu Cuatia,18035,1500,1500,6000,4000
sorgo,2020,2020/2021,Corrientes,18,Empedrado,18042,77,77,308,4000
sorgo,2020,2020/2021,Corrientes,18,Esquina,18049,260,260,1040,4000
sorgo,2020,2020/2021,Corrientes,18,Goya,18070,900,900,3600,4000
sorgo,2020,2020/2021,Corrientes,18,Ituzaingó,18084,100,100,400,4000
sorgo,2020,2020/2021,Corrientes,18,Lavalle,18091,410,410,1640,4000
sorgo,2020,2020/2021,Corrientes,18,Mercedes,18105,512,512,2048,4000
sorgo,2020,2020/2021,Corrientes,18,Paso de los Libres,18119,16,16,64,4000
sorgo,2020,2020/2021,Corrientes,18,San Luis del Palmar,18140,25,25,100,4000
sorgo,2020,2020/2021,Corrientes,18,San Martín,18147,30,30,120,4000
sorgo,2020,2020/2021,Corrientes,18,San Roque,18161,200,200,800,4000
sorgo,2020,2020/2021,Corrientes,18,Sauce,18175,750,750,3000,4000
sorgo,2020,2020/2021,Entre Ríos,30,Colón,30008,2500,2300,8050,3500
sorgo,2020,2020/2021,Entre Ríos,30,Concordia,30015,4800,4300,21930,5100
sorgo,2020,2020/2021,Entre Ríos,30,Diamante,30021,5500,5100,26520,5200
sorgo,2020,2020/2021,Entre Ríos,30,Federación,30028,1200,900,4590,5100
sorgo,2020,2020/2021,Entre Ríos,30,Federal,30035,5800,5500,28050,5100
sorgo,2020,2020/2021,Entre Ríos,30,Feliciano,30042,3000,2700,13770,5100
sorgo,2020,2020/2021,Entre Ríos,30,Gualeguay,30049,7000,6500,23400,3600
sorgo,2020,2020/2021,Entre Ríos,30,Gualeguaychú,30056,7500,7350,25725,3500
sorgo,2020,2020/2021,Entre Ríos,30,La Paz,30070,18200,16200,81000,5000
sorgo,2020,2020/2021,Entre Ríos,30,Nogoyá,30077,13900,13150,49970,3800
sorgo,2020,2020/2021,Entre Ríos,30,Paraná,30084,14000,12800,69120,5400
sorgo,2020,2020/2021,Entre Ríos,30,San Salvador,30088,5000,4700,13160,2800
sorgo,2020,2020/2021,Entre Ríos,30,Tala,30091,8000,7600,26600,3500
sorgo,2020,2020/2021,Entre Ríos,30,Uruguay,30098,9000,8700,36540,4200
sorgo,2020,2020/2021,Entre Ríos,30,Victoria,30105,8000,7900,35550,4500
sorgo,2020,2020/2021,Entre Ríos,30,Villaguay,30113,16900,16400,60680,3700
sorgo,2020,2020/2021,Formosa,34,sin definir,34000,28000,5900,14750,2500
sorgo,2020,2020/2021,Jujuy,38,El Carmen,38014,400,362,1448,4000
sorgo,2020,2020/2021,Jujuy,38,San Antonio,38056,300,120,480,4000
sorgo,2020,2020/2021,Jujuy,38,San Pedro,38063,910,546,2184,4000
sorgo,2020,2020/2021,Jujuy,38,Santa Bárbara,38070,311,125,500,4000
sorgo,2020,2020/2021,La Pampa,42,Atreucó,42007,7000,100,350,3500
sorgo,2020,2020/2021,La Pampa,42,Capital,42021,6000,920,1840,2000
sorgo,2020,2020/2021,La Pampa,42,Catriló,42028,6500,0,0,0
sorgo,2020,2020/2021,La Pampa,42,Chapaleufú,42056,1450,1450,5075,3500
sorgo,2020,2020/2021,La Pampa,42,Guatraché,42070,9500,500,1000,2000
sorgo,2020,2020/2021,La Pampa,42,Hucal,42077,2500,250,500,2000
sorgo,2020,2020/2021,La Pampa,42,Maracó,42105,2000,2000,7000,3500
sorgo,2020,2020/2021,La Pampa,42,Toay,42140,4900,1500,4800,3200
sorgo,2020,2020/2021,La Pampa,42,Utracán,42154,2900,840,2520,3000
sorgo,2020,2020/2021,Salta,66,Anta,66007,30500,27425,54850,2000
sorgo,2020,2020/2021,Salta,66,Cerrillos,66035,120,120,216,1800
sorgo,2020,2020/2021,Salta,66,General Güemes,66049,285,285,542,1902
sorgo,2020,2020/2021,Salta,66,General José de San Martín,66056,4170,3832,6898,1800
sorgo,2020,2020/2021,Salta,66,La Caldera,66077,50,50,90,1800
sorgo,2020,2020/2021,Salta,66,La Candelaria,66084,600,600,1080,1800
sorgo,2020,2020/2021,Salta,66,Metán,66112,7100,6500,14300,2200
sorgo,2020,2020/2021,Salta,66,Orán,66126,1120,1008,1814,1800
sorgo,2020,2020/2021,Salta,66,Rivadavia,66133,4240,3815,6486,1700
sorgo,2020,2020/2021,Salta,66,Rosario de la Frontera,66140,6700,6030,12060,2000
sorgo,2020,2020/2021,San Luis,74,Ayacucho,74007,350,150,645,4300
sorgo,2020,2020/2021,San Luis,74,Chacabuco,74028,2600,2000,8000,4000
sorgo,2020,2020/2021,San Luis,74,Coronel Pringles,74021,4100,3600,15120,4200
sorgo,2020,2020/2021,San Luis,74,General Pedernera,74035,10000,8800,33440,3800
sorgo,2020,2020/2021,San Luis,74,Gobernador Dupuy,74042,3000,2100,8820,4200
sorgo,2020,2020/2021,San Luis,74,Juan Martín de Pueyrredón,74056,1300,900,3600,4000
sorgo,2020,2020/2021,San Luis,74,Junín,74049,400,200,760,3800
sorgo,2020,2020/2021,San Luis,74,Libertador General San Martín,74063,300,200,900,4500
sorgo,2020,2020/2021,Santa Fe,82,9 de Julio,82077,22000,13800,52440,3800
sorgo,2020,2020/2021,Santa Fe,82,Caseros,82014,6300,6300,47250,7500
sorgo,2020,2020/2021,Santa Fe,82,Castellanos,82021,12700,7700,40040,5200
sorgo,2020,2020/2021,Santa Fe,82,Garay,82035,800,500,2350,4700
sorgo,2020,2020/2021,Santa Fe,82,General López,82042,5000,5000,29000,5800
sorgo,2020,2020/2021,Santa Fe,82,General Obligado,82049,15300,13300,46550,3500
sorgo,2020,2020/2021,Santa Fe,82,Iriondo,82056,1680,1680,10080,6000
sorgo,2020,2020/2021,Santa Fe,82,La Capital,82063,3000,2000,10000,5000
sorgo,2020,2020/2021,Santa Fe,82,Las Colonias,82070,6180,3480,20880,6000
sorgo,2020,2020/2021,Santa Fe,82,Rosario,82084,5900,5900,46020,7800
sorgo,2020,2020/2021,Santa Fe,82,San Cristóbal,82091,34200,19500,78000,4000
sorgo,2020,2020/2021,Santa Fe,82,San Javier,82098,12000,10600,31800,3000
sorgo,2020,2020/2021,Santa Fe,82,San Jerónimo,82105,2880,2880,17280,6000
sorgo,2020,2020/2021,Santa Fe,82,San Justo,82112,10800,7500,33750,4500
sorgo,2020,2020/2021,Santa Fe,82,San Lorenzo,82119,5600,5600,39200,7000
sorgo,2020,2020/2021,Santa Fe,82,San Martín,82126,7440,7440,44640,6000
sorgo,2020,2020/2021,Santa Fe,82,Vera,82133,20000,17700,67260,3800
sorgo,2020,2020/2021,Santa Fe,82,Villa Constitución,82028,9200,9200,62560,6800
sorgo,2020,2020/2021,Santiago del Estero,86,Aguirre,86007,5130,4480,15680,3500
sorgo,2020,2020/2021,Santiago del Estero,86,Alberdi,86014,5120,2800,8960,3200
sorgo,2020,2020/2021,Santiago del Estero,86,Avellaneda,86028,2400,2400,7680,3200
sorgo,2020,2020/2021,Santiago del Estero,86,Banda,86035,2500,2250,10125,4500
sorgo,2020,2020/2021,Santiago del Estero,86,Belgrano,86042,8200,6260,21910,3500
sorgo,2020,2020/2021,Santiago del Estero,86,Capital,86049,3500,3150,15750,5000
sorgo,2020,2020/2021,Santiago del Estero,86,Choya,86063,4500,4050,18225,4500
sorgo,2020,2020/2021,Santiago del Estero,86,Copo,86056,6050,6050,21780,3600
sorgo,2020,2020/2021,Santiago del Estero,86,Figueroa,86070,1500,1350,6075,4500
sorgo,2020,2020/2021,Santiago del Estero,86,General Taboada,86077,10500,7860,28296,3600
sorgo,2020,2020/2021,Santiago del Estero,86,Guasayán,86084,5000,4500,22500,5000
sorgo,2020,2020/2021,Santiago del Estero,86,Jiménez,86091,6000,5400,25920,4800
sorgo,2020,2020/2021,Santiago del Estero,86,Juan F. Ibarra,86098,9800,8050,28980,3600
sorgo,2020,2020/2021,Santiago del Estero,86,Loreto,86105,2250,2025,9113,4500
sorgo,2020,2020/2021,Santiago del Estero,86,Mitre,86112,6500,5850,26325,4500
sorgo,2020,2020/2021,Santiago del Estero,86,Moreno,86119,20000,11660,40810,3500
sorgo,2020,2020/2021,Santiago del Estero,86,Ojo de Agua,86126,3200,2880,12960,4500
sorgo,2020,2020/2021,Santiago del Estero,86,Pellegrini,86133,6500,5850,26325,4500
sorgo,2020,2020/2021,Santiago del Estero,86,Río Hondo,86147,3500,3150,15750,5000
sorgo,2020,2020/2021,Santiago del Estero,86,Rivadavia,86154,2200,340,1224,3600
sorgo,2020,2020/2021,Santiago del Estero,86,Robles,86161,3000,2700,12150,4500
sorgo,2020,2020/2021,Santiago del Estero,86,San Martín,86175,3000,2700,12150,4500
sorgo,2020,2020/2021,Santiago del Estero,86,Sarmiento,86182,950,950,3420,3600
sorgo,2020,2020/2021,Santiago del Estero,86,Silípica,86189,2500,2250,10125,4500
sorgo,2020,2020/2021,Tucumán,90,Burruyacú,90007,1900,1700,5780,3400
sorgo,2020,2020/2021,Tucumán,90,Cruz Alta,90014,900,900,3150,3500
sorgo,2020,2020/2021,Tucumán,90,Graneros,90035,750,750,2550,3400
sorgo,2020,2020/2021,Tucumán,90,La Cocha,90049,650,650,2210,3400
sorgo,2020,2020/2021,Tucumán,90,Leales,90056,1400,1200,3840,3200
sorgo,2020,2020/2021,Tucumán,90,Simoca,90091,100,100,340,3400
sorgo,2020,2020/2021,Tucumán,90,Trancas,90112,500,0,0,0
sorgo,2021,2021/2022,Buenos Aires,06,25 de Mayo,06854,1176,700,3024,4320
sorgo,2021,2021/2022,Buenos Aires,06,9 de Julio,06588,2500,2475,17325,7000
sorgo,2021,2021/2022,Buenos Aires,06,Adolfo Alsina,06007,7000,2500,8000,3200
sorgo,2021,2021/2022,Buenos Aires,06,Adolfo Gonzales Chaves,06014,180,180,540,3000
sorgo,2021,2021/2022,Buenos Aires,06,Alberti,06021,700,690,4830,7000
sorgo,2021,2021/2022,Buenos Aires,06,Arrecifes,06077,1860,1860,10044,5400
sorgo,2021,2021/2022,Buenos Aires,06,Ayacucho,06042,2000,2000,10000,5000
sorgo,2021,2021/2022,Buenos Aires,06,Azul,06049,368,368,810,2201
sorgo,2021,2021/2022,Buenos Aires,06,Bahía Blanca,06056,1600,0,0,0
sorgo,2021,2021/2022,Buenos Aires,06,Balcarce,06063,600,498,1096,2201
sorgo,2021,2021/2022,Buenos Aires,06,Baradero,06070,780,780,4337,5560
sorgo,2021,2021/2022,Buenos Aires,06,Benito Juárez,06084,1289,1057,2325,2200
sorgo,2021,2021/2022,Buenos Aires,06,Bolívar,06105,500,500,3250,6500
sorgo,2021,2021/2022,Buenos Aires,06,Bragado,06112,600,590,4130,7000
sorgo,2021,2021/2022,Buenos Aires,06,Brandsen,06119,500,0,0,0
sorgo,2021,2021/2022,Buenos Aires,06,Campana,06126,50,50,274,5480
sorgo,2021,2021/2022,Buenos Aires,06,Cañuelas,06134,800,400,2600,6500
sorgo,2021,2021/2022,Buenos Aires,06,Capitán Sarmiento,06140,350,350,1981,5660
sorgo,2021,2021/2022,Buenos Aires,06,Carlos Casares,06147,421,421,2737,6501
sorgo,2021,2021/2022,Buenos Aires,06,Carlos Tejedor,06154,1905,1905,10478,5500
sorgo,2021,2021/2022,Buenos Aires,06,Carmen de Areco,06161,1000,950,4940,5200
sorgo,2021,2021/2022,Buenos Aires,06,Castelli,06168,200,200,1000,5000
sorgo,2021,2021/2022,Buenos Aires,06,Chacabuco,06210,1200,1100,6820,6200
sorgo,2021,2021/2022,Buenos Aires,06,Chascomús,06217,1700,700,4550,6500
sorgo,2021,2021/2022,Buenos Aires,06,Chivilcoy,06224,400,390,2730,7000
sorgo,2021,2021/2022,Buenos Aires,06,Colón,06175,1160,1160,6421,5535
sorgo,2021,2021/2022,Buenos Aires,06,Coronel de Marina Leonardo Rosales,06182,1570,0,0,0
sorgo,2021,2021/2022,Buenos Aires,06,Coronel Dorrego,06189,78,78,195,2500
sorgo,2021,2021/2022,Buenos Aires,06,Coronel Pringles,06196,136,136,408,3000
sorgo,2021,2021/2022,Buenos Aires,06,Coronel Suárez,06203,2000,2000,4000,2000
sorgo,2021,2021/2022,Buenos Aires,06,Daireaux,06231,600,600,3900,6500
sorgo,2021,2021/2022,Buenos Aires,06,Exaltación de la Cruz,06266,200,200,1060,5300
sorgo,2021,2021/2022,Buenos Aires,06,Florentino Ameghino,06277,1500,900,3960,4400
sorgo,2021,2021/2022,Buenos Aires,06,General Alvarado,06280,35,35,70,2000
sorgo,2021,2021/2022,Buenos Aires,06,General Alvear,06287,150,150,975,6500
sorgo,2021,2021/2022,Buenos Aires,06,General Arenales,06294,700,640,4288,6700
sorgo,2021,2021/2022,Buenos Aires,06,General Belgrano,06301,311,184,706,3837
sorgo,2021,2021/2022,Buenos Aires,06,General Juan Madariaga,06315,200,200,1040,5200
sorgo,2021,2021/2022,Buenos Aires,06,General La Madrid,06322,1700,1700,3740,2200
sorgo,2021,2021/2022,Buenos Aires,06,General Las Heras,06329,800,300,1950,6500
sorgo,2021,2021/2022,Buenos Aires,06,General Paz,06343,600,200,1300,6500
sorgo,2021,2021/2022,Buenos Aires,06,General Pinto,06351,900,600,2700,4500
sorgo,2021,2021/2022,Buenos Aires,06,General Viamonte,06385,800,500,2350,4700
sorgo,2021,2021/2022,Buenos Aires,06,General Villegas,06392,4500,1000,4300,4300
sorgo,2021,2021/2022,Buenos Aires,06,Guaminí,06399,5000,1500,4500,3000
sorgo,2021,2021/2022,Buenos Aires,06,Hipólito Yrigoyen,06406,150,150,975,6500
sorgo,2021,2021/2022,Buenos Aires,06,Junín,06413,1400,1350,8370,6200
sorgo,2021,2021/2022,Buenos Aires,06,La Plata,06441,150,50,325,6500
sorgo,2021,2021/2022,Buenos Aires,06,Laprida,06448,107,107,342,3196
sorgo,2021,2021/2022,Buenos Aires,06,Las Flores,06455,728,433,1871,4321
sorgo,2021,2021/2022,Buenos Aires,06,Leandro N. Alem,06462,800,500,2300,4600
sorgo,2021,2021/2022,Buenos Aires,06,Lincoln,06469,4000,1500,6750,4500
sorgo,2021,2021/2022,Buenos Aires,06,Lobería,06476,819,375,825,2200
sorgo,2021,2021/2022,Buenos Aires,06,Lobos,06483,834,496,2143,4321
sorgo,2021,2021/2022,Buenos Aires,06,Luján,06497,700,400,2600,6500
sorgo,2021,2021/2022,Buenos Aires,06,Magdalena,06505,850,350,2240,6400
sorgo,2021,2021/2022,Buenos Aires,06,Maipú,06511,100,100,500,5000
sorgo,2021,2021/2022,Buenos Aires,06,Mar Chiquita,06518,480,480,2496,5200
sorgo,2021,2021/2022,Buenos Aires,06,Marcos Paz,06525,600,200,1300,6500
sorgo,2021,2021/2022,Buenos Aires,06,Mercedes,06532,450,440,3080,7000
sorgo,2021,2021/2022,Buenos Aires,06,Monte,06547,375,223,963,4318
sorgo,2021,2021/2022,Buenos Aires,06,Navarro,06574,334,198,855,4318
sorgo,2021,2021/2022,Buenos Aires,06,Necochea,06581,95,95,238,2505
sorgo,2021,2021/2022,Buenos Aires,06,Olavarría,06595,300,300,1950,6500
sorgo,2021,2021/2022,Buenos Aires,06,Patagones,06602,2300,0,0,0
sorgo,2021,2021/2022,Buenos Aires,06,Pehuajó,06609,973,973,7298,7501
sorgo,2021,2021/2022,Buenos Aires,06,Pellegrini,06616,4500,2000,6400,3200
sorgo,2021,2021/2022,Buenos Aires,06,Pergamino,06623,7950,7950,44282,5570
sorgo,2021,2021/2022,Buenos Aires,06,Pila,06630,500,500,2500,5000
sorgo,2021,2021/2022,Buenos Aires,06,Pilar,06638,500,300,1950,6500
sorgo,2021,2021/2022,Buenos Aires,06,Puán,06651,1300,1300,5200,4000
sorgo,2021,2021/2022,Buenos Aires,06,Punta Indio,06655,900,400,2560,6400
sorgo,2021,2021/2022,Buenos Aires,06,Ramallo,06665,4600,4600,24840,5400
sorgo,2021,2021/2022,Buenos Aires,06,Rauch,06672,500,500,2500,5000
sorgo,2021,2021/2022,Buenos Aires,06,Rivadavia,06679,811,811,4866,6000
sorgo,2021,2021/2022,Buenos Aires,06,Rojas,06686,2500,2500,15500,6200
sorgo,2021,2021/2022,Buenos Aires,06,Roque Pérez,06693,595,354,1529,4319
sorgo,2021,2021/2022,Buenos Aires,06,Saavedra,06700,3600,3600,18000,5000
sorgo,2021,2021/2022,Buenos Aires,06,Saladillo,06707,1322,786,3396,4321
sorgo,2021,2021/2022,Buenos Aires,06,Salliqueló,06721,2000,1000,3200,3200
sorgo,2021,2021/2022,Buenos Aires,06,Salto,06714,1500,1500,8520,5680
sorgo,2021,2021/2022,Buenos Aires,06,San Andrés de Giles,06728,850,850,4845,5700
sorgo,2021,2021/2022,Buenos Aires,06,San Antonio de Areco,06735,450,450,2466,5480
sorgo,2021,2021/2022,Buenos Aires,06,San Cayetano,06742,113,113,283,2504
sorgo,2021,2021/2022,Buenos Aires,06,San Nicolás,06763,3900,3900,20768,5325
sorgo,2021,2021/2022,Buenos Aires,06,San Pedro,06770,2350,2350,12373,5265
sorgo,2021,2021/2022,Buenos Aires,06,San Vicente,06778,400,200,1300,6500
sorgo,2021,2021/2022,Buenos Aires,06,Suipacha,06784,500,490,3430,7000
sorgo,2021,2021/2022,Buenos Aires,06,Tandil,06791,609,609,1340,2200
sorgo,2021,2021/2022,Buenos Aires,06,Tapalqué,06798,600,600,3900,6500
sorgo,2021,2021/2022,Buenos Aires,06,Tornquist,06819,2500,2500,10000,4000
sorgo,2021,2021/2022,Buenos Aires,06,Trenque Lauquen,06826,832,832,4576,5500
sorgo,2021,2021/2022,Buenos Aires,06,Tres Arroyos,06833,75,75,188,2507
sorgo,2021,2021/2022,Buenos Aires,06,Tres Lomas,06847,2500,1000,3400,3400
sorgo,2021,2021/2022,Buenos Aires,06,Villarino,06875,3000,0,0,0
sorgo,2021,2021/2022,Buenos Aires,06,Zárate,06882,50,50,273,5460
sorgo,2021,2021/2022,Catamarca,10,El Alto,10056,400,290,638,2200
sorgo,2021,2021/2022,Catamarca,10,Santa Rosa,10098,1400,900,2880,3200
sorgo,2021,2021/2022,Chaco,22,12 de Octubre,22036,9600,7600,23560,3100
sorgo,2021,2021/2022,Chaco,22,2 de Abril,22039,5810,4629,13424,2900
sorgo,2021,2021/2022,Chaco,22,25 de Mayo,22168,800,200,480,2400
sorgo,2021,2021/2022,Chaco,22,9 de Julio,22105,5810,4510,14883,3300
sorgo,2021,2021/2022,Chaco,22,Almirante Brown,22007,24000,17300,38060,2200
sorgo,2021,2021/2022,Chaco,22,Chacabuco,22028,2490,1996,6188,3100
sorgo,2021,2021/2022,Chaco,22,Comandante Fernández,22021,3000,1800,4500,2500
sorgo,2021,2021/2022,Chaco,22,Fray Justo Santa María de Oro,22043,2700,2230,6021,2700
sorgo,2021,2021/2022,Chaco,22,General Belgrano,22049,2490,1880,5828,3100
sorgo,2021,2021/2022,Chaco,22,General Güemes,22063,3500,2300,5980,2600
sorgo,2021,2021/2022,Chaco,22,Independencia,22070,8000,6500,20150,3100
sorgo,2021,2021/2022,Chaco,22,Libertador General San Martín,22084,1000,400,880,2200
sorgo,2021,2021/2022,Chaco,22,Maipú,22091,5000,3550,8875,2500
sorgo,2021,2021/2022,Chaco,22,Mayor Luis J. Fontana,22098,3400,2690,6994,2600
sorgo,2021,2021/2022,Chaco,22,O'Higgins,22112,900,720,2016,2800
sorgo,2021,2021/2022,Chaco,22,Presidencia de la Plaza,22119,400,100,230,2300
sorgo,2021,2021/2022,Chaco,22,Quitilipi,22133,1100,550,1210,2200
sorgo,2021,2021/2022,Chaco,22,San Fernando,22140,300,245,613,2502
sorgo,2021,2021/2022,Chaco,22,Sargento Cabral,22154,900,500,1300,2600
sorgo,2021,2021/2022,Córdoba,14,Calamuchita,14007,1700,1700,6630,3900
sorgo,2021,2021/2022,Córdoba,14,Capital,14014,500,500,2250,4500
sorgo,2021,2021/2022,Córdoba,14,Colón,14021,1100,980,5096,5200
sorgo,2021,2021/2022,Córdoba,14,Cruz del Eje,14028,300,300,1350,4500
sorgo,2021,2021/2022,Córdoba,14,General Roca,14035,20672,13246,66230,5000
sorgo,2021,2021/2022,Córdoba,14,General San Martín,14042,5000,5000,20000,4000
sorgo,2021,2021/2022,Córdoba,14,Ischilín,14049,180,180,774,4300
sorgo,2021,2021/2022,Córdoba,14,Juárez Celman,14056,2800,2800,10920,3900
sorgo,2021,2021/2022,Córdoba,14,Marcos Juárez,14063,9400,8400,51240,6100
sorgo,2021,2021/2022,Córdoba,14,Pocho,14077,450,450,1755,3900
sorgo,2021,2021/2022,Córdoba,14,Presidente Roque Sáenz Peña,14084,9168,7220,37544,5200
sorgo,2021,2021/2022,Córdoba,14,Río Cuarto,14098,17000,17000,57800,3400
sorgo,2021,2021/2022,Córdoba,14,Río Primero,14105,27100,26825,139490,5200
sorgo,2021,2021/2022,Córdoba,14,Río Seco,14112,6200,5800,26680,4600
sorgo,2021,2021/2022,Córdoba,14,Río Segundo,14119,3500,3500,17500,5000
sorgo,2021,2021/2022,Córdoba,14,San Justo,14140,24100,21600,129600,6000
sorgo,2021,2021/2022,Córdoba,14,Santa María,14147,3500,3500,17500,5000
sorgo,2021,2021/2022,Córdoba,14,Tercero Arriba,14161,5500,5500,22000,4000
sorgo,2021,2021/2022,Córdoba,14,Totoral,14168,5800,5250,26775,5100
sorgo,2021,2021/2022,Córdoba,14,Tulumba,14175,5350,4750,23750,5000
sorgo,2021,2021/2022,Córdoba,14,Unión,14182,16600,14400,77760,5400
sorgo,2021,2021/2022,Corrientes,18,Curuzu Cuatia,18035,1500,500,1500,3000
sorgo,2021,2021/2022,Corrientes,18,Goya,18070,900,200,600,3000
sorgo,2021,2021/2022,Corrientes,18,Ituzaingó,18084,100,30,90,3000
sorgo,2021,2021/2022,Corrientes,18,Lavalle,18091,900,300,900,3000
sorgo,2021,2021/2022,Corrientes,18,Paso de los Libres,18119,1000,200,600,3000
sorgo,2021,2021/2022,Corrientes,18,San Luis del Palmar,18140,25,15,45,3000
sorgo,2021,2021/2022,Corrientes,18,San Martín,18147,30,15,45,3000
sorgo,2021,2021/2022,Corrientes,18,San Roque,18161,200,50,150,3000
sorgo,2021,2021/2022,Corrientes,18,Sauce,18175,145,127,381,3000
sorgo,2021,2021/2022,Entre Ríos,30,Colón,30008,1700,1500,6000,4000
sorgo,2021,2021/2022,Entre Ríos,30,Concordia,30015,4000,3500,16100,4600
sorgo,2021,2021/2022,Entre Ríos,30,Diamante,30021,4400,4000,19600,4900
sorgo,2021,2021/2022,Entre Ríos,30,Federación,30028,1000,700,3150,4500
sorgo,2021,2021/2022,Entre Ríos,30,Federal,30035,4930,4630,20835,4500
sorgo,2021,2021/2022,Entre Ríos,30,Feliciano,30042,2800,2500,11500,4600
sorgo,2021,2021/2022,Entre Ríos,30,Gualeguay,30049,5500,5000,25000,5000
sorgo,2021,2021/2022,Entre Ríos,30,Gualeguaychú,30056,6500,5800,23200,4000
sorgo,2021,2021/2022,Entre Ríos,30,La Paz,30070,14800,12800,62720,4900
sorgo,2021,2021/2022,Entre Ríos,30,Nogoyá,30077,10000,8500,35700,4200
sorgo,2021,2021/2022,Entre Ríos,30,Paraná,30084,11530,10330,51650,5000
sorgo,2021,2021/2022,Entre Ríos,30,San Salvador,30088,2500,2300,8740,3800
sorgo,2021,2021/2022,Entre Ríos,30,Tala,30091,5800,5000,18500,3700
sorgo,2021,2021/2022,Entre Ríos,30,Uruguay,30098,6000,5200,19760,3800
sorgo,2021,2021/2022,Entre Ríos,30,Victoria,30105,4000,3500,19250,5500
sorgo,2021,2021/2022,Entre Ríos,30,Villaguay,30113,12000,10200,40800,4000
sorgo,2021,2021/2022,Formosa,34,Bermejo,34007,120,0,0,0
sorgo,2021,2021/2022,Formosa,34,Formosa,34014,1843,0,0,0
sorgo,2021,2021/2022,Formosa,34,Laishí,34021,350,97,359,3701
sorgo,2021,2021/2022,Formosa,34,Patiño,34035,9650,500,1400,2800
sorgo,2021,2021/2022,Formosa,34,Pilagás,34042,1500,700,1750,2500
sorgo,2021,2021/2022,Formosa,34,Pilcomayo,34049,1250,0,0,0
sorgo,2021,2021/2022,Formosa,34,Pirané,34056,4578,428,856,2000
sorgo,2021,2021/2022,Jujuy,38,El Carmen,38014,200,200,600,3000
sorgo,2021,2021/2022,Jujuy,38,San Antonio,38056,200,200,800,4000
sorgo,2021,2021/2022,Jujuy,38,San Pedro,38063,346,346,1384,4000
sorgo,2021,2021/2022,Jujuy,38,Santa Bárbara,38070,567,173,692,4000
sorgo,2021,2021/2022,La Pampa,42,Atreucó,42007,8800,1000,2900,2900
sorgo,2021,2021/2022,La Pampa,42,Capital,42021,7900,2000,4800,2400
sorgo,2021,2021/2022,La Pampa,42,Catriló,42028,9000,2200,4400,2000
sorgo,2021,2021/2022,La Pampa,42,Chapaleufú,42056,1200,1200,4800,4000
sorgo,2021,2021/2022,La Pampa,42,Conhelo,42035,5600,5500,16500,3000
sorgo,2021,2021/2022,La Pampa,42,Guatraché,42070,12500,3000,5400,1800
sorgo,2021,2021/2022,La Pampa,42,Hucal,42077,3000,700,1260,1800
sorgo,2021,2021/2022,La Pampa,42,Maracó,42105,200,200,800,4000
sorgo,2021,2021/2022,La Pampa,42,Quemú Quemú,42119,1500,1500,5250,3500
sorgo,2021,2021/2022,La Pampa,42,Rancul,42126,4300,4200,12600,3000
sorgo,2021,2021/2022,La Pampa,42,Realicó,42133,1500,1500,5250,3500
sorgo,2021,2021/2022,La Pampa,42,Toay,42140,6000,2000,3800,1900
sorgo,2021,2021/2022,La Pampa,42,Trenel,42147,300,300,900,3000
sorgo,2021,2021/2022,La Pampa,42,Utracán,42154,3800,1500,2250,1500
sorgo,2021,2021/2022,Salta,66,Anta,66007,15500,12425,19880,1600
sorgo,2021,2021/2022,Salta,66,Cerrillos,66035,108,108,194,1796
sorgo,2021,2021/2022,Salta,66,General Güemes,66049,380,380,646,1700
sorgo,2021,2021/2022,Salta,66,General José de San Martín,66056,2750,2530,3795,1500
sorgo,2021,2021/2022,Salta,66,La Caldera,66077,30,30,54,1800
sorgo,2021,2021/2022,Salta,66,La Candelaria,66084,60,60,96,1600
sorgo,2021,2021/2022,Salta,66,Metán,66112,3250,2990,5083,1700
sorgo,2021,2021/2022,Salta,66,Orán,66126,840,773,1160,1501
sorgo,2021,2021/2022,Salta,66,Rivadavia,66133,1400,1260,1890,1500
sorgo,2021,2021/2022,Salta,66,Rosario de la Frontera,66140,6350,5715,9716,1700
sorgo,2021,2021/2022,San Luis,74,Ayacucho,74007,350,350,1680,4800
sorgo,2021,2021/2022,San Luis,74,Chacabuco,74028,2000,700,2450,3500
sorgo,2021,2021/2022,San Luis,74,Coronel Pringles,74021,3100,1500,6300,4200
sorgo,2021,2021/2022,San Luis,74,General Pedernera,74035,12000,8800,32560,3700
sorgo,2021,2021/2022,San Luis,74,Gobernador Dupuy,74042,5000,3900,14430,3700
sorgo,2021,2021/2022,San Luis,74,Juan Martín de Pueyrredón,74056,1500,1050,4410,4200
sorgo,2021,2021/2022,San Luis,74,Junín,74049,400,150,570,3800
sorgo,2021,2021/2022,Santa Fe,82,9 de Julio,82077,22000,17600,70400,4000
sorgo,2021,2021/2022,Santa Fe,82,Belgrano,82007,1435,1292,6458,4998
sorgo,2021,2021/2022,Santa Fe,82,Caseros,82014,7900,7900,43450,5500
sorgo,2021,2021/2022,Santa Fe,82,Castellanos,82021,12800,7000,33600,4800
sorgo,2021,2021/2022,Santa Fe,82,Garay,82035,500,200,760,3800
sorgo,2021,2021/2022,Santa Fe,82,General López,82042,6500,6500,32500,5000
sorgo,2021,2021/2022,Santa Fe,82,General Obligado,82049,15300,9300,27900,3000
sorgo,2021,2021/2022,Santa Fe,82,Iriondo,82056,6397,5757,28787,5000
sorgo,2021,2021/2022,Santa Fe,82,La Capital,82063,1500,700,2800,4000
sorgo,2021,2021/2022,Santa Fe,82,Las Colonias,82070,9300,5100,22950,4500
sorgo,2021,2021/2022,Santa Fe,82,Rosario,82084,7100,7100,31950,4500
sorgo,2021,2021/2022,Santa Fe,82,San Cristóbal,82091,32500,15500,62000,4000
sorgo,2021,2021/2022,Santa Fe,82,San Javier,82098,12000,9600,28800,3000
sorgo,2021,2021/2022,Santa Fe,82,San Jerónimo,82105,5164,4648,23238,5000
sorgo,2021,2021/2022,Santa Fe,82,San Justo,82112,11000,8100,29970,3700
sorgo,2021,2021/2022,Santa Fe,82,San Lorenzo,82119,8400,8400,37800,4500
sorgo,2021,2021/2022,Santa Fe,82,San Martín,82126,2620,2358,11790,5000
sorgo,2021,2021/2022,Santa Fe,82,Vera,82133,20000,14000,49000,3500
sorgo,2021,2021/2022,Santa Fe,82,Villa Constitución,82028,11000,11000,49500,4500
sorgo,2021,2021/2022,Santiago del Estero,86,Aguirre,86007,5130,3150,9450,3000
sorgo,2021,2021/2022,Santiago del Estero,86,Alberdi,86014,5120,2900,8120,2800
sorgo,2021,2021/2022,Santiago del Estero,86,Avellaneda,86028,2400,2020,6464,3200
sorgo,2021,2021/2022,Santiago del Estero,86,Banda,86035,2500,2500,11250,4500
sorgo,2021,2021/2022,Santiago del Estero,86,Belgrano,86042,8200,5060,16192,3200
sorgo,2021,2021/2022,Santiago del Estero,86,Capital,86049,3500,3500,15750,4500
sorgo,2021,2021/2022,Santiago del Estero,86,Choya,86063,4500,4050,18225,4500
sorgo,2021,2021/2022,Santiago del Estero,86,Copo,86056,5460,3160,7584,2400
sorgo,2021,2021/2022,Santiago del Estero,86,Figueroa,86070,2000,1800,8100,4500
sorgo,2021,2021/2022,Santiago del Estero,86,General Taboada,86077,11900,7970,23910,3000
sorgo,2021,2021/2022,Santiago del Estero,86,Guasayán,86084,5000,4500,20250,4500
sorgo,2021,2021/2022,Santiago del Estero,86,Jiménez,86091,6000,5400,24300,4500
sorgo,2021,2021/2022,Santiago del Estero,86,Juan F. Ibarra,86098,9800,7600,24320,3200
sorgo,2021,2021/2022,Santiago del Estero,86,Loreto,86105,2500,2250,10125,4500
sorgo,2021,2021/2022,Santiago del Estero,86,Mitre,86112,6500,5850,26325,4500
sorgo,2021,2021/2022,Santiago del Estero,86,Moreno,86119,22750,15120,48384,3200
sorgo,2021,2021/2022,Santiago del Estero,86,Ojo de Agua,86126,3500,3500,15750,4500
sorgo,2021,2021/2022,Santiago del Estero,86,Pellegrini,86133,6500,5850,26325,4500
sorgo,2021,2021/2022,Santiago del Estero,86,Río Hondo,86147,3500,3150,14175,4500
sorgo,2021,2021/2022,Santiago del Estero,86,Rivadavia,86154,2200,1480,4736,3200
sorgo,2021,2021/2022,Santiago del Estero,86,Robles,86161,3000,2700,12150,4500
sorgo,2021,2021/2022,Santiago del Estero,86,San Martín,86175,3000,2700,12150,4500
sorgo,2021,2021/2022,Santiago del Estero,86,Sarmiento,86182,902,552,1766,3199
sorgo,2021,2021/2022,Santiago del Estero,86,Silípica,86189,2500,2250,10125,4500
sorgo,2021,2021/2022,Tucumán,90,Burruyacú,90007,3000,2300,6440,2800
sorgo,2021,2021/2022,Tucumán,90,Cruz Alta,90014,1000,1000,3100,3100
sorgo,2021,2021/2022,Tucumán,90,Graneros,90035,900,900,2520,2800
sorgo,2021,2021/2022,Tucumán,90,La Cocha,90049,800,800,2320,2900
sorgo,2021,2021/2022,Tucumán,90,Leales,90056,1700,1230,3567,2900
sorgo,2021,2021/2022,Tucumán,90,Simoca,90091,150,150,450,3000
sorgo,2021,2021/2022,Tucumán,90,Trancas,90112,450,0,0,0
sorgo,2022,2022/2023,Buenos Aires,06,25 de Mayo,06854,1253,746,3059,4101
sorgo,2022,2022/2023,Buenos Aires,06,9 de Julio,06588,600,0,0,0
sorgo,2022,2022/2023,Buenos Aires,06,Adolfo Alsina,06007,7000,2500,7500,3000
sorgo,2022,2022/2023,Buenos Aires,06,Adolfo Gonzales Chaves,06014,609,609,2436,4000
sorgo,2022,2022/2023,Buenos Aires,06,Alberti,06021,300,0,0,0
sorgo,2022,2022/2023,Buenos Aires,06,Arrecifes,06077,700,620,2356,3800
sorgo,2022,2022/2023,Buenos Aires,06,Ayacucho,06042,1000,0,0,0
sorgo,2022,2022/2023,Buenos Aires,06,Bahía Blanca,06056,1600,0,0,0
sorgo,2022,2022/2023,Buenos Aires,06,Baradero,06070,590,540,1944,3600
sorgo,2022,2022/2023,Buenos Aires,06,Bolívar,06105,600,600,3300,5500
sorgo,2022,2022/2023,Buenos Aires,06,Bragado,06112,250,0,0,0
sorgo,2022,2022/2023,Buenos Aires,06,Brandsen,06119,1100,600,3000,5000
sorgo,2022,2022/2023,Buenos Aires,06,Campana,06126,50,50,200,4000
sorgo,2022,2022/2023,Buenos Aires,06,Cañuelas,06134,1200,800,4000,5000
sorgo,2022,2022/2023,Buenos Aires,06,Capitán Sarmiento,06140,270,220,880,4000
sorgo,2022,2022/2023,Buenos Aires,06,Carlos Casares,06147,450,450,2250,5000
sorgo,2022,2022/2023,Buenos Aires,06,Carlos Tejedor,06154,2500,2500,11250,4500
sorgo,2022,2022/2023,Buenos Aires,06,Carmen de Areco,06161,1000,1000,4000,4000
sorgo,2022,2022/2023,Buenos Aires,06,Chacabuco,06210,1400,1400,5600,4000
sorgo,2022,2022/2023,Buenos Aires,06,Chascomús,06217,1600,600,3000,5000
sorgo,2022,2022/2023,Buenos Aires,06,Chivilcoy,06224,200,0,0,0
sorgo,2022,2022/2023,Buenos Aires,06,Colón,06175,371,341,1364,4000
sorgo,2022,2022/2023,Buenos Aires,06,Coronel de Marina Leonardo Rosales,06182,1500,0,0,0
sorgo,2022,2022/2023,Buenos Aires,06,Coronel Dorrego,06189,416,416,1664,4000
sorgo,2022,2022/2023,Buenos Aires,06,Coronel Pringles,06196,1239,1239,4337,3500
sorgo,2022,2022/2023,Buenos Aires,06,Coronel Suárez,06203,2000,2000,8000,4000
sorgo,2022,2022/2023,Buenos Aires,06,Daireaux,06231,900,900,5400,6000
sorgo,2022,2022/2023,Buenos Aires,06,Exaltación de la Cruz,06266,50,50,200,4000
sorgo,2022,2022/2023,Buenos Aires,06,Florentino Ameghino,06277,3000,1800,7020,3900
sorgo,2022,2022/2023,Buenos Aires,06,General Alvear,06287,300,300,1650,5500
sorgo,2022,2022/2023,Buenos Aires,06,General Arenales,06294,500,500,2250,4500
sorgo,2022,2022/2023,Buenos Aires,06,General Belgrano,06301,407,272,993,3651
sorgo,2022,2022/2023,Buenos Aires,06,General La Madrid,06322,2000,2000,6000,3000
sorgo,2022,2022/2023,Buenos Aires,06,General Las Heras,06329,800,300,1500,5000
sorgo,2022,2022/2023,Buenos Aires,06,General Paz,06343,900,500,2500,5000
sorgo,2022,2022/2023,Buenos Aires,06,General Pinto,06351,1600,800,3320,4150
sorgo,2022,2022/2023,Buenos Aires,06,General Viamonte,06385,1000,500,2025,4050
sorgo,2022,2022/2023,Buenos Aires,06,General Villegas,06392,7500,5500,22550,4100
sorgo,2022,2022/2023,Buenos Aires,06,Guaminí,06399,5000,1500,4350,2900
sorgo,2022,2022/2023,Buenos Aires,06,Hipólito Yrigoyen,06406,200,200,1000,5000
sorgo,2022,2022/2023,Buenos Aires,06,Junín,06413,2100,2100,8400,4000
sorgo,2022,2022/2023,Buenos Aires,06,La Plata,06441,100,50,250,5000
sorgo,2022,2022/2023,Buenos Aires,06,Laprida,06448,1740,1740,6090,3500
sorgo,2022,2022/2023,Buenos Aires,06,Las Flores,06455,776,462,1894,4100
sorgo,2022,2022/2023,Buenos Aires,06,Leandro N. Alem,06462,900,300,1140,3800
sorgo,2022,2022/2023,Buenos Aires,06,Lincoln,06469,6000,3500,14000,4000
sorgo,2022,2022/2023,Buenos Aires,06,Lobos,06483,889,530,2173,4100
sorgo,2022,2022/2023,Buenos Aires,06,Luján,06497,1000,700,3500,5000
sorgo,2022,2022/2023,Buenos Aires,06,Magdalena,06505,700,200,1000,5000
sorgo,2022,2022/2023,Buenos Aires,06,Mar Chiquita,06518,515,0,0,0
sorgo,2022,2022/2023,Buenos Aires,06,Marcos Paz,06525,600,200,1000,5000
sorgo,2022,2022/2023,Buenos Aires,06,Mercedes,06532,150,0,0,0
sorgo,2022,2022/2023,Buenos Aires,06,Monte,06547,400,238,976,4101
sorgo,2022,2022/2023,Buenos Aires,06,Navarro,06574,356,211,865,4100
sorgo,2022,2022/2023,Buenos Aires,06,Necochea,06581,835,835,2505,3000
sorgo,2022,2022/2023,Buenos Aires,06,Olavarría,06595,500,500,3000,6000
sorgo,2022,2022/2023,Buenos Aires,06,Patagones,06602,2300,0,0,0
sorgo,2022,2022/2023,Buenos Aires,06,Pehuajó,06609,1100,1100,4950,4500
sorgo,2022,2022/2023,Buenos Aires,06,Pellegrini,06616,4500,500,1500,3000
sorgo,2022,2022/2023,Buenos Aires,06,Pergamino,06623,6767,5761,23044,4000
sorgo,2022,2022/2023,Buenos Aires,06,Pilar,06638,500,300,1500,5000
sorgo,2022,2022/2023,Buenos Aires,06,Puán,06651,2000,2000,6000,3000
sorgo,2022,2022/2023,Buenos Aires,06,Punta Indio,06655,900,400,2000,5000
sorgo,2022,2022/2023,Buenos Aires,06,Ramallo,06665,594,333,1199,3601
sorgo,2022,2022/2023,Buenos Aires,06,Rauch,06672,285,0,0,0
sorgo,2022,2022/2023,Buenos Aires,06,Rivadavia,06679,1000,1000,5000,5000
sorgo,2022,2022/2023,Buenos Aires,06,Rojas,06686,1800,1800,6840,3800
sorgo,2022,2022/2023,Buenos Aires,06,Roque Pérez,06693,634,377,1546,4101
sorgo,2022,2022/2023,Buenos Aires,06,Saavedra,06700,2000,2000,6000,3000
sorgo,2022,2022/2023,Buenos Aires,06,Saladillo,06707,1409,838,3436,4100
sorgo,2022,2022/2023,Buenos Aires,06,Salliqueló,06721,2000,500,1500,3000
sorgo,2022,2022/2023,Buenos Aires,06,Salto,06714,2125,2125,8500,4000
sorgo,2022,2022/2023,Buenos Aires,06,San Andrés de Giles,06728,800,800,3360,4200
sorgo,2022,2022/2023,Buenos Aires,06,San Antonio de Areco,06735,27,27,103,3815
sorgo,2022,2022/2023,Buenos Aires,06,San Cayetano,06742,403,403,1612,4000
sorgo,2022,2022/2023,Buenos Aires,06,San Nicolás,06763,5253,4609,15671,3400
sorgo,2022,2022/2023,Buenos Aires,06,San Pedro,06770,1439,1241,4592,3700
sorgo,2022,2022/2023,Buenos Aires,06,San Vicente,06778,600,400,1800,4500
sorgo,2022,2022/2023,Buenos Aires,06,Suipacha,06784,200,0,0,0
sorgo,2022,2022/2023,Buenos Aires,06,Tapalqué,06798,600,600,3300,5500
sorgo,2022,2022/2023,Buenos Aires,06,Tornquist,06819,2000,2000,6000,3000
sorgo,2022,2022/2023,Buenos Aires,06,Trenque Lauquen,06826,1000,1000,5500,5500
sorgo,2022,2022/2023,Buenos Aires,06,Tres Arroyos,06833,230,230,805,3500
sorgo,2022,2022/2023,Buenos Aires,06,Tres Lomas,06847,2500,0,0,0
sorgo,2022,2022/2023,Buenos Aires,06,Villarino,06875,2500,0,0,0
sorgo,2022,2022/2023,Buenos Aires,06,Zárate,06882,100,100,400,4000
sorgo,2022,2022/2023,Catamarca,10,El Alto,10056,400,120,288,2400
sorgo,2022,2022/2023,Catamarca,10,Santa Rosa,10098,1300,920,2760,3000
sorgo,2022,2022/2023,Chaco,22,12 de Octubre,22036,9200,6800,15640,2300
sorgo,2022,2022/2023,Chaco,22,2 de Abril,22039,5180,4280,9416,2200
sorgo,2022,2022/2023,Chaco,22,25 de Mayo,22168,700,300,900,3000
sorgo,2022,2022/2023,Chaco,22,9 de Julio,22105,4600,3800,8360,2200
sorgo,2022,2022/2023,Chaco,22,Almirante Brown,22007,11000,4200,8400,2000
sorgo,2022,2022/2023,Chaco,22,Chacabuco,22028,2500,2050,4510,2200
sorgo,2022,2022/2023,Chaco,22,Comandante Fernández,22021,4000,2000,2800,1400
sorgo,2022,2022/2023,Chaco,22,Fray Justo Santa María de Oro,22043,2700,2190,4380,2000
sorgo,2022,2022/2023,Chaco,22,General Belgrano,22049,2500,1400,3080,2200
sorgo,2022,2022/2023,Chaco,22,General Güemes,22063,5000,2800,7840,2800
sorgo,2022,2022/2023,Chaco,22,Independencia,22070,8000,4780,12906,2700
sorgo,2022,2022/2023,Chaco,22,Libertador General San Martín,22084,1000,230,414,1800
sorgo,2022,2022/2023,Chaco,22,Maipú,22091,4000,2500,5500,2200
sorgo,2022,2022/2023,Chaco,22,Mayor Luis J. Fontana,22098,3500,2950,6195,2100
sorgo,2022,2022/2023,Chaco,22,O'Higgins,22112,900,570,1254,2200
sorgo,2022,2022/2023,Chaco,22,Presidencia de la Plaza,22119,300,50,90,1800
sorgo,2022,2022/2023,Chaco,22,Quitilipi,22133,500,100,140,1400
sorgo,2022,2022/2023,Chaco,22,San Fernando,22140,400,340,714,2100
sorgo,2022,2022/2023,Chaco,22,Sargento Cabral,22154,400,50,90,1800
sorgo,2022,2022/2023,Córdoba,14,Calamuchita,14007,1700,1700,5950,3500
sorgo,2022,2022/2023,Córdoba,14,Capital,14014,500,500,2000,4000
sorgo,2022,2022/2023,Córdoba,14,Colón,14021,1450,1300,4550,3500
sorgo,2022,2022/2023,Córdoba,14,Cruz del Eje,14028,300,300,1200,4000
sorgo,2022,2022/2023,Córdoba,14,General Roca,14035,4873,3918,14888,3800
sorgo,2022,2022/2023,Córdoba,14,General San Martín,14042,4000,4000,16000,4000
sorgo,2022,2022/2023,Córdoba,14,Ischilín,14049,260,180,450,2500
sorgo,2022,2022/2023,Córdoba,14,Juárez Celman,14056,2800,2800,9800,3500
sorgo,2022,2022/2023,Córdoba,14,Marcos Juárez,14063,5100,4450,19580,4400
sorgo,2022,2022/2023,Córdoba,14,Pocho,14077,450,450,1575,3500
sorgo,2022,2022/2023,Córdoba,14,Presidente Roque Sáenz Peña,14084,4999,2663,12250,4600
sorgo,2022,2022/2023,Córdoba,14,Río Cuarto,14098,17000,17000,59500,3500
sorgo,2022,2022/2023,Córdoba,14,Río Primero,14105,8300,4900,18620,3800
sorgo,2022,2022/2023,Córdoba,14,Río Seco,14112,1800,1000,2800,2800
sorgo,2022,2022/2023,Córdoba,14,Río Segundo,14119,2000,2000,8000,4000
sorgo,2022,2022/2023,Córdoba,14,San Justo,14140,16100,7200,21600,3000
sorgo,2022,2022/2023,Córdoba,14,Santa María,14147,1500,1500,6000,4000
sorgo,2022,2022/2023,Córdoba,14,Tercero Arriba,14161,3800,3800,13300,3500
sorgo,2022,2022/2023,Córdoba,14,Totoral,14168,3100,2200,6380,2900
sorgo,2022,2022/2023,Córdoba,14,Tulumba,14175,1450,600,1500,2500
sorgo,2022,2022/2023,Córdoba,14,Unión,14182,10760,7760,27160,3500
sorgo,2022,2022/2023,Corrientes,18,Curuzu Cuatia,18035,1500,900,3150,3500
sorgo,2022,2022/2023,Corrientes,18,Goya,18070,900,500,1750,3500
sorgo,2022,2022/2023,Corrientes,18,Ituzaingó,18084,200,150,525,3500
sorgo,2022,2022/2023,Corrientes,18,Lavalle,18091,900,400,1400,3500
sorgo,2022,2022/2023,Corrientes,18,Paso de los Libres,18119,1000,700,2450,3500
sorgo,2022,2022/2023,Corrientes,18,San Luis del Palmar,18140,300,150,525,3500
sorgo,2022,2022/2023,Corrientes,18,San Martín,18147,300,100,300,3000
sorgo,2022,2022/2023,Corrientes,18,San Roque,18161,200,50,175,3500
sorgo,2022,2022/2023,Corrientes,18,Sauce,18175,200,150,525,3500
sorgo,2022,2022/2023,Entre Ríos,30,Colón,30008,1700,1105,2542,2300
sorgo,2022,2022/2023,Entre Ríos,30,Concordia,30015,3200,2700,8100,3000
sorgo,2022,2022/2023,Entre Ríos,30,Diamante,30021,3950,3250,11700,3600
sorgo,2022,2022/2023,Entre Ríos,30,Federación,30028,900,600,2100,3500
sorgo,2022,2022/2023,Entre Ríos,30,Federal,30035,4200,3700,12210,3300
sorgo,2022,2022/2023,Entre Ríos,30,Feliciano,30042,2350,1650,4950,3000
sorgo,2022,2022/2023,Entre Ríos,30,Gualeguay,30049,5500,4970,11431,2300
sorgo,2022,2022/2023,Entre Ríos,30,Gualeguaychú,30056,6500,4300,9890,2300
sorgo,2022,2022/2023,Entre Ríos,30,La Paz,30070,12550,9950,31840,3200
sorgo,2022,2022/2023,Entre Ríos,30,Nogoyá,30077,10000,7500,17250,2300
sorgo,2022,2022/2023,Entre Ríos,30,Paraná,30084,9800,8100,26730,3300
sorgo,2022,2022/2023,Entre Ríos,30,San Salvador,30088,2500,1700,4250,2500
sorgo,2022,2022/2023,Entre Ríos,30,Tala,30091,5800,4000,9200,2300
sorgo,2022,2022/2023,Entre Ríos,30,Uruguay,30098,6000,4800,11040,2300
sorgo,2022,2022/2023,Entre Ríos,30,Victoria,30105,4000,3200,8000,2500
sorgo,2022,2022/2023,Entre Ríos,30,Villaguay,30113,12000,9000,20700,2300
sorgo,2022,2022/2023,Formosa,34,Bermejo,34007,540,27,68,2519
sorgo,2022,2022/2023,Formosa,34,Formosa,34014,1800,90,225,2500
sorgo,2022,2022/2023,Formosa,34,Patiño,34035,8000,3200,8000,2500
sorgo,2022,2022/2023,Formosa,34,Pirané,34056,4400,220,550,2500
sorgo,2022,2022/2023,Jujuy,38,El Carmen,38014,200,200,600,3000
sorgo,2022,2022/2023,Jujuy,38,San Antonio,38056,200,200,600,3000
sorgo,2022,2022/2023,Jujuy,38,San Pedro,38063,346,346,1038,3000
sorgo,2022,2022/2023,Jujuy,38,Santa Bárbara,38070,567,304,913,3003
sorgo,2022,2022/2023,La Pampa,42,Atreucó,42007,2000,1000,2200,2200
sorgo,2022,2022/2023,La Pampa,42,Capital,42021,3000,300,450,1500
sorgo,2022,2022/2023,La Pampa,42,Catriló,42028,500,0,0,0
sorgo,2022,2022/2023,La Pampa,42,Chapaleufú,42056,600,600,1800,3000
sorgo,2022,2022/2023,La Pampa,42,Guatraché,42070,1000,0,0,0
sorgo,2022,2022/2023,La Pampa,42,Hucal,42077,3000,500,500,1000
sorgo,2022,2022/2023,La Pampa,42,Maracó,42105,700,700,2100,3000
sorgo,2022,2022/2023,La Pampa,42,Toay,42140,3000,500,500,1000
sorgo,2022,2022/2023,La Pampa,42,Trenel,42147,400,400,1200,3000
sorgo,2022,2022/2023,La Pampa,42,Utracán,42154,2000,500,750,1500
sorgo,2022,2022/2023,Salta,66,Anta,66007,16295,14164,29744,2100
sorgo,2022,2022/2023,Salta,66,Capital,66028,195,195,410,2103
sorgo,2022,2022/2023,Salta,66,Cerrillos,66035,50,50,105,2100
sorgo,2022,2022/2023,Salta,66,General Güemes,66049,830,830,1577,1900
sorgo,2022,2022/2023,Salta,66,General José de San Martín,66056,2600,2204,3967,1800
sorgo,2022,2022/2023,Salta,66,La Caldera,66077,15,15,29,1933
sorgo,2022,2022/2023,Salta,66,La Candelaria,66084,30,30,54,1800
sorgo,2022,2022/2023,Salta,66,Metán,66112,2770,2300,5060,2200
sorgo,2022,2022/2023,Salta,66,Orán,66126,870,753,1355,1799
sorgo,2022,2022/2023,Salta,66,Rivadavia,66133,500,309,556,1799
sorgo,2022,2022/2023,Salta,66,Rosario de la Frontera,66140,1800,874,1661,1900
sorgo,2022,2022/2023,San Luis,74,Ayacucho,74007,250,100,420,4200
sorgo,2022,2022/2023,San Luis,74,Chacabuco,74028,1800,1050,2625,2500
sorgo,2022,2022/2023,San Luis,74,Coronel Pringles,74021,2800,800,1920,2400
sorgo,2022,2022/2023,San Luis,74,General Pedernera,74035,8800,5500,15400,2800
sorgo,2022,2022/2023,San Luis,74,Gobernador Dupuy,74042,3500,1800,4860,2700
sorgo,2022,2022/2023,San Luis,74,Juan Martín de Pueyrredón,74056,1300,700,1820,2600
sorgo,2022,2022/2023,San Luis,74,Junín,74049,350,200,700,3500
sorgo,2022,2022/2023,San Luis,74,Libertador General San Martín,74063,400,100,210,2100
sorgo,2022,2022/2023,Santa Fe,82,9 de Julio,82077,17200,5200,13000,2500
sorgo,2022,2022/2023,Santa Fe,82,Belgrano,82007,1575,1575,4725,3000
sorgo,2022,2022/2023,Santa Fe,82,Caseros,82014,8000,8000,28000,3500
sorgo,2022,2022/2023,Santa Fe,82,Castellanos,82021,21000,10500,39900,3800
sorgo,2022,2022/2023,Santa Fe,82,Garay,82035,500,300,900,3000
sorgo,2022,2022/2023,Santa Fe,82,General López,82042,7000,6200,24800,4000
sorgo,2022,2022/2023,Santa Fe,82,General Obligado,82049,9400,940,940,1000
sorgo,2022,2022/2023,Santa Fe,82,Iriondo,82056,3704,3379,8448,2500
sorgo,2022,2022/2023,Santa Fe,82,La Capital,82063,1300,600,1920,3200
sorgo,2022,2022/2023,Santa Fe,82,Las Colonias,82070,10800,5400,19980,3700
sorgo,2022,2022/2023,Santa Fe,82,Rosario,82084,6000,6000,18000,3000
sorgo,2022,2022/2023,Santa Fe,82,San Cristóbal,82091,22400,11200,33600,3000
sorgo,2022,2022/2023,Santa Fe,82,San Javier,82098,1500,400,480,1200
sorgo,2022,2022/2023,Santa Fe,82,San Jerónimo,82105,8286,7262,18155,2500
sorgo,2022,2022/2023,Santa Fe,82,San Justo,82112,9100,5500,17600,3200
sorgo,2022,2022/2023,Santa Fe,82,San Lorenzo,82119,7000,7000,21000,3000
sorgo,2022,2022/2023,Santa Fe,82,San Martín,82126,9978,8175,24525,3000
sorgo,2022,2022/2023,Santa Fe,82,Vera,82133,3500,200,400,2000
sorgo,2022,2022/2023,Santa Fe,82,Villa Constitución,82028,9000,9000,27000,3000
sorgo,2022,2022/2023,Santiago del Estero,86,Aguirre,86007,5130,3510,7371,2100
sorgo,2022,2022/2023,Santiago del Estero,86,Alberdi,86014,5120,3390,8136,2400
sorgo,2022,2022/2023,Santiago del Estero,86,Avellaneda,86028,2400,2400,4800,2000
sorgo,2022,2022/2023,Santiago del Estero,86,Banda,86035,3000,2400,10800,4500
sorgo,2022,2022/2023,Santiago del Estero,86,Belgrano,86042,8200,5300,13250,2500
sorgo,2022,2022/2023,Santiago del Estero,86,Capital,86049,3500,2800,12600,4500
sorgo,2022,2022/2023,Santiago del Estero,86,Choya,86063,5000,4000,18000,4500
sorgo,2022,2022/2023,Santiago del Estero,86,Copo,86056,5747,3797,7594,2000
sorgo,2022,2022/2023,Santiago del Estero,86,Figueroa,86070,2000,1600,7200,4500
sorgo,2022,2022/2023,Santiago del Estero,86,General Taboada,86077,11900,8030,22484,2800
sorgo,2022,2022/2023,Santiago del Estero,86,Guasayán,86084,5000,4500,20250,4500
sorgo,2022,2022/2023,Santiago del Estero,86,Jiménez,86091,6000,4800,24000,5000
sorgo,2022,2022/2023,Santiago del Estero,86,Juan F. Ibarra,86098,9800,6700,18760,2800
sorgo,2022,2022/2023,Santiago del Estero,86,Loreto,86105,2500,2000,11000,5500
sorgo,2022,2022/2023,Santiago del Estero,86,Mitre,86112,6500,5200,28600,5500
sorgo,2022,2022/2023,Santiago del Estero,86,Moreno,86119,22750,14650,42485,2900
sorgo,2022,2022/2023,Santiago del Estero,86,Ojo de Agua,86126,1000,1000,4500,4500
sorgo,2022,2022/2023,Santiago del Estero,86,Pellegrini,86133,6500,5200,23400,4500
sorgo,2022,2022/2023,Santiago del Estero,86,Quebrachos,86140,3000,2400,10800,4500
sorgo,2022,2022/2023,Santiago del Estero,86,Río Hondo,86147,4000,3200,14400,4500
sorgo,2022,2022/2023,Santiago del Estero,86,Rivadavia,86154,2200,1470,3822,2600
sorgo,2022,2022/2023,Santiago del Estero,86,Robles,86161,3000,2400,10800,4500
sorgo,2022,2022/2023,Santiago del Estero,86,San Martín,86175,4000,3200,14400,4500
sorgo,2022,2022/2023,Santiago del Estero,86,Sarmiento,86182,903,903,2077,2300
sorgo,2022,2022/2023,Santiago del Estero,86,Silípica,86189,2500,2000,11000,5500
sorgo,2022,2022/2023,Tucumán,90,Burruyacú,90007,2800,2300,7130,3100
sorgo,2022,2022/2023,Tucumán,90,Cruz Alta,90014,900,670,1876,2800
sorgo,2022,2022/2023,Tucumán,90,Graneros,90035,800,590,1593,2700
sorgo,2022,2022/2023,Tucumán,90,La Cocha,90049,800,520,1508,2900
sorgo,2022,2022/2023,Tucumán,90,Leales,90056,1600,860,2494,2900
sorgo,2022,2022/2023,Tucumán,90,Simoca,90091,150,100,270,2700
sorgo,2022,2022/2023,Tucumán,90,Trancas,90112,450,0,0,0
sorgo,2023,2023/2024,Buenos Aires,06,25 de Mayo,06854,1228,731,3129,4280
sorgo,2023,2023/2024,Buenos Aires,06,9 de Julio,06588,250,225,1125,5000
sorgo,2023,2023/2024,Buenos Aires,06,Adolfo Alsina,06007,7000,2000,6000,3000
sorgo,2023,2023/2024,Buenos Aires,06,Alberti,06021,150,135,675,5000
sorgo,2023,2023/2024,Buenos Aires,06,Arrecifes,06077,852,852,5112,6000
sorgo,2023,2023/2024,Buenos Aires,06,Ayacucho,06042,500,0,0,0
sorgo,2023,2023/2024,Buenos Aires,06,Bahía Blanca,06056,600,0,0,0
sorgo,2023,2023/2024,Buenos Aires,06,Baradero,06070,534,534,3151,5900
sorgo,2023,2023/2024,Buenos Aires,06,Bolívar,06105,600,400,2600,6500
sorgo,2023,2023/2024,Buenos Aires,06,Bragado,06112,140,126,630,5000
sorgo,2023,2023/2024,Buenos Aires,06,Brandsen,06119,2000,800,5200,6500
sorgo,2023,2023/2024,Buenos Aires,06,Campana,06126,150,150,900,6000
sorgo,2023,2023/2024,Buenos Aires,06,Cañuelas,06134,2000,900,5940,6600
sorgo,2023,2023/2024,Buenos Aires,06,Capitán Sarmiento,06140,604,604,3624,6000
sorgo,2023,2023/2024,Buenos Aires,06,Carlos Casares,06147,134,134,737,5500
sorgo,2023,2023/2024,Buenos Aires,06,Carlos Tejedor,06154,975,975,4388,4500
sorgo,2023,2023/2024,Buenos Aires,06,Carmen de Areco,06161,1000,1000,5900,5900
sorgo,2023,2023/2024,Buenos Aires,06,Chacabuco,06210,1400,1400,8400,6000
sorgo,2023,2023/2024,Buenos Aires,06,Chascomús,06217,2000,800,5200,6500
sorgo,2023,2023/2024,Buenos Aires,06,Chivilcoy,06224,200,180,900,5000
sorgo,2023,2023/2024,Buenos Aires,06,Colón,06175,550,550,3410,6200
sorgo,2023,2023/2024,Buenos Aires,06,Coronel de Marina Leonardo Rosales,06182,600,0,0,0
sorgo,2023,2023/2024,Buenos Aires,06,Coronel Dorrego,06189,162,0,0,0
sorgo,2023,2023/2024,Buenos Aires,06,Coronel Pringles,06196,51,0,0,0
sorgo,2023,2023/2024,Buenos Aires,06,Coronel Suárez,06203,2000,2000,10000,5000
sorgo,2023,2023/2024,Buenos Aires,06,Daireaux,06231,900,470,3102,6600
sorgo,2023,2023/2024,Buenos Aires,06,Dolores,06238,100,0,0,0
sorgo,2023,2023/2024,Buenos Aires,06,Exaltación de la Cruz,06266,50,50,300,6000
sorgo,2023,2023/2024,Buenos Aires,06,Florentino Ameghino,06277,3000,1700,7990,4700
sorgo,2023,2023/2024,Buenos Aires,06,General Alvear,06287,300,140,910,6500
sorgo,2023,2023/2024,Buenos Aires,06,General Arenales,06294,500,500,3000,6000
sorgo,2023,2023/2024,Buenos Aires,06,General Belgrano,06301,399,237,901,3800
sorgo,2023,2023/2024,Buenos Aires,06,General Guido,06308,100,0,0,0
sorgo,2023,2023/2024,Buenos Aires,06,General Juan Madariaga,06315,100,0,0,0
sorgo,2023,2023/2024,Buenos Aires,06,General La Madrid,06322,2000,2000,8000,4000
sorgo,2023,2023/2024,Buenos Aires,06,General Las Heras,06329,1500,500,3200,6400
sorgo,2023,2023/2024,Buenos Aires,06,General Paz,06343,800,400,2680,6700
sorgo,2023,2023/2024,Buenos Aires,06,General Pinto,06351,1700,1000,4650,4650
sorgo,2023,2023/2024,Buenos Aires,06,General Viamonte,06385,2000,1200,5160,4300
sorgo,2023,2023/2024,Buenos Aires,06,General Villegas,06392,10000,7000,31500,4500
sorgo,2023,2023/2024,Buenos Aires,06,Guaminí,06399,5000,1500,4500,3000
sorgo,2023,2023/2024,Buenos Aires,06,Hipólito Yrigoyen,06406,200,170,1105,6500
sorgo,2023,2023/2024,Buenos Aires,06,Junín,06413,2200,2200,13200,6000
sorgo,2023,2023/2024,Buenos Aires,06,La Plata,06441,150,50,340,6800
sorgo,2023,2023/2024,Buenos Aires,06,Laprida,06448,44,0,0,0
sorgo,2023,2023/2024,Buenos Aires,06,Las Flores,06455,760,452,1831,4050
sorgo,2023,2023/2024,Buenos Aires,06,Leandro N. Alem,06462,500,200,890,4450
sorgo,2023,2023/2024,Buenos Aires,06,Lezama,06466,1000,200,1300,6500
sorgo,2023,2023/2024,Buenos Aires,06,Lincoln,06469,7000,4000,18400,4600
sorgo,2023,2023/2024,Buenos Aires,06,Lobos,06483,871,519,2221,4280
sorgo,2023,2023/2024,Buenos Aires,06,Luján,06497,1100,800,5280,6600
sorgo,2023,2023/2024,Buenos Aires,06,Magdalena,06505,950,450,2880,6400
sorgo,2023,2023/2024,Buenos Aires,06,Maipú,06511,100,0,0,0
sorgo,2023,2023/2024,Buenos Aires,06,Mar Chiquita,06518,500,0,0,0
sorgo,2023,2023/2024,Buenos Aires,06,Marcos Paz,06525,850,450,3015,6700
sorgo,2023,2023/2024,Buenos Aires,06,Mercedes,06532,210,189,945,5000
sorgo,2023,2023/2024,Buenos Aires,06,Monte,06547,392,233,997,4280
sorgo,2023,2023/2024,Buenos Aires,06,Navarro,06574,349,207,838,4050
sorgo,2023,2023/2024,Buenos Aires,06,Necochea,06581,75,0,0,0
sorgo,2023,2023/2024,Buenos Aires,06,Olavarría,06595,650,470,3055,6500
sorgo,2023,2023/2024,Buenos Aires,06,Patagones,06602,1500,0,0,0
sorgo,2023,2023/2024,Buenos Aires,06,Pehuajó,06609,541,541,2976,5500
sorgo,2023,2023/2024,Buenos Aires,06,Pellegrini,06616,4500,500,1600,3200
sorgo,2023,2023/2024,Buenos Aires,06,Pergamino,06623,5357,5357,33749,6300
sorgo,2023,2023/2024,Buenos Aires,06,Pila,06630,100,0,0,0
sorgo,2023,2023/2024,Buenos Aires,06,Pilar,06638,700,500,3400,6800
sorgo,2023,2023/2024,Buenos Aires,06,Puán,06651,2000,2000,6000,3000
sorgo,2023,2023/2024,Buenos Aires,06,Punta Indio,06655,1100,600,3840,6400
sorgo,2023,2023/2024,Buenos Aires,06,Ramallo,06665,988,988,5928,6000
sorgo,2023,2023/2024,Buenos Aires,06,Rauch,06672,400,0,0,0
sorgo,2023,2023/2024,Buenos Aires,06,Rivadavia,06679,669,669,3011,4500
sorgo,2023,2023/2024,Buenos Aires,06,Rojas,06686,2000,2000,14000,7000
sorgo,2023,2023/2024,Buenos Aires,06,Roque Pérez,06693,621,369,1494,4050
sorgo,2023,2023/2024,Buenos Aires,06,Saavedra,06700,2000,2000,8000,4000
sorgo,2023,2023/2024,Buenos Aires,06,Saladillo,06707,1381,822,3518,4280
sorgo,2023,2023/2024,Buenos Aires,06,Salliqueló,06721,2000,500,1600,3200
sorgo,2023,2023/2024,Buenos Aires,06,Salto,06714,1523,1523,9747,6400
sorgo,2023,2023/2024,Buenos Aires,06,San Andrés de Giles,06728,800,800,5600,7000
sorgo,2023,2023/2024,Buenos Aires,06,San Antonio de Areco,06735,182,182,1074,5900
sorgo,2023,2023/2024,Buenos Aires,06,San Cayetano,06742,180,0,0,0
sorgo,2023,2023/2024,Buenos Aires,06,San Nicolás,06763,5066,5066,29383,5800
sorgo,2023,2023/2024,Buenos Aires,06,San Pedro,06770,518,518,3108,6000
sorgo,2023,2023/2024,Buenos Aires,06,San Vicente,06778,850,650,4355,6700
sorgo,2023,2023/2024,Buenos Aires,06,Suipacha,06784,50,45,225,5000
sorgo,2023,2023/2024,Buenos Aires,06,Tapalqué,06798,600,370,2405,6500
sorgo,2023,2023/2024,Buenos Aires,06,Tordillo,06812,100,0,0,0
sorgo,2023,2023/2024,Buenos Aires,06,Tornquist,06819,2000,2000,6000,3000
sorgo,2023,2023/2024,Buenos Aires,06,Trenque Lauquen,06826,522,522,2610,5000
sorgo,2023,2023/2024,Buenos Aires,06,Tres Arroyos,06833,183,0,0,0
sorgo,2023,2023/2024,Buenos Aires,06,Tres Lomas,06847,2500,500,1500,3000
sorgo,2023,2023/2024,Buenos Aires,06,Villarino,06875,700,0,0,0
sorgo,2023,2023/2024,Buenos Aires,06,Zárate,06882,100,100,580,5800
sorgo,2023,2023/2024,Catamarca,10,El Alto,10056,400,390,936,2400
sorgo,2023,2023/2024,Catamarca,10,Santa Rosa,10098,2600,1895,4548,2400
sorgo,2023,2023/2024,Chaco,22,12 de Octubre,22036,3500,3027,6659,2200
sorgo,2023,2023/2024,Chaco,22,2 de Abril,22039,3500,3170,5706,1800
sorgo,2023,2023/2024,Chaco,22,25 de Mayo,22168,900,820,2132,2600
sorgo,2023,2023/2024,Chaco,22,9 de Julio,22105,8000,7180,17232,2400
sorgo,2023,2023/2024,Chaco,22,Almirante Brown,22007,20000,19700,31520,1600
sorgo,2023,2023/2024,Chaco,22,Chacabuco,22028,4000,3500,7700,2200
sorgo,2023,2023/2024,Chaco,22,Comandante Fernández,22021,6000,5500,6600,1200
sorgo,2023,2023/2024,Chaco,22,Fray Justo Santa María de Oro,22043,5000,4412,7942,1800
sorgo,2023,2023/2024,Chaco,22,General Belgrano,22049,3500,3190,6061,1900
sorgo,2023,2023/2024,Chaco,22,General Güemes,22063,5000,4300,6020,1400
sorgo,2023,2023/2024,Chaco,22,Independencia,22070,9000,7500,12000,1600
sorgo,2023,2023/2024,Chaco,22,Libertador General San Martín,22084,1200,1100,1980,1800
sorgo,2023,2023/2024,Chaco,22,Maipú,22091,2000,1700,1530,900
sorgo,2023,2023/2024,Chaco,22,Mayor Luis J. Fontana,22098,3500,2830,6226,2200
sorgo,2023,2023/2024,Chaco,22,O'Higgins,22112,2500,2155,4310,2000
sorgo,2023,2023/2024,Chaco,22,Presidencia de la Plaza,22119,300,260,494,1900
sorgo,2023,2023/2024,Chaco,22,Quitilipi,22133,600,600,660,1100
sorgo,2023,2023/2024,Chaco,22,San Fernando,22140,300,270,486,1800
sorgo,2023,2023/2024,Chaco,22,San Lorenzo,22147,400,165,264,1600
sorgo,2023,2023/2024,Chaco,22,Sargento Cabral,22154,500,500,850,1700
sorgo,2023,2023/2024,Córdoba,14,Calamuchita,14007,1700,1700,8500,5000
sorgo,2023,2023/2024,Córdoba,14,Capital,14014,500,500,2500,5000
sorgo,2023,2023/2024,Córdoba,14,Colón,14021,1450,1000,5200,5200
sorgo,2023,2023/2024,Córdoba,14,Cruz del Eje,14028,100,100,480,4800
sorgo,2023,2023/2024,Córdoba,14,General Roca,14035,6207,4944,22742,4600
sorgo,2023,2023/2024,Córdoba,14,General San Martín,14042,6600,6600,31680,4800
sorgo,2023,2023/2024,Córdoba,14,Ischilín,14049,380,300,1200,4000
sorgo,2023,2023/2024,Córdoba,14,Juárez Celman,14056,2800,2800,12600,4500
sorgo,2023,2023/2024,Córdoba,14,Marcos Juárez,14063,4000,3600,19800,5500
sorgo,2023,2023/2024,Córdoba,14,Pocho,14077,450,450,1800,4000
sorgo,2023,2023/2024,Córdoba,14,Presidente Roque Sáenz Peña,14084,6549,3603,17294,4800
sorgo,2023,2023/2024,Córdoba,14,Río Cuarto,14098,17000,17000,76500,4500
sorgo,2023,2023/2024,Córdoba,14,Río Primero,14105,8300,7400,40700,5500
sorgo,2023,2023/2024,Córdoba,14,Río Seco,14112,1800,1400,4900,3500
sorgo,2023,2023/2024,Córdoba,14,Río Segundo,14119,3500,3500,15750,4500
sorgo,2023,2023/2024,Córdoba,14,San Justo,14140,26100,19300,115800,6000
sorgo,2023,2023/2024,Córdoba,14,Santa María,14147,2000,2000,9000,4500
sorgo,2023,2023/2024,Córdoba,14,Tercero Arriba,14161,3700,3700,18500,5000
sorgo,2023,2023/2024,Córdoba,14,Totoral,14168,3100,2620,11790,4500
sorgo,2023,2023/2024,Córdoba,14,Tulumba,14175,1450,1250,4750,3800
sorgo,2023,2023/2024,Córdoba,14,Unión,14182,17700,15950,70180,4400
sorgo,2023,2023/2024,Corrientes,18,Capital,18021,100,100,400,4000
sorgo,2023,2023/2024,Corrientes,18,Curuzu Cuatia,18035,1600,550,2200,4000
sorgo,2023,2023/2024,Corrientes,18,Goya,18070,900,400,1600,4000
sorgo,2023,2023/2024,Corrientes,18,Ituzaingó,18084,200,100,450,4500
sorgo,2023,2023/2024,Corrientes,18,Lavalle,18091,800,500,2000,4000
sorgo,2023,2023/2024,Corrientes,18,Paso de los Libres,18119,1000,400,1600,4000
sorgo,2023,2023/2024,Corrientes,18,San Luis del Palmar,18140,300,200,800,4000
sorgo,2023,2023/2024,Corrientes,18,San Martín,18147,300,150,600,4000
sorgo,2023,2023/2024,Corrientes,18,San Roque,18161,200,100,400,4000
sorgo,2023,2023/2024,Corrientes,18,Sauce,18175,300,200,800,4000
sorgo,2023,2023/2024,Entre Ríos,30,Colón,30008,600,540,2700,5000
sorgo,2023,2023/2024,Entre Ríos,30,Concordia,30015,3200,3200,13120,4100
sorgo,2023,2023/2024,Entre Ríos,30,Diamante,30021,2950,2150,10750,5000
sorgo,2023,2023/2024,Entre Ríos,30,Federación,30028,900,900,3960,4400
sorgo,2023,2023/2024,Entre Ríos,30,Federal,30035,4300,3600,18000,5000
sorgo,2023,2023/2024,Entre Ríos,30,Feliciano,30042,1500,1000,4800,4800
sorgo,2023,2023/2024,Entre Ríos,30,Gualeguay,30049,3000,2700,13500,5000
sorgo,2023,2023/2024,Entre Ríos,30,Gualeguaychú,30056,2500,2250,11250,5000
sorgo,2023,2023/2024,Entre Ríos,30,La Paz,30070,10500,9400,44180,4700
sorgo,2023,2023/2024,Entre Ríos,30,Nogoyá,30077,9000,8100,44550,5500
sorgo,2023,2023/2024,Entre Ríos,30,Paraná,30084,7500,5600,27440,4900
sorgo,2023,2023/2024,Entre Ríos,30,San Salvador,30088,600,530,2650,5000
sorgo,2023,2023/2024,Entre Ríos,30,Tala,30091,4000,3500,17500,5000
sorgo,2023,2023/2024,Entre Ríos,30,Uruguay,30098,2500,2250,11250,5000
sorgo,2023,2023/2024,Entre Ríos,30,Victoria,30105,3500,3120,15600,5000
sorgo,2023,2023/2024,Entre Ríos,30,Villaguay,30113,6000,5300,26500,5000
sorgo,2023,2023/2024,Formosa,34,Patiño,34035,3000,1000,3000,3000
sorgo,2023,2023/2024,Formosa,34,Pirané,34056,17000,2000,6000,3000
sorgo,2023,2023/2024,Jujuy,38,Dr. Manuel Belgrano,38021,40,40,120,3000
sorgo,2023,2023/2024,Jujuy,38,El Carmen,38014,200,200,600,3000
sorgo,2023,2023/2024,Jujuy,38,San Pedro,38063,2076,2076,6228,3000
sorgo,2023,2023/2024,Jujuy,38,Santa Bárbara,38070,567,284,852,3000
sorgo,2023,2023/2024,La Pampa,42,Atreucó,42007,2000,1917,6710,3500
sorgo,2023,2023/2024,La Pampa,42,Capital,42021,3000,571,1713,3000
sorgo,2023,2023/2024,La Pampa,42,Catriló,42028,600,470,1645,3500
sorgo,2023,2023/2024,La Pampa,42,Chapaleufú,42056,1200,1200,6000,5000
sorgo,2023,2023/2024,La Pampa,42,Conhelo,42035,4400,4400,17600,4000
sorgo,2023,2023/2024,La Pampa,42,Guatraché,42070,1000,900,2700,3000
sorgo,2023,2023/2024,La Pampa,42,Hucal,42077,3000,751,2253,3000
sorgo,2023,2023/2024,La Pampa,42,Maracó,42105,800,800,4000,5000
sorgo,2023,2023/2024,La Pampa,42,Realicó,42133,1000,1000,4500,4500
sorgo,2023,2023/2024,La Pampa,42,Toay,42140,3000,1413,4946,3500
sorgo,2023,2023/2024,La Pampa,42,Trenel,42147,900,900,3600,4000
sorgo,2023,2023/2024,La Pampa,42,Utracán,42154,2000,658,1974,3000
sorgo,2023,2023/2024,Salta,66,Anta,66007,18028,16398,49194,3000
sorgo,2023,2023/2024,Salta,66,Capital,66028,195,195,624,3200
sorgo,2023,2023/2024,Salta,66,Cerrillos,66035,50,50,150,3000
sorgo,2023,2023/2024,Salta,66,General Güemes,66049,830,747,2241,3000
sorgo,2023,2023/2024,Salta,66,General José de San Martín,66056,4988,4728,15130,3200
sorgo,2023,2023/2024,Salta,66,La Caldera,66077,15,15,53,3500
sorgo,2023,2023/2024,Salta,66,La Candelaria,66084,30,30,0,0
sorgo,2023,2023/2024,Salta,66,La Viña,66098,40,40,120,3000
sorgo,2023,2023/2024,Salta,66,Metán,66112,5729,5452,17446,3200
sorgo,2023,2023/2024,Salta,66,Orán,66126,4502,4502,13506,3000
sorgo,2023,2023/2024,Salta,66,Rivadavia,66133,2380,2380,7854,3300
sorgo,2023,2023/2024,Salta,66,Rosario de la Frontera,66140,2071,1891,6051,3200
sorgo,2023,2023/2024,San Luis,74,Ayacucho,74007,250,50,240,4800
sorgo,2023,2023/2024,San Luis,74,Chacabuco,74028,2100,800,2800,3500
sorgo,2023,2023/2024,San Luis,74,Coronel Pringles,74021,2000,700,2660,3800
sorgo,2023,2023/2024,San Luis,74,General Pedernera,74035,10500,7500,27000,3600
sorgo,2023,2023/2024,San Luis,74,Gobernador Dupuy,74042,4400,2700,9450,3500
sorgo,2023,2023/2024,San Luis,74,Juan Martín de Pueyrredón,74056,1100,500,1850,3700
sorgo,2023,2023/2024,San Luis,74,Junín,74049,300,180,576,3200
sorgo,2023,2023/2024,San Luis,74,Libertador General San Martín,74063,350,150,450,3000
sorgo,2023,2023/2024,Santa Fe,82,9 de Julio,82077,41600,25000,47500,1900
sorgo,2023,2023/2024,Santa Fe,82,Belgrano,82007,2579,2179,7627,3500
sorgo,2023,2023/2024,Santa Fe,82,Caseros,82014,8000,8000,46400,5800
sorgo,2023,2023/2024,Santa Fe,82,Castellanos,82021,22500,15200,91200,6000
sorgo,2023,2023/2024,Santa Fe,82,Garay,82035,300,100,500,5000
sorgo,2023,2023/2024,Santa Fe,82,General López,82042,5048,3548,18450,5200
sorgo,2023,2023/2024,Santa Fe,82,General Obligado,82049,9300,6500,16250,2500
sorgo,2023,2023/2024,Santa Fe,82,Iriondo,82056,4748,4148,16592,4000
sorgo,2023,2023/2024,Santa Fe,82,La Capital,82063,1100,700,3850,5500
sorgo,2023,2023/2024,Santa Fe,82,Las Colonias,82070,11400,7100,44730,6300
sorgo,2023,2023/2024,Santa Fe,82,Rosario,82084,6000,6000,33000,5500
sorgo,2023,2023/2024,Santa Fe,82,San Cristóbal,82091,29000,20000,110000,5500
sorgo,2023,2023/2024,Santa Fe,82,San Javier,82098,2100,1500,3750,2500
sorgo,2023,2023/2024,Santa Fe,82,San Jerónimo,82105,6673,5673,25529,4500
sorgo,2023,2023/2024,Santa Fe,82,San Justo,82112,12700,9700,55290,5700
sorgo,2023,2023/2024,Santa Fe,82,San Lorenzo,82119,8000,8000,44000,5500
sorgo,2023,2023/2024,Santa Fe,82,San Martín,82126,11000,9500,33250,3500
sorgo,2023,2023/2024,Santa Fe,82,Vera,82133,3900,1900,4180,2200
sorgo,2023,2023/2024,Santa Fe,82,Villa Constitución,82028,10000,10000,60000,6000
sorgo,2023,2023/2024,Santiago del Estero,86,Aguirre,86007,5500,3520,9856,2800
sorgo,2023,2023/2024,Santiago del Estero,86,Alberdi,86014,5000,3420,6156,1800
sorgo,2023,2023/2024,Santiago del Estero,86,Atamisqui,86021,500,0,0,0
sorgo,2023,2023/2024,Santiago del Estero,86,Avellaneda,86028,3100,2610,6786,2600
sorgo,2023,2023/2024,Santiago del Estero,86,Banda,86035,4000,3200,12800,4000
sorgo,2023,2023/2024,Santiago del Estero,86,Belgrano,86042,7800,5210,16151,3100
sorgo,2023,2023/2024,Santiago del Estero,86,Capital,86049,3500,3400,15300,4500
sorgo,2023,2023/2024,Santiago del Estero,86,Choya,86063,5000,4794,19176,4000
sorgo,2023,2023/2024,Santiago del Estero,86,Copo,86056,6100,5170,13442,2600
sorgo,2023,2023/2024,Santiago del Estero,86,Figueroa,86070,2000,1597,3993,2500
sorgo,2023,2023/2024,Santiago del Estero,86,General Taboada,86077,11500,8630,28479,3300
sorgo,2023,2023/2024,Santiago del Estero,86,Guasayán,86084,5000,3700,18500,5000
sorgo,2023,2023/2024,Santiago del Estero,86,Jiménez,86091,6000,4750,19000,4000
sorgo,2023,2023/2024,Santiago del Estero,86,Juan F. Ibarra,86098,9500,6900,20700,3000
sorgo,2023,2023/2024,Santiago del Estero,86,Loreto,86105,2500,1940,5432,2800
sorgo,2023,2023/2024,Santiago del Estero,86,Mitre,86112,6500,5200,13000,2500
sorgo,2023,2023/2024,Santiago del Estero,86,Moreno,86119,24500,16640,39936,2400
sorgo,2023,2023/2024,Santiago del Estero,86,Ojo de Agua,86126,1000,800,1760,2200
sorgo,2023,2023/2024,Santiago del Estero,86,Pellegrini,86133,6500,5194,15582,3000
sorgo,2023,2023/2024,Santiago del Estero,86,Quebrachos,86140,3000,2375,5938,2500
sorgo,2023,2023/2024,Santiago del Estero,86,Río Hondo,86147,4000,3190,11165,3500
sorgo,2023,2023/2024,Santiago del Estero,86,Rivadavia,86154,2400,1160,3480,3000
sorgo,2023,2023/2024,Santiago del Estero,86,Robles,86161,3000,2370,8295,3500
sorgo,2023,2023/2024,Santiago del Estero,86,San Martín,86175,4000,3195,11183,3500
sorgo,2023,2023/2024,Santiago del Estero,86,Sarmiento,86182,1050,540,1296,2400
sorgo,2023,2023/2024,Santiago del Estero,86,Silípica,86189,2500,1970,6895,3500
sorgo,2023,2023/2024,Tucumán,90,Burruyacú,90007,4600,4430,10632,2400
sorgo,2023,2023/2024,Tucumán,90,Cruz Alta,90014,1200,1080,2484,2300
sorgo,2023,2023/2024,Tucumán,90,Graneros,90035,1000,915,1830,2000
sorgo,2023,2023/2024,Tucumán,90,La Cocha,90049,120,10,22,2200
sorgo,2023,2023/2024,Tucumán,90,Leales,90056,2400,2130,4899,2300
sorgo,2023,2023/2024,Tucumán,90,Simoca,90091,150,150,330,2200
sorgo,2023,2023/2024,Tucumán,90,Tafí Viejo,90105,30,30,69,2300
sorgo,2023,2023/2024,Tucumán,90,Trancas,90112,450,0,0,0
sorgo,2024,2024/2025,Buenos Aires,06,25 de Mayo,06854,1484,883,4152,4702
sorgo,2024,2024/2025,Buenos Aires,06,9 de Julio,06588,500,195,780,4000
sorgo,2024,2024/2025,Buenos Aires,06,Adolfo Alsina,06007,3000,1000,3000,3000
sorgo,2024,2024/2025,Buenos Aires,06,Adolfo Gonzales Chaves,06014,743,0,0,0
sorgo,2024,2024/2025,Buenos Aires,06,Alberti,06021,100,50,200,4000
sorgo,2024,2024/2025,Buenos Aires,06,Arrecifes,06077,500,500,2900,5800
sorgo,2024,2024/2025,Buenos Aires,06,Ayacucho,06042,500,0,0,0
sorgo,2024,2024/2025,Buenos Aires,06,Bahía Blanca,06056,4000,0,0,0
sorgo,2024,2024/2025,Buenos Aires,06,Baradero,06070,550,550,3135,5700
sorgo,2024,2024/2025,Buenos Aires,06,Bolívar,06105,1250,875,4813,5501
sorgo,2024,2024/2025,Buenos Aires,06,Bragado,06112,300,200,800,4000
sorgo,2024,2024/2025,Buenos Aires,06,Brandsen,06119,2000,800,4400,5500
sorgo,2024,2024/2025,Buenos Aires,06,Campana,06126,200,200,1160,5800
sorgo,2024,2024/2025,Buenos Aires,06,Cañuelas,06134,2000,900,4950,5500
sorgo,2024,2024/2025,Buenos Aires,06,Capitán Sarmiento,06140,500,500,2900,5800
sorgo,2024,2024/2025,Buenos Aires,06,Carlos Casares,06147,107,107,696,6505
sorgo,2024,2024/2025,Buenos Aires,06,Carlos Tejedor,06154,768,768,3840,5000
sorgo,2024,2024/2025,Buenos Aires,06,Carmen de Areco,06161,1000,1000,3500,3500
sorgo,2024,2024/2025,Buenos Aires,06,Chacabuco,06210,1400,1400,5320,3800
sorgo,2024,2024/2025,Buenos Aires,06,Chascomús,06217,2000,800,4400,5500
sorgo,2024,2024/2025,Buenos Aires,06,Chivilcoy,06224,350,200,800,4000
sorgo,2024,2024/2025,Buenos Aires,06,Colón,06175,450,450,2700,6000
sorgo,2024,2024/2025,Buenos Aires,06,Coronel de Marina Leonardo Rosales,06182,3500,0,0,0
sorgo,2024,2024/2025,Buenos Aires,06,Coronel Dorrego,06189,1142,0,0,0
sorgo,2024,2024/2025,Buenos Aires,06,Coronel Pringles,06196,1359,0,0,0
sorgo,2024,2024/2025,Buenos Aires,06,Coronel Suárez,06203,2000,2000,10000,5000
sorgo,2024,2024/2025,Buenos Aires,06,Daireaux,06231,900,630,3150,5000
sorgo,2024,2024/2025,Buenos Aires,06,Exaltación de la Cruz,06266,100,100,570,5700
sorgo,2024,2024/2025,Buenos Aires,06,Florentino Ameghino,06277,4000,2700,12150,4500
sorgo,2024,2024/2025,Buenos Aires,06,General Alvear,06287,300,210,1050,5000
sorgo,2024,2024/2025,Buenos Aires,06,General Arenales,06294,500,500,2000,4000
sorgo,2024,2024/2025,Buenos Aires,06,General Belgrano,06301,482,287,1200,4181
sorgo,2024,2024/2025,Buenos Aires,06,General Guido,06308,100,0,0,0
sorgo,2024,2024/2025,Buenos Aires,06,General Juan Madariaga,06315,100,0,0,0
sorgo,2024,2024/2025,Buenos Aires,06,General La Madrid,06322,2000,2000,8000,4000
sorgo,2024,2024/2025,Buenos Aires,06,General Las Heras,06329,1500,500,2750,5500
sorgo,2024,2024/2025,Buenos Aires,06,General Paz,06343,800,400,2200,5500
sorgo,2024,2024/2025,Buenos Aires,06,General Pinto,06351,3000,2300,10235,4450
sorgo,2024,2024/2025,Buenos Aires,06,General Viamonte,06385,3500,2700,12690,4700
sorgo,2024,2024/2025,Buenos Aires,06,General Villegas,06392,9000,6000,26400,4400
sorgo,2024,2024/2025,Buenos Aires,06,Guaminí,06399,2000,700,2030,2900
sorgo,2024,2024/2025,Buenos Aires,06,Hipólito Yrigoyen,06406,200,140,700,5000
sorgo,2024,2024/2025,Buenos Aires,06,Junín,06413,1700,1700,6800,4000
sorgo,2024,2024/2025,Buenos Aires,06,La Plata,06441,150,50,275,5500
sorgo,2024,2024/2025,Buenos Aires,06,Laprida,06448,816,0,0,0
sorgo,2024,2024/2025,Buenos Aires,06,Las Flores,06455,918,546,2432,4454
sorgo,2024,2024/2025,Buenos Aires,06,Leandro N. Alem,06462,2000,1700,7820,4600
sorgo,2024,2024/2025,Buenos Aires,06,Lezama,06466,1000,200,1100,5500
sorgo,2024,2024/2025,Buenos Aires,06,Lincoln,06469,6500,3500,16275,4650
sorgo,2024,2024/2025,Buenos Aires,06,Lobos,06483,1052,626,2944,4703
sorgo,2024,2024/2025,Buenos Aires,06,Luján,06497,1100,800,4400,5500
sorgo,2024,2024/2025,Buenos Aires,06,Magdalena,06505,950,450,2475,5500
sorgo,2024,2024/2025,Buenos Aires,06,Maipú,06511,100,0,0,0
sorgo,2024,2024/2025,Buenos Aires,06,Mar Chiquita,06518,500,0,0,0
sorgo,2024,2024/2025,Buenos Aires,06,Marcos Paz,06525,850,450,2475,5500
sorgo,2024,2024/2025,Buenos Aires,06,Mercedes,06532,200,150,450,3000
sorgo,2024,2024/2025,Buenos Aires,06,Monte,06547,474,282,1326,4702
sorgo,2024,2024/2025,Buenos Aires,06,Navarro,06574,422,251,1118,4454
sorgo,2024,2024/2025,Buenos Aires,06,Necochea,06581,558,0,0,0
sorgo,2024,2024/2025,Buenos Aires,06,Olavarría,06595,400,280,1680,6000
sorgo,2024,2024/2025,Buenos Aires,06,Patagones,06602,3000,0,0,0
sorgo,2024,2024/2025,Buenos Aires,06,Pehuajó,06609,768,768,4224,5500
sorgo,2024,2024/2025,Buenos Aires,06,Pellegrini,06616,1500,500,1600,3200
sorgo,2024,2024/2025,Buenos Aires,06,Pergamino,06623,4000,4000,23200,5800
sorgo,2024,2024/2025,Buenos Aires,06,Pila,06630,100,0,0,0
sorgo,2024,2024/2025,Buenos Aires,06,Pilar,06638,700,500,2750,5500
sorgo,2024,2024/2025,Buenos Aires,06,Puán,06651,2000,2000,6000,3000
sorgo,2024,2024/2025,Buenos Aires,06,Punta Indio,06655,1100,600,3300,5500
sorgo,2024,2024/2025,Buenos Aires,06,Ramallo,06665,950,950,5415,5700
sorgo,2024,2024/2025,Buenos Aires,06,Rauch,06672,400,0,0,0
sorgo,2024,2024/2025,Buenos Aires,06,Rivadavia,06679,627,627,2822,4501
sorgo,2024,2024/2025,Buenos Aires,06,Rojas,06686,2000,2000,8400,4200
sorgo,2024,2024/2025,Buenos Aires,06,Roque Pérez,06693,750,446,1987,4455
sorgo,2024,2024/2025,Buenos Aires,06,Saavedra,06700,2000,2000,6000,3000
sorgo,2024,2024/2025,Buenos Aires,06,Saladillo,06707,1669,993,4670,4703
sorgo,2024,2024/2025,Buenos Aires,06,Salliqueló,06721,1000,500,1500,3000
sorgo,2024,2024/2025,Buenos Aires,06,Salto,06714,300,300,1800,6000
sorgo,2024,2024/2025,Buenos Aires,06,San Andrés de Giles,06728,800,800,2800,3500
sorgo,2024,2024/2025,Buenos Aires,06,San Antonio de Areco,06735,200,200,1160,5800
sorgo,2024,2024/2025,Buenos Aires,06,San Cayetano,06742,457,0,0,0
sorgo,2024,2024/2025,Buenos Aires,06,San Nicolás,06763,2100,2100,12390,5900
sorgo,2024,2024/2025,Buenos Aires,06,San Pedro,06770,450,450,2520,5600
sorgo,2024,2024/2025,Buenos Aires,06,San Vicente,06778,850,550,3025,5500
sorgo,2024,2024/2025,Buenos Aires,06,Suipacha,06784,100,0,0,0
sorgo,2024,2024/2025,Buenos Aires,06,Tapalqué,06798,300,210,1050,5000
sorgo,2024,2024/2025,Buenos Aires,06,Tornquist,06819,1000,1000,3000,3000
sorgo,2024,2024/2025,Buenos Aires,06,Trenque Lauquen,06826,402,402,2010,5000
sorgo,2024,2024/2025,Buenos Aires,06,Tres Arroyos,06833,250,0,0,0
sorgo,2024,2024/2025,Buenos Aires,06,Tres Lomas,06847,1500,750,2250,3000
sorgo,2024,2024/2025,Buenos Aires,06,Villarino,06875,5000,0,0,0
sorgo,2024,2024/2025,Buenos Aires,06,Zárate,06882,100,100,580,5800
sorgo,2024,2024/2025,Catamarca,10,El Alto,10056,580,460,920,2000
sorgo,2024,2024/2025,Catamarca,10,Santa Rosa,10098,1900,1590,3975,2500
sorgo,2024,2024/2025,Chaco,22,12 de Octubre,22036,6000,3500,4900,1400
sorgo,2024,2024/2025,Chaco,22,2 de Abril,22039,8000,5100,7140,1400
sorgo,2024,2024/2025,Chaco,22,25 de Mayo,22168,450,300,540,1800
sorgo,2024,2024/2025,Chaco,22,9 de Julio,22105,12000,6900,9660,1400
sorgo,2024,2024/2025,Chaco,22,Almirante Brown,22007,22500,15500,27900,1800
sorgo,2024,2024/2025,Chaco,22,Chacabuco,22028,7000,3400,4760,1400
sorgo,2024,2024/2025,Chaco,22,Comandante Fernández,22021,5500,3000,3600,1200
sorgo,2024,2024/2025,Chaco,22,Fray Justo Santa María de Oro,22043,5000,2400,3360,1400
sorgo,2024,2024/2025,Chaco,22,General Belgrano,22049,7000,3400,5440,1600
sorgo,2024,2024/2025,Chaco,22,General Güemes,22063,3000,1800,4320,2400
sorgo,2024,2024/2025,Chaco,22,Independencia,22070,6000,4000,5600,1400
sorgo,2024,2024/2025,Chaco,22,Libertador General San Martín,22084,2000,1700,4930,2900
sorgo,2024,2024/2025,Chaco,22,Maipú,22091,3800,2900,4350,1500
sorgo,2024,2024/2025,Chaco,22,Mayor Luis J. Fontana,22098,5000,1400,1960,1400
sorgo,2024,2024/2025,Chaco,22,O'Higgins,22112,4000,2400,3600,1500
sorgo,2024,2024/2025,Chaco,22,Presidencia de la Plaza,22119,200,0,0,0
sorgo,2024,2024/2025,Chaco,22,Quitilipi,22133,400,300,450,1500
sorgo,2024,2024/2025,Chaco,22,San Lorenzo,22147,1000,400,480,1200
sorgo,2024,2024/2025,Chaco,22,Sargento Cabral,22154,500,460,1472,3200
sorgo,2024,2024/2025,Córdoba,14,Calamuchita,14007,600,600,2700,4500
sorgo,2024,2024/2025,Córdoba,14,Capital,14014,600,600,3000,5000
sorgo,2024,2024/2025,Córdoba,14,Colón,14021,1150,1050,5670,5400
sorgo,2024,2024/2025,Córdoba,14,Cruz del Eje,14028,100,100,550,5500
sorgo,2024,2024/2025,Córdoba,14,General Roca,14035,6310,3929,18073,4600
sorgo,2024,2024/2025,Córdoba,14,General San Martín,14042,13000,13000,65000,5000
sorgo,2024,2024/2025,Córdoba,14,Ischilín,14049,1055,895,3580,4000
sorgo,2024,2024/2025,Córdoba,14,Juárez Celman,14056,6000,6000,27000,4500
sorgo,2024,2024/2025,Córdoba,14,Marcos Juárez,14063,10800,10200,54060,5300
sorgo,2024,2024/2025,Córdoba,14,Pocho,14077,450,450,1800,4000
sorgo,2024,2024/2025,Córdoba,14,Presidente Roque Sáenz Peña,14084,5597,5597,26866,4800
sorgo,2024,2024/2025,Córdoba,14,Río Cuarto,14098,10800,10800,48600,4500
sorgo,2024,2024/2025,Córdoba,14,Río Primero,14105,18300,16450,80605,4900
sorgo,2024,2024/2025,Córdoba,14,Río Seco,14112,850,450,1710,3800
sorgo,2024,2024/2025,Córdoba,14,Río Segundo,14119,10500,10500,55650,5300
sorgo,2024,2024/2025,Córdoba,14,San Alberto,14126,100,100,400,4000
sorgo,2024,2024/2025,Córdoba,14,San Justo,14140,64920,52420,319762,6100
sorgo,2024,2024/2025,Córdoba,14,Santa María,14147,4000,4000,22000,5500
sorgo,2024,2024/2025,Córdoba,14,Tercero Arriba,14161,8000,8000,44000,5500
sorgo,2024,2024/2025,Córdoba,14,Totoral,14168,5000,4120,18540,4500
sorgo,2024,2024/2025,Córdoba,14,Tulumba,14175,4600,3180,13356,4200
sorgo,2024,2024/2025,Córdoba,14,Unión,14182,18900,14850,65340,4400
sorgo,2024,2024/2025,Corrientes,18,Capital,18021,100,0,0,0
sorgo,2024,2024/2025,Corrientes,18,Concepción,18028,100,0,0,0
sorgo,2024,2024/2025,Corrientes,18,Curuzu Cuatia,18035,1600,550,1925,3500
sorgo,2024,2024/2025,Corrientes,18,Goya,18070,1000,500,1750,3500
sorgo,2024,2024/2025,Corrientes,18,Lavalle,18091,800,500,1750,3500
sorgo,2024,2024/2025,Corrientes,18,Paso de los Libres,18119,1000,400,1400,3500
sorgo,2024,2024/2025,Corrientes,18,Saladas,18126,100,100,350,3500
sorgo,2024,2024/2025,Corrientes,18,San Luis del Palmar,18140,300,200,700,3500
sorgo,2024,2024/2025,Corrientes,18,San Martín,18147,300,150,525,3500
sorgo,2024,2024/2025,Corrientes,18,San Roque,18161,300,200,700,3500
sorgo,2024,2024/2025,Corrientes,18,Sauce,18175,400,200,700,3500
sorgo,2024,2024/2025,Entre Ríos,30,Colón,30008,1300,1170,4212,3600
sorgo,2024,2024/2025,Entre Ríos,30,Concordia,30015,3400,3400,17680,5200
sorgo,2024,2024/2025,Entre Ríos,30,Diamante,30021,5600,4800,27360,5700
sorgo,2024,2024/2025,Entre Ríos,30,Federación,30028,900,900,4680,5200
sorgo,2024,2024/2025,Entre Ríos,30,Federal,30035,5400,4700,24440,5200
sorgo,2024,2024/2025,Entre Ríos,30,Feliciano,30042,2100,1600,8000,5000
sorgo,2024,2024/2025,Entre Ríos,30,Gualeguay,30049,2900,2600,9360,3600
sorgo,2024,2024/2025,Entre Ríos,30,Gualeguaychú,30056,3800,3400,12240,3600
sorgo,2024,2024/2025,Entre Ríos,30,La Paz,30070,16000,14900,83440,5600
sorgo,2024,2024/2025,Entre Ríos,30,Nogoyá,30077,14000,12600,45360,3600
sorgo,2024,2024/2025,Entre Ríos,30,Paraná,30084,17000,15100,83050,5500
sorgo,2024,2024/2025,Entre Ríos,30,San Salvador,30088,2300,2100,7560,3600
sorgo,2024,2024/2025,Entre Ríos,30,Tala,30091,5500,4950,17820,3600
sorgo,2024,2024/2025,Entre Ríos,30,Uruguay,30098,3300,3000,10800,3600
sorgo,2024,2024/2025,Entre Ríos,30,Victoria,30105,5500,4950,17820,3600
sorgo,2024,2024/2025,Entre Ríos,30,Villaguay,30113,19500,17600,63360,3600
sorgo,2024,2024/2025,Formosa,34,Patiño,34035,1600,240,840,3500
sorgo,2024,2024/2025,Formosa,34,Pilagás,34042,500,75,263,3507
sorgo,2024,2024/2025,Formosa,34,Pirané,34056,3000,450,1575,3500
sorgo,2024,2024/2025,Jujuy,38,Dr. Manuel Belgrano,38021,42,37,133,3595
sorgo,2024,2024/2025,Jujuy,38,El Carmen,38014,210,200,720,3600
sorgo,2024,2024/2025,Jujuy,38,San Pedro,38063,1600,1520,5472,3600
sorgo,2024,2024/2025,Jujuy,38,Santa Bárbara,38070,400,380,1368,3600
sorgo,2024,2024/2025,La Pampa,42,Atreucó,42007,2000,1000,3500,3500
sorgo,2024,2024/2025,La Pampa,42,Capital,42021,3000,1000,3500,3500
sorgo,2024,2024/2025,La Pampa,42,Catriló,42028,600,100,350,3500
sorgo,2024,2024/2025,La Pampa,42,Chapaleufú,42056,1100,715,2860,4000
sorgo,2024,2024/2025,La Pampa,42,Conhelo,42035,1600,1040,3120,3000
sorgo,2024,2024/2025,La Pampa,42,Guatraché,42070,1000,600,1800,3000
sorgo,2024,2024/2025,La Pampa,42,Hucal,42077,3000,1000,3000,3000
sorgo,2024,2024/2025,La Pampa,42,Maracó,42105,800,520,1820,3500
sorgo,2024,2024/2025,La Pampa,42,Quemú Quemú,42119,2930,1905,6668,3500
sorgo,2024,2024/2025,La Pampa,42,Rancul,42126,2400,1560,5460,3500
sorgo,2024,2024/2025,La Pampa,42,Realicó,42133,1000,650,2275,3500
sorgo,2024,2024/2025,La Pampa,42,Toay,42140,3000,1000,3000,3000
sorgo,2024,2024/2025,La Pampa,42,Trenel,42147,1960,1275,3825,3000
sorgo,2024,2024/2025,La Pampa,42,Utracán,42154,2000,1000,3000,3000
sorgo,2024,2024/2025,Salta,66,Anta,66007,22610,18571,46428,2500
sorgo,2024,2024/2025,Salta,66,General Güemes,66049,500,500,1200,2400
sorgo,2024,2024/2025,Salta,66,General José de San Martín,66056,6250,6050,15730,2600
sorgo,2024,2024/2025,Salta,66,La Candelaria,66084,140,140,364,2600
sorgo,2024,2024/2025,Salta,66,Metán,66112,2200,2050,5330,2600
sorgo,2024,2024/2025,Salta,66,Orán,66126,1675,1675,4188,2500
sorgo,2024,2024/2025,Salta,66,Rivadavia,66133,200,150,375,2500
sorgo,2024,2024/2025,Salta,66,Rosario de la Frontera,66140,2500,2250,5625,2500
sorgo,2024,2024/2025,San Luis,74,Ayacucho,74007,400,100,420,4200
sorgo,2024,2024/2025,San Luis,74,Chacabuco,74028,2450,1150,3680,3200
sorgo,2024,2024/2025,San Luis,74,Coronel Pringles,74021,2400,1100,3520,3200
sorgo,2024,2024/2025,San Luis,74,General Pedernera,74035,9000,6200,22320,3600
sorgo,2024,2024/2025,San Luis,74,Gobernador Dupuy,74042,6000,3400,10880,3200
sorgo,2024,2024/2025,San Luis,74,Juan Martín de Pueyrredón,74056,1100,500,1600,3200
sorgo,2024,2024/2025,San Luis,74,Junín,74049,350,220,814,3700
sorgo,2024,2024/2025,San Luis,74,Libertador General San Martín,74063,450,270,891,3300
sorgo,2024,2024/2025,Santa Fe,82,9 de Julio,82077,36000,14400,30240,2100
sorgo,2024,2024/2025,Santa Fe,82,Belgrano,82007,1914,1914,8613,4500
sorgo,2024,2024/2025,Santa Fe,82,Caseros,82014,6000,6000,39000,6500
sorgo,2024,2024/2025,Santa Fe,82,Castellanos,82021,31000,16000,86400,5400
sorgo,2024,2024/2025,Santa Fe,82,Garay,82035,300,150,675,4500
sorgo,2024,2024/2025,Santa Fe,82,General López,82042,5235,4935,28623,5800
sorgo,2024,2024/2025,Santa Fe,82,General Obligado,82049,8000,3800,11400,3000
sorgo,2024,2024/2025,Santa Fe,82,Iriondo,82056,5604,5404,24318,4500
sorgo,2024,2024/2025,Santa Fe,82,La Capital,82063,2000,1750,8225,4700
sorgo,2024,2024/2025,Santa Fe,82,Las Colonias,82070,19500,12500,66250,5300
sorgo,2024,2024/2025,Santa Fe,82,Rosario,82084,2500,2500,15000,6000
sorgo,2024,2024/2025,Santa Fe,82,San Cristóbal,82091,56500,21000,84000,4000
sorgo,2024,2024/2025,Santa Fe,82,San Javier,82098,1850,1150,2875,2500
sorgo,2024,2024/2025,Santa Fe,82,San Jerónimo,82105,6645,6145,29496,4800
sorgo,2024,2024/2025,Santa Fe,82,San Justo,82112,13000,7700,34650,4500
sorgo,2024,2024/2025,Santa Fe,82,San Lorenzo,82119,2500,2500,15000,6000
sorgo,2024,2024/2025,Santa Fe,82,San Martín,82126,11154,9754,48770,5000
sorgo,2024,2024/2025,Santa Fe,82,Vera,82133,6000,4200,9240,2200
sorgo,2024,2024/2025,Santa Fe,82,Villa Constitución,82028,7000,7000,42000,6000
sorgo,2024,2024/2025,Santiago del Estero,86,Aguirre,86007,9700,8660,17320,2000
sorgo,2024,2024/2025,Santiago del Estero,86,Alberdi,86014,7100,3660,5124,1400
sorgo,2024,2024/2025,Santiago del Estero,86,Atamisqui,86021,550,300,1350,4500
sorgo,2024,2024/2025,Santiago del Estero,86,Avellaneda,86028,4350,4190,9218,2200
sorgo,2024,2024/2025,Santiago del Estero,86,Banda,86035,3300,2210,9945,4500
sorgo,2024,2024/2025,Santiago del Estero,86,Belgrano,86042,7160,5930,16604,2800
sorgo,2024,2024/2025,Santiago del Estero,86,Capital,86049,3850,3730,15666,4200
sorgo,2024,2024/2025,Santiago del Estero,86,Choya,86063,5500,3690,16605,4500
sorgo,2024,2024/2025,Santiago del Estero,86,Copo,86056,8400,7020,11934,1700
sorgo,2024,2024/2025,Santiago del Estero,86,Figueroa,86070,2200,1480,5920,4000
sorgo,2024,2024/2025,Santiago del Estero,86,General Taboada,86077,10650,7290,21141,2900
sorgo,2024,2024/2025,Santiago del Estero,86,Guasayán,86084,5500,3670,16515,4500
sorgo,2024,2024/2025,Santiago del Estero,86,Jiménez,86091,6600,4470,17880,4000
sorgo,2024,2024/2025,Santiago del Estero,86,Juan F. Ibarra,86098,10070,6960,12528,1800
sorgo,2024,2024/2025,Santiago del Estero,86,Loreto,86105,2750,2750,11825,4300
sorgo,2024,2024/2025,Santiago del Estero,86,Mitre,86112,7150,7150,28600,4000
sorgo,2024,2024/2025,Santiago del Estero,86,Moreno,86119,22900,14060,22496,1600
sorgo,2024,2024/2025,Santiago del Estero,86,Ojo de Agua,86126,1100,835,3758,4501
sorgo,2024,2024/2025,Santiago del Estero,86,Pellegrini,86133,7150,5100,20400,4000
sorgo,2024,2024/2025,Santiago del Estero,86,Quebrachos,86140,3300,2330,9320,4000
sorgo,2024,2024/2025,Santiago del Estero,86,Río Hondo,86147,4400,3170,12680,4000
sorgo,2024,2024/2025,Santiago del Estero,86,Rivadavia,86154,3380,2290,5267,2300
sorgo,2024,2024/2025,Santiago del Estero,86,Robles,86161,3300,2190,8760,4000
sorgo,2024,2024/2025,Santiago del Estero,86,San Martín,86175,4400,3205,12820,4000
sorgo,2024,2024/2025,Santiago del Estero,86,Sarmiento,86182,1410,1300,2730,2100
sorgo,2024,2024/2025,Santiago del Estero,86,Silípica,86189,2750,2355,9420,4000
sorgo,2024,2024/2025,Tucumán,90,Burruyacú,90007,8500,6500,15600,2400
sorgo,2024,2024/2025,Tucumán,90,Cruz Alta,90014,1900,1600,3840,2400
sorgo,2024,2024/2025,Tucumán,90,Graneros,90035,2000,1700,3740,2200
sorgo,2024,2024/2025,Tucumán,90,La Cocha,90049,1000,800,2000,2500
sorgo,2024,2024/2025,Tucumán,90,Leales,90056,4000,3650,8760,2400
sorgo,2024,2024/2025,Tucumán,90,Simoca,90091,250,200,500,2500
sorgo,2024,2024/2025,Tucumán,90,Trancas,90112,350,0,0,0
